gene,baseMean,log2FoldChange,stat,pvalue,padj
gene_9,2394.111349902713,1.9584189905850278,17.554899772310762,0.002493765542327713,0.017624011938404925
gene_10,599.1904487884245,-2.6776315978106906,-22.007294351123917,0.0002497812543554944,0.004306573350956799
gene_15,2283.04967489539,1.7832907530397504,19.598710217681028,0.00028700612176987356,0.004743902839171464
gene_17,2081.2759146754606,1.7658910238302148,30.354996226871084,1.7775271065506844e-05,0.0015634604101918035
gene_36,1821.053900612868,1.322170912152864,19.07798813326701,5.2172197048321834e-05,0.0018206094159293731
gene_42,2327.0971788843876,1.561999037895568,11.931450209350663,0.0007225678866845212,0.008118740299826082
gene_55,2427.5143293392653,1.7825559867769498,28.979867252560712,2.2266428377261862e-05,0.0015634604101918035
gene_61,1515.781107043975,1.081627871767269,13.62711108208232,0.00479709791241592,0.026684901806686496
gene_68,2330.889925431339,1.7027230415542771,15.422626298123445,0.0011389236530821448,0.010744562764925894
gene_70,1783.0224884983604,1.156389706896335,7.179719230644939,0.0027353364907365526,0.01886438959128657
gene_74,504.74991840846695,-2.192999062075928,-18.672090866177424,5.2797673061951824e-05,0.0018206094159293731
gene_78,2021.2121021558332,1.3310618762430722,9.792869241030852,0.001521939160911193,0.012735892559926302
gene_80,628.1836847420418,-2.6633848976597476,-38.90690766685419,5.366315730017287e-06,0.0010732631460034575
gene_129,2357.5497507628756,1.8577138960919555,10.99347814850752,0.00611907215388561,0.031457319634725325
gene_136,2495.7243219957236,2.0089093467881387,27.877035108188338,1.0237332889712575e-05,0.001301607458600403
gene_142,682.23664212112,-1.868605659569948,-8.467230378551873,0.0015843038210661359,0.01309342000881104
gene_153,1695.391161158926,1.4068419780055075,11.092564258178763,0.0007271595551009376,0.008124687766490923
gene_166,1675.9095812117368,1.206726778320033,10.414834010932967,0.0006204239071313628,0.007256419966448687
gene_169,652.7627464474716,-2.5094439999836933,-12.849695849080181,0.0005590917877416466,0.006736045635441525
gene_186,1536.133009404819,1.0452614778029177,16.09405965930886,0.00013673281420351012,0.0031496890280383718
gene_187,1928.9581549293544,1.3762949843259382,12.269524953521353,0.002966426068060887,0.0199132826937085
gene_194,1589.4573205245645,1.1146262138120944,8.31245521632498,0.0011840086795473499,0.010963043329142129
gene_196,1874.1366333443616,1.4129494772386682,26.761825551338564,5.2293728379977246e-05,0.0018206094159293731
gene_218,2171.0339646021257,1.9578786934947265,13.06072228885273,0.004523775286361013,0.026050802497525144
gene_228,2382.4589025275795,1.79864333521794,15.322290322338999,0.0003847302252342966,0.005401469170000248
gene_239,564.2077588042996,-3.3738094496720574,-19.952899964114827,0.0023507327723236216,0.017096540868972047
gene_240,497.82225450065863,-3.2740113149713452,-36.82254909841315,1.1737110716735238e-05,0.0013041234129705821
gene_241,1774.9633470278382,1.330027545089151,24.887367298791872,0.0006636036962181486,0.007627628692162628
gene_245,2063.4798786418883,1.4474643286089741,10.57662250538268,0.0025374492618307253,0.017869360998807926
gene_271,1541.4936722262953,1.1201750384918072,5.2414441651137516,0.009578578286445594,0.0420037596669144
gene_274,1672.3526427731108,1.2054158017608199,16.093404220768385,0.0011513658484625406,0.01081094693392057
gene_276,2053.8003470481303,1.7036669321021312,14.6007639345311,0.00036341081969747823,0.00519998322256179
gene_278,2059.3936020139618,1.8537420216251166,11.986591821298578,0.004091662322547414,0.024282862448352607
gene_279,540.1956314929089,-2.9769964192944336,-22.342189360765435,3.067723962359979e-05,0.0016467140750793074
gene_281,586.0460962627544,-2.6847763886099667,-27.57881208689892,1.0412859668803225e-05,0.001301607458600403
gene_282,620.5274784567875,-2.7732878486047836,-19.132866686203265,0.0024536439516107972,0.01752602822579141
gene_294,1762.3490396218378,1.402938931985288,26.370843581899802,0.0007846620855293972,0.008615469223535881
gene_309,2235.6699893030896,1.847407154213701,29.77795856404934,8.995762955813298e-06,0.001301607458600403
gene_310,1827.7957891098558,1.4670939658970212,12.436213492207516,0.00045216507139135597,0.005693527177944054
gene_316,654.4508446970012,-1.9043337407864127,-17.779186770337297,6.484677588355065e-05,0.0020918314801145373
gene_333,2352.21721551279,1.6699413473046067,14.4075567753962,0.0015365617013173623,0.012804680844311354
gene_344,2346.924120083645,1.6097053023960364,11.78290066556598,0.001202847007964,0.01108614753883871
gene_368,2560.782671608393,2.0474786011819477,10.6516083621337,0.0004419196365217951,0.005690767163208946
gene_370,2026.6181133730358,1.5909257375265276,22.24534020742439,3.4780381557395416e-05,0.0016467140750793074
gene_371,2386.507465258549,1.8416152997160853,11.427168891177212,0.0008909440171759194,0.009045116925643852
gene_374,582.7048578022508,-3.1191133572647467,-39.85632968975424,2.3896730919963933e-06,0.0009731710997280435
gene_380,2089.314680167172,1.5996913900255967,13.69708232450207,0.0022889509047510927,0.017007123019091467
gene_384,2275.9530720740995,1.9654254915456044,7.869669759327246,0.008211002905842802,0.03783872306840001
gene_389,2628.2928127119826,2.2114892793496534,11.806249686820031,0.00308110142092659,0.020472434690542128
gene_398,567.2941036657371,-2.6465500624339815,-23.05281054893371,3.9069763878228265e-05,0.0016467140750793074
gene_401,1741.9632686905366,1.3952422226474845,7.612648126959755,0.0019728533643499644,0.01500268718136855
gene_412,688.2363278246307,-1.7354297849135734,-20.841795358324536,8.385127450926485e-05,0.002345052424408171
gene_415,587.459335999299,-2.8369180333989954,-20.54227150542086,7.356900904023933e-05,0.0022127685044730045
gene_418,665.4207345406195,-2.0794739690261843,-17.606144581783784,0.000198316963254553,0.0037418294953689246
gene_420,2287.079796963266,1.7604727307564942,32.24202321934003,6.772864269514851e-06,0.0012314298671845185
gene_422,598.1833859754936,-2.8663564494356586,-52.91568282616218,1.4409450693866774e-05,0.0014409450693866775
gene_426,615.7476161906877,-3.0328472039018184,-34.35317466574695,4.966903681113878e-06,0.0010732631460034575
gene_427,1442.170952618289,1.1185216785902874,10.196847702380992,0.0018400396734363088,0.014263873437490766
gene_429,647.6129492608638,-1.5377810836642496,-12.801699282610969,0.0035250093037024893,0.022268462132371793
gene_437,1962.6184272650173,1.514361554734809,19.87564107980063,4.014610174876542e-05,0.0016467140750793074
gene_446,1748.8620785691976,1.3738163656012083,13.0888545601232,0.0009694849500466216,0.009598860891550709
gene_449,2348.6151788000657,1.8588998128402259,16.573579981479206,0.0018290236493082909,0.014235369782355234
gene_450,2124.8578118764285,1.8506257131741661,24.172519286901707,2.1351355149356036e-05,0.0015634604101918035
gene_453,1779.090600967403,1.2895717123647246,20.252435961354465,0.0010867850320318143,0.010399856765854682
gene_457,1567.7555049371167,1.0299755807413982,4.833972923389753,0.009577545113907232,0.0420037596669144
gene_461,2401.0595751147393,2.0449420131922027,18.467087781724146,0.000159320756882108,0.003251444018002204
gene_462,2205.5983056606083,1.752530651301192,19.389238063758118,0.0001721597755313152,0.0034091044659666377
gene_471,2082.6584299998985,1.6465537285036815,10.209383622655956,0.00857608369278493,0.038982198603567865
gene_483,1701.1802574673347,1.2977056697390013,9.830199743953514,0.004234519192316713,0.024982414113962906
gene_484,2508.0494959910166,2.0449841300140754,25.023125617561032,0.000395049207306468,0.005448954583537491
gene_495,593.1124184544498,-2.47452586828346,-20.083669035547583,0.00023136639499633666,0.004059059561339239
gene_504,621.9364415321477,-1.8799955518730378,-22.435361452898295,0.0014821662100460945,0.01267807967373584
gene_506,2592.0059962645096,2.122282699929889,26.450990081091014,1.41377610275592e-05,0.0014409450693866775
gene_527,1957.6924985452588,1.493161758389624,12.699038777077018,0.0015560834548495484,0.012913555641904967
gene_546,686.9881254369841,-2.2403953331859268,-13.879172577215451,0.00015625535972527818,0.003251444018002204
gene_560,2156.0328223795245,1.8395801383906252,23.925420038524877,3.072301275181243e-05,0.0016467140750793074
gene_564,2348.5370042534346,1.7190226263120756,16.379658032577915,0.00011676784045674783,0.0028233216806524183
gene_571,2496.6747661138206,1.8987201690630944,14.949215152400614,0.0004526354106465523,0.005693527177944054
gene_573,543.2442704204386,-3.0301345665524915,-20.854833735073257,5.956535387826241e-05,0.0019529624222381118
gene_591,629.9034507327654,-1.9849265051525533,-15.844437700328356,9.613234787734307e-05,0.0025297986283511335
gene_601,1670.7056408236347,1.2132995872551375,12.824086578451796,0.00176425469649533,0.014002021400756588
gene_610,586.9144910852482,-3.398261886314164,-25.933644268401295,2.279558633578963e-05,0.0015634604101918035
gene_616,2206.6661003178892,1.6830167655050348,16.47303864915715,0.00013701147271966916,0.0031496890280383718
gene_619,580.3246017408823,-2.4177812000055767,-20.21756897956677,0.002296172857742939,0.017007123019091467
gene_627,1694.1549445047042,1.2397043031833201,16.524485571872102,0.0008684106425528164,0.008906775821054527
gene_629,1993.4769390670065,1.5843860621783459,12.94157758269841,0.00021959768782797394,0.0039932240244307995
gene_631,1623.3924073101218,1.0703287657617673,11.930497475660461,0.0045476995720741195,0.026061315599278625
gene_642,2338.4241335488605,1.9733480098687093,14.65946698595868,0.00014571410219691848,0.003238091159931522
gene_653,2224.4581927374315,1.6561282186839419,27.82979901142391,6.718251985607588e-05,0.002132778408129393
gene_654,1678.5394835988118,1.028224365434785,9.41867738941478,0.0010013627570992006,0.009777342195560097
gene_660,1796.5039994112524,1.427905851455301,9.857439741586761,0.003622405804343041,0.022578329041170127
gene_661,637.0820888710332,-2.346475287827749,-28.528666926121865,8.681912583609e-05,0.002378606187290137
gene_670,1698.7947422793156,1.3031412218103937,7.915686740828318,0.001924965617366338,0.01475069438594895
gene_674,2385.8489503104374,1.9320220693721666,25.97583995025213,3.637016029082779e-05,0.0016467140750793074
gene_678,1743.3998220881135,1.5563463683115164,29.631989175032775,4.2889894055466077e-05,0.0016496113098256183
gene_682,545.8698870129818,-3.659131398182082,-14.856612638719689,0.0037699161840962204,0.023096682970499494
gene_683,593.215654271886,-2.081255336654831,-42.36082472136661,5.262545760125739e-05,0.0018206094159293731
gene_687,526.0307675738893,-2.6743919249755006,-32.42686950921315,4.097172181545335e-05,0.0016467140750793074
gene_689,1915.8490174688814,1.6177880772036912,12.78369505168863,0.0046992687657347034,0.02647475360977298
gene_695,2163.9698742249543,1.7055956369900387,12.444512736065436,0.0002694698906895693,0.004528905725875114
gene_702,2033.3890417322275,1.6671633156403025,9.480937402596744,0.0009627819481947654,0.009595399924082064
gene_708,1838.3223295943562,1.3410404837560843,39.85716832399216,2.7857763944096253e-06,0.0009731710997280435
gene_711,544.7802288738163,-3.00648526002595,-53.73596896796052,1.6639845890998897e-06,0.0009731710997280435
gene_720,1831.0252536686116,1.4813098943927807,17.868233128503846,0.00013955121908047503,0.0031716186154653416
gene_725,1922.686310176728,1.5453823358223902,10.986458260515633,0.0003938979719657614,0.005448954583537491
gene_728,2180.3145472886617,1.9339057607382317,10.661218804310248,0.00046680214857474224,0.005798784454344624
gene_729,524.4598492922139,-3.4457190006142433,-49.32758289249341,1.1006832748597365e-06,0.0009731710997280435
gene_731,1893.1772507500602,1.4912366984884382,15.068016982396665,0.00015514987612381124,0.003251444018002204
gene_747,640.1320430940671,-1.8439107533447763,-16.55612670501163,0.00011256480345950504,0.0028233216806524183
gene_750,605.6900710036967,-2.1849305266042687,-31.977121296761442,1.6561843075462706e-05,0.0015634604101918035
gene_754,605.241440731961,-3.5128328289585564,-21.276732648692914,3.0492342361594128e-05,0.0016467140750793074
gene_758,1959.4269718562427,1.434982203071718,8.870103170726809,0.002304465169086894,0.017007123019091467
gene_759,513.1868424585775,-3.427612633122177,-20.572845114493866,0.00016582511301229403,0.0033500022830766467
gene_766,2243.130252583365,1.773238826229851,27.262236746957043,1.1644755593146144e-05,0.0013041234129705821
gene_770,1584.8694097776086,1.2439696619512395,19.298116437168872,5.4427866797245856e-05,0.0018450124338049445
gene_779,653.105749915602,-1.6288646049423412,-34.115497622468176,8.228692612488958e-06,0.001301607458600403
gene_788,2181.7247922290703,1.691634881918743,14.80755343143533,0.0003044764074151419,0.0048716225186422706
gene_799,2108.2043646689117,1.7418295142799738,12.748352290904078,0.0035294358941606657,0.022268462132371793
gene_811,2169.0773201527063,1.775494898285795,25.221673718343787,1.955722381835445e-05,0.0015634604101918035
gene_813,528.9274278302843,-3.062406632143113,-22.60974621256689,3.2728166971217217e-05,0.0016467140750793074
gene_817,2040.8639927468444,1.5430489593132894,16.25208743258351,0.0001096429461424578,0.0028113575933963538
gene_821,1634.4112722206273,1.0278489751487065,5.473201615726716,0.00886025541306624,0.039761957277594934
gene_823,1910.867414543019,1.2522380030597335,14.699978529631665,0.0006911178830678944,0.007898490092204507
gene_846,2332.6431591043215,1.9008421512430418,19.839557860191203,3.836277364696747e-05,0.0016467140750793074
gene_847,1797.8690474924592,1.2770410254347635,16.667425217184462,0.00036399882557932537,0.00519998322256179
gene_854,555.4234073688924,-2.4350007448432165,-24.60836719806334,7.107399377177323e-05,0.002186892116054561
gene_869,2372.3703357880804,1.8908693563445238,16.345160792524165,8.378054733609108e-05,0.002345052424408171
gene_879,2399.4295562789657,2.0948354812464225,28.592450047039918,0.00044928902876866276,0.005693527177944054
gene_885,1569.207497300428,1.1879136999711362,8.611184535863352,0.0013274605391568367,0.011747438399618023
gene_886,2528.117120475291,1.947417464505319,18.366926687834876,0.0006018482919447847,0.00718392119526449
gene_895,642.2143457283171,-2.0117561920116778,-11.922481473153992,0.0010596954266822297,0.010189379102713747
gene_897,1700.123611614895,1.3934966118624073,8.541572969063306,0.00633092274471437,0.031893817353724783
gene_903,1846.2778402532615,1.4006139519700422,15.848943621325102,0.0001429082179342215,0.0032114206277353147
gene_917,568.1249805861729,-3.3943093216308777,-38.68487851300684,0.0001953980237375739,0.0037218671188109314
gene_950,1774.5651182107138,1.4045156925716902,17.397249420830956,9.244840762909123e-05,0.0024986056115970604
gene_951,593.9742763741265,-2.3354608926102154,-24.518463828473422,0.00016866098568171588,0.0033732197136343177
gene_952,2268.488622229735,1.875989893414361,16.54083160043394,0.001269832886254486,0.011439935912202577
gene_955,2191.9201418495504,1.791438651553739,11.235681860482188,0.00046342606099651076,0.005792825762456384
gene_958,2009.1036330293095,1.4729646809771453,10.637971867420971,0.0038817840846330897,0.02338424147369331
gene_960,2024.6068037853533,1.428912096302788,19.384213371591887,0.00015378492607117172,0.003251444018002204
gene_961,675.9082195866763,-1.836353661144867,-12.857674631902098,0.00493649454745836,0.027049285191552662
gene_964,611.4403432197436,-2.5889383753564856,-14.29840898588763,0.00022204314790442276,0.004000777439719329
gene_966,669.1465980794183,-2.0070256522191774,-12.45946727207412,0.0008273227820773119,0.008643854583709415
gene_974,2074.909262417086,1.535208662684384,11.567298697502753,0.00032665065422242905,0.005025394680345062
gene_975,554.5903752701033,-3.126354106927904,-32.25993410870698,2.345190615287705e-05,0.0015634604101918035
gene_978,1661.869883965126,1.1097015435787463,10.88071605090066,0.0024937976892842966,0.017624011938404925
gene_981,2368.328282183672,1.72096466794615,9.840613324560007,0.0010363909636504872,0.01006204819078143
gene_991,632.7090184419362,-2.808090522256092,-16.913552750325703,0.0003152004352509884,0.004922508564725992
gene_998,1782.2591926710047,1.2557095219246837,10.166367217367796,0.00077890260709643,0.008615469223535881
gene_1001,654.2925339968012,-1.8529554395068721,-22.539048350905695,0.00022834130321249102,0.004043573173662369
gene_1010,1595.8634057114452,1.1959464469916012,9.32033669112304,0.002171911557182534,0.016269000428333586
gene_1013,2004.284067356401,1.6144209220549943,10.243466131481435,0.0005450126975973895,0.006646496312163286
gene_1016,1827.9867227086897,1.3061505838347984,6.954337340645353,0.0028405811890859687,0.019434182745223787
gene_1035,691.2193657178226,-2.0569824531472407,-13.605775214781527,0.0035831223419457666,0.022535360641168345
gene_1040,1562.2606513194532,1.1267215393140309,13.080584043664793,0.002131671732673224,0.01602760701258063
gene_1044,602.2419869438226,-3.584815031700651,-19.88625812175765,3.87214545940039e-05,0.0016467140750793074
gene_1046,1791.5569955326926,1.2097748799527273,6.748369074987542,0.002675010324759142,0.01851218217826396
gene_1065,2515.5923246379302,1.8447933990281118,20.667391590555088,0.0003862050456550177,0.005401469170000248
gene_1070,1831.6267452623442,1.3457926064061707,9.329241304839897,0.0007890394442019789,0.008615469223535881
gene_1074,2450.270042592111,2.1785788586556283,41.33183063750198,4.255801562799946e-05,0.0016496113098256183
gene_1077,1956.163864903551,1.672127172665926,8.873129485411068,0.0009186390229033928,0.00927918204952922
gene_1080,2412.884234749871,1.9009599497895164,21.908235642704852,4.1110173228921914e-05,0.0016467140750793074
gene_1087,2041.2723483323368,1.752722085624402,11.807215447038663,0.0028666270759568047,0.019452365154700835
gene_1092,2075.5337821139124,1.4506874566045955,10.673227215245067,0.0061606663438224935,0.031457319634725325
gene_1104,615.137170590788,-2.338728372523008,-18.232057206724175,0.0028471077721752844,0.019434182745223787
gene_1108,1948.8480091314123,1.510829570894941,21.247514765469028,3.115148341097901e-05,0.0016467140750793074
gene_1114,2023.009580244385,1.6116656623995524,16.801797369899916,0.0016043409520037348,0.013197769069449946
gene_1117,1846.9817399834367,1.2382864799877087,11.35394566207378,0.002360412486968695,0.017096540868972047
gene_1120,1892.7652358886924,1.5020004695072344,8.644953558256237,0.007834438706442395,0.03713004126276017
gene_1132,2384.3058454417956,1.9745875610690469,17.638119579831553,0.0002853413139078875,0.004743902839171464
gene_1138,595.0307838712822,-2.263375713843075,-16.23178534136815,0.0007876274859513171,0.008615469223535881
gene_1156,1874.9547219482747,1.2241111558890552,27.510524680964966,2.0951687361857567e-05,0.0015634604101918035
gene_1160,2195.411688131932,1.5990774464926882,20.936468558563934,0.0022348150317182563,0.01667772411730042
gene_1162,2506.9826818976794,1.9693460051352096,13.412269693418644,0.004056596389404822,0.024146407079790603
gene_1164,1678.49732550742,1.1784740545110775,12.361496124082258,0.0014943127221727246,0.01267807967373584
gene_1168,1803.5927641509518,1.5203367137384678,8.244293461884151,0.005924804036763702,0.030619142308856342
gene_1172,2418.306653168471,1.9337639732301988,14.673426817289018,0.0001579951436576577,0.003251444018002204
gene_1203,2370.0602088436767,1.8060830710052955,20.744080334551693,0.0007926231685653012,0.008615469223535881
gene_1213,2128.822650015381,1.511055555493119,11.906226864040308,0.00029975639413207456,0.00485829438274448
gene_1214,2117.5633898834226,1.6966411503131835,11.806309028664414,0.0003521317389075967,0.00519998322256179
gene_1223,640.7521535197056,-2.0587508935454317,-46.95973451624784,0.00042957979181521515,0.00566707970959049
gene_1227,2200.597139583712,1.6395257654607236,49.07096838851116,0.00022846188431192385,0.004043573173662369
gene_1229,1840.3695528322728,1.2372780751502235,11.277545100487218,0.0011147641219336234,0.010616801161272605
gene_1231,1625.119106266537,1.2726463188847197,12.448613054275995,0.004569634918443433,0.026077517352905005
gene_1234,1581.4902875085604,1.043297133369759,11.025608114267056,0.0012900941118672159,0.011570350779078168
gene_1235,691.3701391696021,-1.7669051463720453,-26.440904055935857,0.0003012142517301578,0.00485829438274448
gene_1251,1878.2053026224382,1.4763402793863682,14.309715038924741,0.0010006439577102063,0.009777342195560097
gene_1252,634.6114063945624,-1.8613313233900273,-12.236588980472453,0.0034370036570155944,0.02196168470936482
gene_1259,2053.163051051358,1.7170327249382027,10.994847669472035,0.002664310954731216,0.018502159407855667
gene_1260,2188.689483077866,1.734688100733952,14.454356356947384,0.002367870910352629,0.017096540868972047
gene_1270,2001.659149594465,1.6654798868142973,9.256265225940272,0.004803282325203569,0.026684901806686496
gene_1273,1882.9559133153912,1.426514194530991,12.751070920896511,0.0002614234400561167,0.004430905763662995
gene_1288,2209.4296530152487,1.9094327577046872,24.4709708390597,0.0003175018024248265,0.004922508564725992
gene_1296,1930.2838838885996,1.4158424546894162,11.92193734091472,0.0013203733520869812,0.011736652018550944
gene_1304,1821.475554097262,1.3900040519839805,18.121322651110987,0.0016440476097041132,0.01331212639436529
gene_1310,1770.874647681324,1.3512524600953855,7.622389664466351,0.002000743125313824,0.015157144888741092
gene_1313,1775.8892522758638,1.3592423239668803,8.953248650701038,0.0013706340913900443,0.011970603418253662
gene_1314,2175.4940159130647,1.8023317612462326,18.498319749258698,8.183037333496065e-05,0.002345052424408171
gene_1330,567.6374179254294,-2.9939344048760086,-16.804628192687595,0.0003133494309217765,0.004922508564725992
gene_1331,2069.719145785967,1.5968359888908723,13.235999537100744,0.0004062494515612627,0.005527203422602214
gene_1341,1593.0066700934376,1.0806553793755105,7.390027625626626,0.0042023206383274055,0.024865802593653286
gene_1345,2425.4027793729388,1.8944909319827943,26.957982871429238,9.39690675860048e-05,0.0025058418022934612
gene_1349,2219.3414021496155,1.7638211822259025,16.13643869020125,0.0007043295057274935,0.008003744383266972
gene_1353,2590.376099723169,1.9737990066730149,16.066866058849847,0.0002088663660344371,0.0038678956673043907
gene_1359,678.3059691020793,-1.8182219120962644,-10.83122903620555,0.0006147713575963353,0.007232604207015709
gene_1360,1732.8250536502094,1.2868605817806422,10.457324751456053,0.0006118363578447898,0.007232604207015709
gene_1364,2346.69213698127,1.8587061076529048,14.97143403489938,0.00011596424070786127,0.0028233216806524183
gene_1376,612.2702147056245,-3.0721360375480877,-15.430787455477613,0.0026156768131352466,0.01835562675884384
gene_1383,1617.2933187122126,1.1582693863629934,31.404195469458394,3.5876727620791344e-05,0.0016467140750793074
gene_1386,587.3111213122013,-2.6568026963074147,-26.946884625965563,3.236918389738928e-05,0.0016467140750793074
gene_1387,2213.4633279011764,1.8915548302342127,13.379372102736268,0.005447924706515568,0.0288836953887498
gene_1390,581.3768827604782,-2.752393224237319,-28.03875598578397,2.2221714392656576e-05,0.0015634604101918035
gene_1392,674.4826112995197,-1.8600972436648873,-7.80141643183741,0.0016101278264728934,0.013197769069449946
gene_1405,655.435868893208,-2.0085803196962893,-17.421946604524116,0.00019238136114102156,0.003699641560404261
gene_1455,2153.9656996832423,1.9133974066161945,12.241784791439866,0.005051652239069469,0.02730622831929443
gene_1461,594.5995163550785,-2.080916702542623,-16.638789507340192,0.0002064027691613585,0.0038579956852590374
gene_1475,579.4154436784194,-2.5365746560945412,-38.47524628983059,3.595219480910975e-06,0.0009731710997280435
gene_1476,1779.0343498241327,1.3834977041236491,18.76175839673013,0.00015228897836583273,0.003251444018002204
gene_1487,1802.7283052882876,1.2857521783228572,8.521995519381328,0.006955419858473447,0.03401183304876991
gene_1491,1710.0849097866949,1.2749808822028499,16.0555381417956,0.0004163712992083489,0.005588876499440926
gene_1492,617.2611829502953,-2.2893950346781344,-10.621700159913596,0.0015115397804335788,0.012702014961626713
gene_1497,1882.4646632951547,1.6702566797071023,25.508067661998002,0.00011716784974707537,0.0028233216806524183
gene_1525,2409.039253388261,2.094933522886347,11.324444737682606,0.001469848521527272,0.01267110794420062
gene_1553,584.0368143302502,-2.5291675040162303,-29.291213532296506,0.0004149338199203386,0.005588876499440926
gene_1571,2233.6161730096974,1.6466563391906563,12.303467332965278,0.003799404348647167,0.023096682970499494
gene_1582,2524.3186401269713,1.8357971396613888,11.566352286820676,0.0004042804785033733,0.005527203422602214
gene_1597,2402.2383432935626,2.0108028213257407,21.38315358393312,0.00035011050347350013,0.00519998322256179
gene_1601,616.9416645803287,-2.3361932912658343,-21.82531870142761,0.0018277837931835856,0.014235369782355234
gene_1602,2289.71511719633,1.9679297366003525,14.799434632514473,0.00013060499158232966,0.00307305862546658
gene_1607,2225.6945851888904,1.903111862019174,14.9462499504523,0.000182135297594955,0.0035366077202903883
gene_1608,2146.365505454306,1.7984781593059251,12.749331269499024,0.0003124593417589046,0.004922508564725992
gene_1613,639.1359558494939,-2.151929410078768,-13.878388788961997,0.001635048905154209,0.013293080529709017
gene_1623,620.2382474395765,-2.471152561069637,-22.74488163553607,3.707806290485876e-05,0.0016467140750793074
gene_1632,574.3219275159441,-2.221719768605578,-36.88707627715039,3.892684398912174e-06,0.0009731710997280435
gene_1633,653.4252355716275,-1.8542412309383787,-21.260928143351716,0.0019523545381735876,0.014903469757050286
gene_1634,2108.2915133776532,1.7478726139183869,16.41977566171363,0.002869223860318373,0.019452365154700835
gene_1639,564.5602165239553,-2.0975416461196748,-11.224190358466515,0.007783886701280512,0.03713004126276017
gene_1642,1795.8770348892442,1.2749737170514335,11.937190055929435,0.0004438798387302978,0.005690767163208946
gene_1664,1937.0120662888207,1.4715726104666296,18.579996229778136,0.002366222172280657,0.017096540868972047
gene_1671,530.7798023782278,-3.507777026865894,-32.30153304262557,0.0009411958788915661,0.009459255064236845
gene_1672,1872.6410646087184,1.515054992197549,12.011404984883052,0.003226577711194035,0.020951803319441787
gene_1687,1807.2799213578967,1.6462814716698009,18.742365037284955,0.0016239677994625932,0.013256879995613006
gene_1688,587.8901821152051,-2.335941372425089,-17.83875087973355,7.752417618549237e-05,0.0022801228289850697
gene_1694,680.5886806611354,-2.7144347959923163,-21.01431842430171,3.0827715490389105e-05,0.0016467140750793074
gene_1705,2069.641359730332,1.5376329924647205,12.487294592856207,0.0002614059001008835,0.004430905763662995
gene_1713,2006.839895844541,1.572076911371386,20.399917837448854,4.1167851876982686e-05,0.0016467140750793074
gene_1717,1897.0599731825232,1.5716358347928687,19.363067333309544,5.889819917130096e-05,0.0019529624222381118
gene_1719,2487.7366906928446,1.980806085783498,12.852505867186107,0.0008141619517961596,0.008640298059310457
gene_1721,624.3793765901694,-1.8560995692994473,-15.10754557411958,0.0003508375170263617,0.00519998322256179
gene_1724,2182.2704590623675,1.5209335124000052,7.770195736768148,0.007984343147475164,0.03722304497657419
gene_1727,2218.4590211232417,1.7633597681780337,16.846190479654545,7.412774489984565e-05,0.0022127685044730045
gene_1731,1843.573624537673,1.444654909800955,13.503332240261042,0.00021962732134369397,0.0039932240244307995
gene_1738,1741.3013874157234,1.425144896957321,16.897365788212163,0.0012563154662619388,0.011421049693290353
gene_1746,566.8058061302348,-2.770938506434934,-21.735483828833573,0.0005345887155564565,0.006559370743024006
gene_1748,1738.7329010320755,1.2625039101067201,11.79358983360075,0.0004306980579288772,0.00566707970959049
gene_1753,2001.1114600487185,1.820748168569492,30.53192657397831,0.00017676804756500667,0.0034660401483334645
gene_1766,1549.127430415939,1.139919600533738,7.360773198641322,0.0018292450170326476,0.014235369782355234
gene_1771,598.2231713537117,-2.0041318306678653,-22.66703562465131,0.0006034493804022171,0.00718392119526449
gene_1783,544.5598014006663,-3.4365560017636905,-26.429073101708006,0.0001082977126062304,0.0028113575933963538
gene_1800,2217.49586044756,1.8494087141281723,20.294482274247066,0.0004943248431445423,0.006102775841290646
gene_1801,2365.4191800813383,1.7254555872206454,16.82883955969901,0.0015023524413376968,0.01267807967373584
gene_1802,608.3763313912958,-1.7510825433417088,-11.59122853151598,0.0010494007729780713,0.010139137903169771
gene_1817,663.5740006051016,-1.874861818336972,-41.09760879873621,2.120325468696643e-06,0.0009731710997280435
gene_1819,599.6183417150841,-2.0727947934294675,-13.462088797898941,0.00023570506869310392,0.004099218585967025
gene_1821,1848.812874371245,1.4520181261817227,8.963725506563621,0.0013555688573144032,0.011890954888722835
gene_1827,1665.7434669436107,1.1268163019897963,10.29813575662266,0.002387156812113699,0.017173790015206466
gene_1830,1619.804196880812,1.2007285985354361,8.456592387060022,0.0014985865997517596,0.01267807967373584
gene_1832,2531.163861536472,1.8026555792983878,16.24901014462296,0.002480613195133947,0.017624011938404925
gene_1869,615.8989184007315,-2.5896113551065927,-22.236312809181154,2.6142953113235625e-05,0.0016339345695772266
gene_1894,548.6974053310815,-3.1692852164345853,-29.01706182306776,0.0008203342186334033,0.008640298059310457
gene_1897,2382.917428471052,1.8901210153721288,20.824782279844943,0.0012633076116128712,0.011432648068894762
gene_1913,606.2090620283907,-2.1127919913103077,-36.00920657432373,0.00015585045225130058,0.003251444018002204
gene_1916,2277.8004171210796,1.8711198149007562,13.30354393293855,0.004532839634569375,0.026050802497525144
gene_1918,581.0751196945915,-2.8809561502949497,-17.390673498744107,7.097546185015048e-05,0.002186892116054561
gene_1925,629.6871258865622,-1.971682607064448,-32.21356394595862,4.938979204965213e-05,0.0018206094159293731
gene_1932,1856.6861990095076,1.5267798288462375,33.03645296605115,2.16257596109802e-05,0.0015634604101918035
gene_1938,628.2347227240901,-1.6280509514684627,-9.039326024491059,0.0008298100400361038,0.008643854583709415
gene_1941,2142.3943671958305,1.825185292654751,13.557684338742181,0.00043935166122748877,0.005690767163208946
gene_1944,1529.1192966295987,1.2335847493390144,16.864139172364624,0.002927869963617326,0.01978290515957653
gene_1949,1765.4452255853014,1.29590779317775,9.276135965074488,0.005290279968791833,0.02821482650022311
gene_1955,1650.0983017884619,1.0756587935720283,16.287389691961643,0.0010021775750449098,0.009777342195560097
gene_1963,2205.856533080928,1.8199433162551513,14.340594449306627,0.0014319500631338803,0.012451739679425046
gene_1964,606.6792365197418,-2.379428831550275,-24.28258315415383,0.0003754871227740016,0.0053260584790638535
gene_1972,2050.073053240544,1.5588586426986997,17.03176480673426,8.442188727869416e-05,0.002345052424408171
gene_1973,569.5424295332645,-2.7013197155766,-23.910987733022427,2.4798982951993104e-05,0.0015999343839995551
gene_1984,2380.0223746562588,1.8066626698165866,36.43998721588325,3.6156122963824247e-06,0.0009731710997280435
gene_1991,2757.6088704363383,2.112533504202332,15.807286140773126,0.00029584658751347195,0.004849944057597901
gene_1992,2143.0555222569446,1.5960408498356147,7.1556393532007005,0.00964422039041647,0.0421144995214693
