gene,baseMean,log2FoldChange,padj
Gene_0000,149.83333333333334,2.0816278131460826,0.0022752118895148056
Gene_0001,143.5,1.2660409111805997,0.04754840932261997
Gene_0002,144.33333333333334,2.229580657989279,0.029096860699701667
Gene_0003,135.33333333333334,1.449928791864482,0.039786385748491915
Gene_0004,155.83333333333334,2.4696014258310237,0.021519630900803773
Gene_0005,155.66666666666666,1.6643944624330556,0.022691894062849022
Gene_0006,154.0,1.9193572831694274,0.04396632495079118
Gene_0007,157.66666666666666,2.6861394567232875,0.04479672481459511
Gene_0008,148.0,2.2481908232644225,0.011934444071564881
Gene_0009,159.5,1.4602630402127272,0.00996209392923091
Gene_0010,144.5,1.492541714600458,0.024811758693497554
Gene_0011,147.33333333333334,1.7003486056881374,0.04501385135638458
Gene_0012,156.66666666666666,2.197322041678333,0.016117754670308817
Gene_0013,157.16666666666666,2.179149907466384,0.03260073076695657
Gene_0014,146.0,1.5784488476685654,0.03540758438703006
Gene_0015,144.83333333333334,1.4163952571928204,0.038933733244707794
Gene_0016,150.0,2.1407917025429173,0.028196222896048163
Gene_0017,158.16666666666666,1.909069967104919,0.02012275891394848
Gene_0018,154.33333333333334,3.0786079437238687,0.04835079943994865
Gene_0019,156.66666666666666,2.0183018282815395,0.030566537665142637
Gene_0020,145.5,2.907126413850137,0.03642826058166354
Gene_0021,149.5,1.41480820094783,0.017249142284793916
Gene_0022,152.0,1.2133935302191463,0.033497459050154006
Gene_0023,148.66666666666666,1.4399574337372327,0.012889883108206296
Gene_0024,148.66666666666666,2.5945648907267334,0.01225484587643181
Gene_0025,152.66666666666666,2.878050794846767,0.03573611009047132
Gene_0026,144.5,1.608910273023683,0.026069736813146754
Gene_0027,150.33333333333334,1.7697169851202212,0.03416383052111949
Gene_0028,148.16666666666666,1.4155095448937502,0.013471924537404584
Gene_0029,156.66666666666666,1.0941800764408063,0.029936167052836523
Gene_0030,139.33333333333334,2.359205848888315,0.02219668248515563
Gene_0031,144.0,2.1115101514810815,0.029848014342276397
Gene_0032,139.83333333333334,2.0052439913369375,0.01454398661221097
Gene_0033,152.0,1.2999717314183101,0.0357725481824562
Gene_0034,147.0,2.8199783409143304,0.04029646830797328
Gene_0035,167.16666666666666,1.7483216309752634,0.012995823692886183
Gene_0036,152.5,2.266813212408238,0.015031027992782104
Gene_0037,149.0,1.2727192973776378,0.03305771348595465
Gene_0038,152.83333333333334,1.9047374051899815,0.03477925871517721
Gene_0039,151.0,2.145687228119292,0.035204984219872504
Gene_0040,140.83333333333334,2.163537609026654,0.034134925238791844
Gene_0041,143.33333333333334,2.0773242716183127,0.01964038584762694
Gene_0042,139.0,2.247261246024386,0.01974268372018392
Gene_0043,141.0,1.4347397719835193,0.012740881182219072
Gene_0044,143.5,2.0986863027198304,0.00784168499481815
Gene_0045,146.83333333333334,2.0568788417401387,0.03462886896984529
Gene_0046,139.5,2.1158363420975306,0.004659439298615642
Gene_0047,149.5,2.036172608659591,0.04688961433933908
Gene_0048,139.83333333333334,1.3633936130433013,0.04133431518357257
Gene_0049,148.16666666666666,1.3411001239455131,0.042875286997862805
Gene_0050,140.16666666666666,0.8928659070577243,0.04533344073075951
Gene_0051,144.33333333333334,2.408767254922649,0.020430248536162005
Gene_0052,155.5,2.413828754867599,0.04233503616752005
Gene_0053,146.83333333333334,2.4217751456110603,0.007903065014582466
Gene_0054,147.0,2.153394981230726,0.0010820897304117838
Gene_0055,144.33333333333334,0.9334403911409446,0.039244569733192514
Gene_0056,160.5,1.4866447541073669,0.0037398323998469652
Gene_0057,147.16666666666666,2.085207708796556,0.049426233366296084
Gene_0058,143.5,2.0677590013958977,0.0337398214800778
Gene_0059,142.83333333333334,1.8886258934239895,0.03767248551210528
Gene_0060,149.5,2.184458601454123,0.012290192813893298
Gene_0061,150.33333333333334,2.0058258538426226,0.03369326969598441
Gene_0062,152.66666666666666,2.0603852327756806,0.0021609968627478607
Gene_0063,148.33333333333334,1.680467333583992,0.04189128599618005
Gene_0064,161.83333333333334,2.491005493060795,0.008481204651578622
Gene_0065,136.5,1.784614195659808,0.03486790334168853
Gene_0066,152.66666666666666,1.334675458489687,0.011224025061636417
Gene_0067,143.0,1.6145004935906357,0.003422658471302137
Gene_0068,145.33333333333334,1.82576690431901,0.024074683927469715
Gene_0069,150.5,2.4970013941844234,0.008464310513639472
Gene_0070,164.5,1.9788660007826036,0.03647219941632749
Gene_0071,165.0,1.9069258905171755,0.011878292169174243
Gene_0072,137.0,1.3756682876186863,0.017123627811791442
Gene_0073,165.5,2.392741294914788,0.02837196256322365
Gene_0074,147.83333333333334,1.6740239229883072,0.014248413878865579
Gene_0075,153.66666666666666,1.9499860705293321,0.018899405810498083
Gene_0076,151.5,2.7400915384409323,0.04078108855201934
Gene_0077,144.83333333333334,2.2543816655246522,0.008960492478051285
Gene_0078,147.16666666666666,1.185872976142413,0.004110079474096684
Gene_0079,155.0,1.115244881823764,0.016417889256650966
Gene_0080,158.66666666666666,1.967844774940377,0.021218838350693908
Gene_0081,155.5,1.3936296925625975,0.027132964106828385
Gene_0082,158.66666666666666,2.324273373816499,0.018621184808750354
Gene_0083,151.66666666666666,2.0211315324824897,0.039495585011140255
Gene_0084,152.5,2.0826923845119314,0.001965974383423663
Gene_0085,152.16666666666666,1.6466284091788235,0.0215883769099279
Gene_0086,160.33333333333334,2.870691827643353,0.019112795732820233
Gene_0087,143.66666666666666,3.42129686400523,0.032378924540342954
Gene_0088,153.33333333333334,1.8607076381216427,0.048313812594869804
Gene_0089,142.0,2.1765196242075007,0.02551877033144311
Gene_0090,146.0,2.0487086715321565,0.049343842347086025
Gene_0091,141.33333333333334,1.8701565682794654,0.015112469745659874
Gene_0092,145.5,1.5839647661336016,0.0015434066271230507
Gene_0093,145.16666666666666,1.4575160062597614,0.008283158373820638
Gene_0094,156.83333333333334,1.432201367237238,0.019756244238728366
Gene_0095,152.83333333333334,2.2026200127745725,0.01581669545942761
Gene_0096,150.33333333333334,1.7401627608981824,0.004852706549168884
Gene_0097,149.33333333333334,0.7108535749297349,0.021633005384535844
Gene_0098,154.66666666666666,2.2224291102991613,0.01690578858297814
Gene_0099,136.5,1.980869358767922,0.006130961022871923
Gene_0100,93.16666666666667,-0.5379439663331403,0.8420387836055212
Gene_0101,111.0,-0.1829015674239269,0.7203242773264015
Gene_0102,98.66666666666667,-1.165441526221057,0.8299579189553186
Gene_0103,107.16666666666667,1.4706619906522893,0.20050952355088747
Gene_0104,98.66666666666667,-1.325281371952441,0.8888879396564826
Gene_0105,98.16666666666667,1.3461034238624805,0.3221934506479628
Gene_0106,105.5,1.1851630314393404,0.013404814251991026
Gene_0107,100.0,0.8983025496890353,0.8433916463290707
Gene_0108,98.83333333333333,-0.6937666074967505,0.9418212689647267
Gene_0109,105.33333333333333,0.3424508791769014,0.6555581974173488
Gene_0110,103.33333333333333,-1.2773711335506177,0.23143663046342466
Gene_0111,98.16666666666667,0.9109070350337491,0.2517444642825304
Gene_0112,90.5,-0.07398478153626888,0.4665928734356195
Gene_0113,100.5,-0.4093202145866852,0.8978310796014195
Gene_0114,96.33333333333333,-1.223744846656269,0.14959765614755838
Gene_0115,98.0,-2.4775061186290164,0.825973669583487
Gene_0116,92.83333333333333,-1.038540857035756,0.29130280870515035
Gene_0117,101.0,1.1127981956129065,0.8085861694290979
Gene_0118,98.33333333333333,-0.402833428474804,0.9202711976015386
Gene_0119,101.16666666666667,-0.1693288571150473,0.4274938719943202
Gene_0120,96.83333333333333,0.6555543582884528,0.36505065410553084
Gene_0121,98.83333333333333,1.805668878116265,0.8022213189713018
Gene_0122,99.5,1.3250046549456385,0.529482882379394
Gene_0123,100.5,-0.9723350038161879,0.6844490484631971
Gene_0124,100.83333333333333,-1.9425705714374064,0.6228292369611795
Gene_0125,94.83333333333333,2.3596142591001037,0.15288884564479632
Gene_0126,92.5,2.2689916116594535,0.8447903602895617
Gene_0127,98.33333333333333,0.1884535964292827,0.1957751114131362
Gene_0128,103.33333333333333,-1.2704882455818216,0.9322821440707808
Gene_0129,101.0,0.9632265338939392,0.25057129142214785
Gene_0130,109.16666666666667,-0.10798368601261019,0.7338809732737419
Gene_0131,95.0,-0.11298112310661049,0.28465539349359203
Gene_0132,100.33333333333333,0.894458843105129,0.3177854085868639
Gene_0133,99.5,0.3343747468732986,0.3100018527823053
Gene_0134,104.66666666666667,-1.1858149110149452,0.7478922540260833
Gene_0135,105.16666666666667,-0.32474193508197385,0.5568151179693931
Gene_0136,101.0,0.6611529286613463,0.8829524558474972
Gene_0137,95.66666666666667,0.5102522224050183,0.30737271920404485
Gene_0138,101.66666666666667,0.2620165743584757,0.6919925220567443
Gene_0139,96.33333333333333,0.9334229544758639,0.7529485996631107
Gene_0140,98.16666666666667,-0.3617169878172646,0.15148211302995818
Gene_0141,103.83333333333333,0.17866977521907204,0.40058935731981116
Gene_0142,93.33333333333333,-3.3755791001776,0.4828174943504111
Gene_0143,99.0,-0.4496501938428139,0.3556873898943743
Gene_0144,100.83333333333333,0.7639029085756444,0.3221125959691381
Gene_0145,99.33333333333333,-0.39039446711714254,0.6864198939976419
Gene_0146,94.83333333333333,-0.466227391717112,0.21586639765948856
Gene_0147,92.16666666666667,-1.0414529517748186,0.7093907452511288
Gene_0148,103.0,1.0033658927291456,0.9350441963907306
Gene_0149,95.5,0.5484632735405707,0.5651975211777511
Gene_0150,97.0,0.8254145978230849,0.6114342367394741
Gene_0151,101.5,-1.7262139619578896,0.06893270212408908
Gene_0152,96.16666666666667,-0.16045004326563395,0.8644769036178283
Gene_0153,99.0,-0.2801110077500062,0.2854477871998655
Gene_0154,103.16666666666667,-0.28057170659855263,0.6150511655285649
Gene_0155,97.0,-0.6160275437179562,0.9791121697448023
Gene_0156,104.33333333333333,-0.34610427178001524,0.5955026005728078
Gene_0157,100.0,0.8496447827066518,0.7247094874643776
Gene_0158,104.5,-1.9128513533478293,0.4453196182237519
Gene_0159,106.16666666666667,1.7772947680304536,0.06036584351505736
Gene_0160,101.0,0.4838411250264615,0.7975993494897885
Gene_0161,98.0,-0.04233189566021276,0.03499884126398567
Gene_0162,96.66666666666667,0.906834146372926,0.7006578288878541
Gene_0163,96.83333333333333,-1.4518347451684348,0.022921573149636942
Gene_0164,103.83333333333333,-0.664700905151014,0.8623052365766706
Gene_0165,94.16666666666667,-0.12107543239055386,0.15763603583298058
Gene_0166,107.0,1.3655603704321775,0.5142714954425511
Gene_0167,98.83333333333333,-0.046496581126557926,0.5971507044831473
Gene_0168,104.0,0.45005467118514614,0.4575454073734121
Gene_0169,100.83333333333333,-0.5895789959361276,0.3407634893488872
Gene_0170,97.5,0.486842068967491,0.4678142961809717
Gene_0171,99.83333333333333,1.6772395929744568,0.3114157538811587
Gene_0172,102.5,0.9955266916741141,0.4381223470808632
Gene_0173,96.83333333333333,-0.08145598777787942,0.35891299099803065
Gene_0174,100.66666666666667,0.6754908472654697,0.5662048235071453
Gene_0175,97.16666666666667,0.5775169546072118,0.23792416224498347
Gene_0176,103.83333333333333,0.5065876716972757,0.9886565549140125
Gene_0177,102.83333333333333,1.1119533608604089,0.5008699533821656
Gene_0178,103.0,1.1044777038374665,0.19416207741450964
Gene_0179,104.33333333333333,-0.1271585968748843,0.47706674956727246
Gene_0180,95.16666666666667,0.6418790614777692,0.8664151295248242
Gene_0181,92.5,-0.38309492115979377,0.021806793124395596
Gene_0182,94.33333333333333,-0.9230723963155776,0.6795541191072888
Gene_0183,96.33333333333333,-0.2694937557039864,0.547967796793928
Gene_0184,99.66666666666667,-0.07627815173958266,0.16955799437013552
Gene_0185,96.66666666666667,-1.6615809891779918,0.8174764393049206
Gene_0186,106.0,0.8603325594167204,0.36888462237400566
Gene_0187,99.0,-2.767325422602398,0.29380202881550743
Gene_0188,96.33333333333333,2.7148169394863215,0.828125191856901
Gene_0189,99.83333333333333,1.5018791337963189,0.6385250461916646
Gene_0190,99.33333333333333,-0.2610087241723136,0.8982590836748244
Gene_0191,99.5,0.009426360563773238,0.6298837036711994
Gene_0192,100.33333333333333,0.30297187358728317,0.7408176579321153
Gene_0193,106.66666666666667,-0.589160387988942,0.8364458962596129
Gene_0194,103.66666666666667,0.19261914758693635,0.05473963590993691
Gene_0195,97.5,-0.1439999777016611,0.7760489588693803
Gene_0196,102.5,-0.09427271723096599,0.6137064818495768
Gene_0197,97.33333333333333,0.18146106348063867,0.06950779651519323
Gene_0198,104.33333333333333,-1.3135277983539944,0.5085779218687151
Gene_0199,97.5,0.039569724133648135,0.08245807798395388
Gene_0200,99.0,0.16344774661747724,0.7359472017232224
Gene_0201,99.83333333333333,0.1288496213559143,0.546501713897883
Gene_0202,102.16666666666667,-0.21583075543615446,0.9535735374122973
Gene_0203,100.33333333333333,1.1378577759693718,0.18313537157176984
Gene_0204,93.66666666666667,-0.3536525548815509,0.6060334525203784
Gene_0205,102.33333333333333,0.22732590682319015,0.21158213457049135
Gene_0206,102.83333333333333,1.2972975339255457,0.6140649847273983
Gene_0207,102.5,-0.07937614002031229,0.7226497023608565
Gene_0208,104.33333333333333,0.21446326746755132,0.7223043293295386
Gene_0209,105.5,-0.0963846363148971,0.8150739906826099
Gene_0210,97.0,1.2373697935635992,0.8535502279583167
Gene_0211,94.66666666666667,-0.25772456158629525,0.07727172626717704
Gene_0212,104.33333333333333,1.2833545772882056,0.34326715707240407
Gene_0213,97.33333333333333,-0.1035878946470647,0.6871225203598057
Gene_0214,92.66666666666667,-0.8594597234480168,0.49858628739121214
Gene_0215,98.16666666666667,0.679373170574121,0.1906759467547915
Gene_0216,98.83333333333333,-0.3046678337556559,0.552709570166698
Gene_0217,104.16666666666667,0.6205008990991626,0.4074356527661438
Gene_0218,98.0,-2.729404384923734,0.3900382776543051
Gene_0219,100.33333333333333,0.005205261894946381,0.8097537174356638
Gene_0220,97.33333333333333,-0.4596052987574804,0.40759833383218125
Gene_0221,103.83333333333333,-1.063258686531278,0.026454505480424162
Gene_0222,104.83333333333333,-0.5532410018397994,0.058063338891091276
Gene_0223,99.83333333333333,-0.5737031442926516,0.8562440416916203
Gene_0224,100.83333333333333,-0.04798579485058113,0.9606008100125213
Gene_0225,99.5,-1.3673264612849558,0.6884093364557076
Gene_0226,103.16666666666667,0.3162737802597137,0.3643682941000802
Gene_0227,97.16666666666667,1.366214785205788,0.9386003157947275
Gene_0228,93.16666666666667,0.28092849694782634,0.6628030863757358
Gene_0229,94.83333333333333,0.808988609229009,0.8443335491993377
Gene_0230,103.0,1.0945624546137955,0.7658523040370093
Gene_0231,98.16666666666667,1.2364895121841768,0.3791393157725924
Gene_0232,103.66666666666667,1.8701386928213053,0.4787022008507855
Gene_0233,102.83333333333333,-0.49920199827593026,0.1861321543680995
Gene_0234,103.33333333333333,-0.7184839851611164,0.29201410044073406
Gene_0235,99.16666666666667,0.7834656483247346,0.7781256612865217
Gene_0236,104.16666666666667,0.7082662196573998,0.8939783918831082
Gene_0237,106.5,0.7756752996156893,0.7244604232514118
Gene_0238,99.5,1.889282454250252,0.4651736966566383
Gene_0239,107.0,0.011369908798494166,0.08650926893974753
Gene_0240,97.83333333333333,0.4261565596461849,0.056947948698448214
Gene_0241,95.5,-0.9803882514834749,0.3743255646128538
Gene_0242,96.83333333333333,2.1353211239759577,0.4638217187676631
Gene_0243,105.66666666666667,-0.336544921209111,0.6091206222132969
Gene_0244,104.66666666666667,-0.30821592816082993,0.00648952138699721
Gene_0245,105.5,-0.3467498910082427,0.9897228904663063
Gene_0246,99.83333333333333,-0.644895858644338,0.3639388834040429
Gene_0247,103.33333333333333,-0.7294370488476495,0.8480946638011214
Gene_0248,97.0,-0.5237042828895253,0.5349667056654044
Gene_0249,92.66666666666667,-1.3657959280509449,0.1304394545333465
Gene_0250,94.33333333333333,-0.7853179202632383,0.7975655525345219
Gene_0251,96.5,1.9489631114476191,0.7098270749198761
Gene_0252,89.83333333333333,0.7356551436413686,0.527436084929228
Gene_0253,101.0,0.925904176727718,0.51455309133378
Gene_0254,100.16666666666667,1.1772087874169148,0.08747960575092806
Gene_0255,94.5,1.8341345643623908,0.6558489485738741
Gene_0256,99.66666666666667,-1.771422551443844,0.9112451557542998
Gene_0257,102.33333333333333,-1.2298831152865406,0.09324491922135836
Gene_0258,97.5,-0.8037236608946853,0.2635114506489049
Gene_0259,104.16666666666667,-0.4697297964895977,0.9023079734420988
Gene_0260,98.16666666666667,-0.30056939058524895,0.2843439098197933
Gene_0261,104.0,-0.4469775528060408,0.6539436721799263
Gene_0262,105.5,0.21930891313205408,0.5348181649431442
Gene_0263,100.5,0.0352953907452159,0.5963276050038621
Gene_0264,96.16666666666667,-0.7228347951782497,0.4157889015772531
Gene_0265,105.66666666666667,-2.17554877698757,0.2999914705537111
Gene_0266,93.0,-0.9928687053786982,0.04853345072966897
Gene_0267,98.16666666666667,-0.5492386533125753,0.7442809392941642
Gene_0268,102.5,-0.24707943680771946,0.7460934621942268
Gene_0269,93.83333333333333,-1.129667459310537,0.6707257400787232
Gene_0270,98.5,-0.4908064664964202,0.6436337881196206
Gene_0271,103.0,-1.1309873884855863,0.24371713216752622
Gene_0272,104.33333333333333,-0.125819351548333,0.02234493376629121
Gene_0273,100.83333333333333,-1.0730913283626153,0.8087153968854397
Gene_0274,98.33333333333333,-0.8489046563704645,0.4911385356958269
Gene_0275,96.5,-1.308684130989139,0.30683813070261834
Gene_0276,104.83333333333333,-0.15350069556978385,0.10193190678057007
Gene_0277,105.0,-0.8664477699523984,0.0627215909013884
Gene_0278,107.5,0.9067842666754293,0.3488667217951773
Gene_0279,104.16666666666667,0.405850266692899,0.8047370647669405
Gene_0280,90.5,-0.069851868183643,0.9187237493338305
Gene_0281,98.0,-0.7974854973437886,0.8967513646130647
Gene_0282,92.16666666666667,0.38052030531630293,0.9200008347496549
Gene_0283,97.0,0.6907008893486373,0.9077253431293427
Gene_0284,100.83333333333333,0.14268841220163028,0.5272247516003958
Gene_0285,103.16666666666667,1.6037018554669304,0.21941563855690382
Gene_0286,104.33333333333333,0.45963731807481595,0.7980465828368204
Gene_0287,107.16666666666667,0.9136072175680342,0.213712974852579
Gene_0288,104.16666666666667,0.13356541553597825,0.2672072767565691
Gene_0289,104.0,0.6756644532569768,0.23325432182254846
Gene_0290,98.5,-0.7967812326691752,0.5149824036958058
Gene_0291,105.5,-0.45839836321279376,0.3218275081690799
Gene_0292,97.5,0.34936355348237974,0.15415604962534146
Gene_0293,101.66666666666667,0.3420994815573816,0.4531734118938824
Gene_0294,98.83333333333333,0.5076118229432475,0.873907238785167
Gene_0295,102.83333333333333,1.1003928922787292,0.5705528549499722
Gene_0296,98.0,-1.424971171815412,0.8783356058875871
Gene_0297,95.5,-0.9744525476102961,0.1958721850791374
Gene_0298,100.66666666666667,0.22957264107425313,0.166973873672554
Gene_0299,96.83333333333333,-0.7243636318034608,0.5755771256984202
Gene_0300,102.0,3.377768241289362,0.46332890154627304
Gene_0301,100.66666666666667,0.515719619170136,0.6601726416469569
Gene_0302,94.0,-0.07833084893015722,0.7946267910267816
Gene_0303,100.16666666666667,-0.5154692730838591,0.7513072956521765
Gene_0304,96.33333333333333,-0.48016228319304444,0.9422611736585611
Gene_0305,96.83333333333333,0.030140661315177376,0.39825640915701155
Gene_0306,107.16666666666667,0.11198193262125772,0.20638674224818077
Gene_0307,97.83333333333333,-0.45669914469351297,0.5509126399478858
Gene_0308,100.33333333333333,-0.2731522465199018,0.1107431201911856
Gene_0309,105.0,1.3442845752345964,0.28885112333163143
Gene_0310,92.5,1.3845049626510342,0.20788805526314447
Gene_0311,90.16666666666667,0.25203397993487703,0.3965637167970809
Gene_0312,99.5,-1.3412597272367377,0.11121657500221538
Gene_0313,97.66666666666667,0.5385031566390435,0.03184174454809785
Gene_0314,99.83333333333333,1.554282441611026,0.6567940046300318
Gene_0315,93.0,1.3697811019623787,0.6102489782898048
Gene_0316,97.5,0.7344258528096671,0.7083589360386612
Gene_0317,100.5,1.4224229552858216,0.660386440271344
Gene_0318,97.16666666666667,0.053384272479021756,0.1142946811423835
Gene_0319,97.83333333333333,0.628102969833705,0.2910788813756463
Gene_0320,100.66666666666667,-0.6807755663251802,0.12952660990035236
Gene_0321,99.16666666666667,0.29226545615571214,0.8429724020485632
Gene_0322,100.5,1.3295342439705244,0.7469036553555233
Gene_0323,99.5,-0.589423411486891,0.20152700291824244
Gene_0324,97.33333333333333,-0.8614434294642864,0.3413092404898934
Gene_0325,100.66666666666667,0.09748893902369685,0.9666149922642142
Gene_0326,104.16666666666667,-0.22666220372399956,0.5941593578796515
Gene_0327,101.66666666666667,0.6491477210704204,0.8011555973011573
Gene_0328,105.66666666666667,-0.45325952594704233,0.26459103476872914
Gene_0329,101.16666666666667,1.7184396156027142,0.2100529201793052
Gene_0330,101.5,-1.2896760979610558,0.7839169288465484
Gene_0331,105.33333333333333,1.2537347862197346,0.6858724552314401
Gene_0332,99.33333333333333,-0.7648492283081031,0.6809779292117637
Gene_0333,100.5,-1.7959827345840234,0.5526345818291939
Gene_0334,101.5,0.23787515634886738,0.5635783427765488
Gene_0335,100.16666666666667,-0.25460798601388357,0.7356975053062538
Gene_0336,98.83333333333333,-1.1096093679030308,0.2700024811211953
Gene_0337,98.16666666666667,-1.681376891715264,0.35276846585695576
Gene_0338,97.0,-0.008360787271456756,0.8716367705200551
Gene_0339,103.0,0.9758368916238175,0.30886520101215775
Gene_0340,96.83333333333333,0.5849534930864443,0.546309571379299
Gene_0341,89.16666666666667,0.056706648839265496,0.7026394640066841
Gene_0342,106.16666666666667,0.4788475732177351,0.9999248268331765
Gene_0343,99.83333333333333,-0.027214132377857005,0.43529133149533195
Gene_0344,93.33333333333333,-1.4297242430303712,0.4280928766249438
Gene_0345,110.66666666666667,-1.4208939852234432,0.8425883794336675
Gene_0346,93.33333333333333,-0.20316852898467888,0.8055031112598633
Gene_0347,98.0,-0.16065328636607445,0.7310758817345485
Gene_0348,92.0,0.8509826785067651,0.4632296374090289
Gene_0349,110.5,0.7573042237747472,0.3239391201607158
Gene_0350,101.33333333333333,0.6051330157589494,0.6087304825848486
Gene_0351,109.5,-0.2802827130771807,0.8762232931316409
Gene_0352,97.0,-1.3806521701101395,0.8837774582085866
Gene_0353,103.16666666666667,0.41207113706602394,0.10849834507043843
Gene_0354,99.66666666666667,0.5251693132621684,0.42835028381315066
Gene_0355,102.16666666666667,-2.388531462477686,0.46472195619874945
Gene_0356,91.16666666666667,-0.8343381865826627,0.9776153675237532
Gene_0357,106.83333333333333,-0.691054377393896,0.6779980152425845
Gene_0358,98.83333333333333,0.11835020112343628,0.40724641726207056
Gene_0359,95.5,-0.8033604327656939,0.026057885985593
Gene_0360,104.0,-0.03813456882464047,0.5653851600991959
Gene_0361,98.83333333333333,-0.2105349403529925,0.09607597563835613
Gene_0362,95.33333333333333,-0.15914947153772793,0.8344499573477631
Gene_0363,97.66666666666667,-0.7163942937007461,0.7525186605703621
Gene_0364,99.5,-0.6389850540666776,0.46050915990817876
Gene_0365,102.83333333333333,-1.0802670597806927,0.4292107795416997
Gene_0366,100.5,0.380067440573832,0.8973389655687687
Gene_0367,101.33333333333333,0.5711026285913683,0.2884583504181284
Gene_0368,98.66666666666667,-0.7706179501253388,0.2490199621067708
Gene_0369,102.33333333333333,1.5206400960170445,0.9391974328257621
Gene_0370,106.83333333333333,-0.3146014474420489,0.8092458367534826
Gene_0371,94.33333333333333,1.5301856237965608,0.8206255930671946
Gene_0372,101.16666666666667,-0.6421271738316033,0.19519381427592553
Gene_0373,97.66666666666667,-2.0265777765994355,0.1432959914309344
Gene_0374,98.33333333333333,0.4021978249123513,0.0260295498171349
Gene_0375,96.33333333333333,0.24854510511898723,0.23704150891868003
Gene_0376,96.5,0.034393795307583075,0.7741904917143247
Gene_0377,102.83333333333333,-0.6422324784439893,0.24003841876414977
Gene_0378,89.66666666666667,-0.034572225485819015,0.7291032835948762
Gene_0379,94.66666666666667,-0.5112594578695273,0.2519082653674215
Gene_0380,105.5,-0.30234956633175064,0.3952924979506717
Gene_0381,101.0,0.841632255765075,0.9831622899114084
Gene_0382,99.66666666666667,0.18421722953009348,0.24481173128413558
Gene_0383,98.33333333333333,0.6099513873319773,0.37637062729826765
Gene_0384,100.83333333333333,-0.23186850662578992,0.30108718046521366
Gene_0385,98.66666666666667,-0.34201734580477505,0.10962498633000228
Gene_0386,95.83333333333333,-1.1534825308886436,0.48989414213082494
Gene_0387,99.66666666666667,-0.370036612568197,0.3786906633330023
Gene_0388,94.5,-3.321114555589139,0.6948870858072801
Gene_0389,99.66666666666667,-0.5902219663056348,0.8175945469515462
Gene_0390,99.5,-0.08187417719083909,0.5442497144956385
Gene_0391,99.0,0.5636736542701563,0.03219642208733686
Gene_0392,100.66666666666667,-0.268677877524957,0.6189223562347216
Gene_0393,95.0,0.34767354224499963,0.055390730020939194
Gene_0394,101.5,-2.1797886613902455,0.6163563235990249
Gene_0395,101.33333333333333,-0.056836852206949735,0.6850299492691885
Gene_0396,108.5,-1.6795027929134034,0.19776762761751843
Gene_0397,100.16666666666667,-1.2083035156593327,0.819346148721771
Gene_0398,95.83333333333333,-0.18716554786386091,0.9110851315740486
Gene_0399,100.83333333333333,1.2762639878735544,0.8130869641138196
Gene_0400,98.83333333333333,0.37120676347005876,0.30510919021208216
Gene_0401,97.83333333333333,0.01823099713711716,0.5866430124456344
Gene_0402,98.83333333333333,-0.019530389467102203,0.9148151491912277
Gene_0403,106.83333333333333,-0.7136288932044673,0.3206647262228499
Gene_0404,98.33333333333333,-0.5439834133726836,0.820027822265425
Gene_0405,105.66666666666667,0.42737604547079716,0.009475131261696523
Gene_0406,94.66666666666667,-1.3853605184444944,0.00364670278467627
Gene_0407,101.0,0.5930540502830212,0.7597116603389674
Gene_0408,100.0,-0.38850706711885274,0.7614475821271212
Gene_0409,103.33333333333333,0.8255570748695653,0.7889771878522938
Gene_0410,103.0,0.9610934572320835,0.9300268378881623
Gene_0411,100.16666666666667,-1.6730840125057405,0.11790631182028422
Gene_0412,99.16666666666667,-0.5815807632272181,0.23198498498368836
Gene_0413,102.83333333333333,-0.8555276879406237,0.9037249203738076
Gene_0414,103.5,-1.812727965073143,0.17723619777235344
Gene_0415,96.16666666666667,-1.0325332762094106,0.682229267576584
Gene_0416,103.66666666666667,2.44125584526534,0.5304630000408154
Gene_0417,101.0,0.6095098962124401,0.08319367685150725
Gene_0418,105.0,1.917287968605754,0.28526366194153285
Gene_0419,96.16666666666667,0.8290984400183357,0.5203722164409679
Gene_0420,94.83333333333333,-0.7418431610084755,0.8523501166838341
Gene_0421,102.33333333333333,-0.381771196674043,0.7075384896146737
Gene_0422,100.16666666666667,0.5884361802403073,0.621883161454933
Gene_0423,98.66666666666667,0.4375062034730363,0.4960328899414148
Gene_0424,104.33333333333333,-0.5773420157083338,0.2986839838141343
Gene_0425,99.66666666666667,-1.509993170579207,0.11924491131926118
Gene_0426,100.16666666666667,3.287761187388739,0.40907603456609554
Gene_0427,103.0,-0.14114967234280568,0.028518493911292575
Gene_0428,101.16666666666667,-0.32573889318261995,0.2110558892668506
Gene_0429,100.5,0.11333446390530184,0.43248337587265984
Gene_0430,99.33333333333333,-0.24272858931102906,0.41860518567191507
Gene_0431,95.5,0.12272890770548392,0.0442954309969924
Gene_0432,98.16666666666667,1.2869472861164193,0.5890601535252913
Gene_0433,97.66666666666667,-0.12454847968642378,0.5496842558532362
Gene_0434,93.66666666666667,-1.1627104393277614,0.07810430402091284
Gene_0435,101.0,-0.16164379447861094,0.9431630524604393
Gene_0436,94.0,-0.4644017814099108,0.09938277895086012
Gene_0437,88.16666666666667,1.4238989372468513,0.8548341512373361
Gene_0438,99.5,1.1711190647375707,0.00030973191500593966
Gene_0439,100.66666666666667,0.10752500043079882,0.8822810950453831
Gene_0440,97.83333333333333,-1.2787358548192564,0.019719732204312557
Gene_0441,99.5,-1.2258922634399458,0.757812031892116
Gene_0442,102.5,0.015123261584553639,0.36169081130025293
Gene_0443,102.0,0.3363229693212808,0.7382168001363199
Gene_0444,95.0,-0.3746228193260549,0.4017452054249785
Gene_0445,104.5,-0.48016958420723416,0.07090792233184173
Gene_0446,103.66666666666667,-0.5927992331786469,0.7675066953953641
Gene_0447,100.16666666666667,-0.023393960243946223,0.07125268532136497
Gene_0448,102.16666666666667,-2.382762352073065,0.922120435961218
Gene_0449,96.16666666666667,-1.1013266287697099,0.050974035791661376
Gene_0450,99.33333333333333,-0.6270508454473505,0.47932527777151546
Gene_0451,101.66666666666667,1.2075031949519204,0.7230344308507957
Gene_0452,98.0,-0.8138136419289291,0.39324646479203773
Gene_0453,101.0,0.18046814183120644,0.2172334745924347
Gene_0454,93.83333333333333,0.22654275093099605,0.759090961396027
Gene_0455,106.16666666666667,1.2979165056607622,0.7842947047887264
Gene_0456,94.66666666666667,1.2625774069641502,0.9226949839543672
Gene_0457,103.16666666666667,-0.05750296879491637,0.3761651104310777
Gene_0458,105.33333333333333,-0.47548474118944284,0.5062517344973269
Gene_0459,103.5,-0.6638331028256903,0.36312844284607204
Gene_0460,100.16666666666667,-0.2410632224657809,0.2570818218513682
Gene_0461,101.66666666666667,-0.43403335432359996,0.7510329615376086
Gene_0462,102.0,0.553627409358232,0.33965184501695544
Gene_0463,101.33333333333333,0.4203098174852043,0.42814944199235205
Gene_0464,97.16666666666667,0.5918011911450157,0.40367365762402785
Gene_0465,93.0,1.2592837114361684,0.7126612256467458
Gene_0466,102.33333333333333,1.862869121400177,0.9177956261106798
Gene_0467,101.33333333333333,0.12466339340755687,0.6667560613073773
Gene_0468,101.5,1.0994637713956532,0.4715825960942326
Gene_0469,95.16666666666667,-0.35166018383421516,0.7792051147388834
Gene_0470,105.66666666666667,1.185006983583016,0.6409713241221375
Gene_0471,100.83333333333333,1.0615091571758444,0.060610357117813485
Gene_0472,92.0,1.0084159699429913,0.09566358641884165
Gene_0473,96.66666666666667,0.09406984119152385,0.03791694407363333
Gene_0474,102.83333333333333,-0.6683581639908888,0.45681632620631984
Gene_0475,103.0,-1.3945284378654765,0.8258534343389649
Gene_0476,105.0,-0.04003720752109928,0.31308316935135205
Gene_0477,97.66666666666667,1.533012542249183,0.3841601830924817
Gene_0478,102.66666666666667,-0.3098449013640731,0.9094771083678906
Gene_0479,100.66666666666667,0.7851265854600545,0.8369034453166548
Gene_0480,99.5,0.8439514005189311,0.66504811238256
Gene_0481,104.66666666666667,-0.28368622092717277,0.2668037820922513
Gene_0482,105.0,1.3163448375195195,0.1170414826884435
Gene_0483,96.5,-2.9086607444805037,0.016058822680113716
Gene_0484,97.16666666666667,-1.222750278738175,0.10701067260442088
Gene_0485,108.83333333333333,-0.9156322963584598,0.29259644362394277
Gene_0486,103.66666666666667,-0.8197150228673898,0.5517900635794957
Gene_0487,103.83333333333333,0.3362629511858955,0.06400008275238689
Gene_0488,103.5,0.29003780305390187,0.136227778318449
Gene_0489,98.5,0.3939905721750079,0.18108070230794104
Gene_0490,98.66666666666667,0.5960814941324868,0.6319820929833062
Gene_0491,98.83333333333333,-0.9501045691456491,0.6157897989801244
Gene_0492,103.5,-1.218176066807319,0.5507657263721529
Gene_0493,100.33333333333333,0.39631968200786294,0.2505014246959396
Gene_0494,106.83333333333333,-0.6302320736464391,0.371119691218732
Gene_0495,96.83333333333333,-1.5704750453679706,0.09668971633774304
Gene_0496,105.66666666666667,0.9713442845414815,0.22646060375805488
Gene_0497,103.33333333333333,1.3951019065022976,0.8977052264725804
Gene_0498,94.33333333333333,1.5571608896986593,0.9796917464358285
Gene_0499,97.5,0.18700772147472028,0.6476595856402947
Gene_0500,99.33333333333333,0.6259320959729026,0.9168232920234202
Gene_0501,107.16666666666667,1.3698682233619108,0.6427419004014251
Gene_0502,111.5,-0.6414157900234342,0.03319648610546988
Gene_0503,96.16666666666667,1.110677684054092,0.996762584986409
Gene_0504,99.5,0.2753962341432087,0.0989523016865349
Gene_0505,102.33333333333333,0.913711652342591,0.6826418014450607
Gene_0506,103.33333333333333,0.18609302087593527,0.25283620307479004
Gene_0507,97.16666666666667,1.2962567097480018,0.39198111290696014
Gene_0508,108.83333333333333,0.22352376254153686,0.6459341848009382
Gene_0509,104.33333333333333,-1.4839790594674176,0.43648734930770705
Gene_0510,102.66666666666667,1.451926632314722,0.25054605893112825
Gene_0511,95.16666666666667,-0.947530740972112,0.3344461868783247
Gene_0512,100.33333333333333,1.2530582102439143,0.3415481169231763
Gene_0513,100.5,-0.09024288144032204,0.9593239045082137
Gene_0514,100.5,1.1760109851977065,0.798613015923451
Gene_0515,100.66666666666667,1.134768614866765,0.4585487714794001
Gene_0516,94.5,0.43014297431537113,0.19982092034136412
Gene_0517,98.5,0.5085353176271306,0.811016110262656
Gene_0518,98.83333333333333,0.42262861719256595,0.1571824716083735
Gene_0519,94.66666666666667,-2.013824756281078,0.21046221714200342
Gene_0520,98.66666666666667,0.11833021889820218,0.36601339184015114
Gene_0521,90.66666666666667,-1.116064176071895,0.8803481958519901
Gene_0522,104.33333333333333,0.17118714374566293,0.13178666863411026
Gene_0523,95.5,-1.1429425463832155,0.12223419285452608
Gene_0524,100.16666666666667,-1.184951941226075,0.493974988305266
Gene_0525,96.5,1.6049345017539018,0.2764105410936747
Gene_0526,99.16666666666667,1.0694473881241897,0.5687279416481599
Gene_0527,93.0,-0.004142584944154457,0.4516366846832235
Gene_0528,93.83333333333333,0.1847686502490239,0.4349591063512168
Gene_0529,92.83333333333333,-0.24791602574300886,0.11197297048699328
Gene_0530,98.83333333333333,0.5698763759795226,0.14104969024984015
Gene_0531,99.66666666666667,-0.6760543665488047,0.8210785774468501
Gene_0532,106.5,0.9937402628679574,0.8858827375717444
Gene_0533,100.66666666666667,-0.25308684101411083,0.23468353288525023
Gene_0534,94.33333333333333,-0.4198469958312289,0.11346050152476905
Gene_0535,97.5,0.0217130184848427,0.05341667193451061
Gene_0536,101.5,-0.5911468299256105,0.6082976137418968
Gene_0537,96.83333333333333,0.32868234949648295,0.7153532125002056
Gene_0538,106.5,-0.5373625893134,0.3728099892032055
Gene_0539,100.16666666666667,0.4685236028188362,0.6796758674906396
Gene_0540,103.0,1.2160065389114765,0.7129588155595261
Gene_0541,97.66666666666667,-0.7193216868081737,0.9353422813969053
Gene_0542,98.5,-0.1305754572951713,0.06487363783510725
Gene_0543,100.16666666666667,0.4613307130354217,0.1922917232310798
Gene_0544,98.66666666666667,-0.43585735498140676,0.06852598759698814
Gene_0545,91.0,0.46432056082666495,0.8679939333361105
Gene_0546,103.83333333333333,0.5553988606517399,0.7925871600335685
Gene_0547,106.16666666666667,1.083261776294304,0.574642070621839
Gene_0548,93.83333333333333,-0.6059900460849119,0.08366341005118316
Gene_0549,98.83333333333333,-0.9427752402304745,0.2733123586537196
Gene_0550,98.5,-0.30757738956374386,0.2977198480585169
Gene_0551,104.83333333333333,-0.9677523395471003,0.5607431960154171
Gene_0552,94.0,0.5644982040474971,0.25804389403671546
Gene_0553,100.66666666666667,-1.1617513001764113,0.07295986391295484
Gene_0554,93.33333333333333,2.3330164182526882,0.7307623018532994
Gene_0555,107.5,1.2959278615737506,0.2990802116554113
Gene_0556,96.0,0.012575769600314235,0.4523741770233006
Gene_0557,97.0,0.8673944929979758,0.12766663498230535
Gene_0558,100.83333333333333,-1.6368018643107916,0.8025483033945796
Gene_0559,93.66666666666667,2.523373331399558,0.5655318769240576
Gene_0560,101.66666666666667,-0.5902146122004895,0.9015856262098628
Gene_0561,93.33333333333333,-0.12049741389935952,0.49547156306533335
Gene_0562,101.33333333333333,-1.8559332871884366,0.9414256718178797
Gene_0563,94.66666666666667,0.4862873047408947,0.891868204381326
Gene_0564,96.16666666666667,-1.1063441570771089,0.5764598564592339
Gene_0565,99.83333333333333,0.1016557615660292,0.9338934381498634
Gene_0566,105.83333333333333,-0.5442744329245381,0.3230887472945523
Gene_0567,104.33333333333333,-1.0777439349303435,0.36564216270421135
Gene_0568,107.83333333333333,-0.8043615017626171,0.045477951306036934
Gene_0569,95.0,0.2257880340855212,0.5892009067638531
Gene_0570,104.5,-1.2814909728688246,0.7219239699289334
Gene_0571,100.0,-0.7488116710235772,0.7735191902421031
Gene_0572,106.33333333333333,0.6632733812644779,0.1498162860461033
Gene_0573,100.66666666666667,2.602479874874313,0.4441590723125003
Gene_0574,100.33333333333333,0.47758881955300486,0.17686321209391564
Gene_0575,101.66666666666667,-0.9172616421772875,0.6621273488542488
Gene_0576,108.33333333333333,-0.367114170072311,0.15794637242176812
Gene_0577,101.5,0.03158900615257829,0.9041636839560749
Gene_0578,99.16666666666667,-0.3494249506357074,0.23063464566141334
Gene_0579,100.33333333333333,0.903058166736933,0.29140226628824484
Gene_0580,94.33333333333333,0.21747348301422456,0.8509063221509997
Gene_0581,102.0,0.9078523849098702,0.4584676101457238
Gene_0582,100.5,-0.31444379029762937,0.023995945800073026
Gene_0583,105.5,1.3255002197212566,0.49458625120264577
Gene_0584,96.33333333333333,-0.1664855842815459,0.08454333538012304
Gene_0585,100.66666666666667,-0.9711898691379917,0.9853447186873107
Gene_0586,99.66666666666667,2.1773203810422213,0.5881115704556024
Gene_0587,98.16666666666667,-1.8249777469611168,0.25653261761097845
Gene_0588,98.0,-0.7387387253049276,0.5637176795476178
Gene_0589,101.5,-0.6270278518303946,0.07686710338175484
Gene_0590,102.0,2.5083062730565633,0.799891304268817
Gene_0591,97.83333333333333,1.8068588841465116,0.9253280538641637
Gene_0592,95.83333333333333,1.4939281436421976,0.8744443882061596
Gene_0593,95.83333333333333,-0.3306586623763318,0.3417576022985628
Gene_0594,96.83333333333333,2.426178003841775,0.3257681196433685
Gene_0595,107.66666666666667,0.3683520038409712,0.035087611216299996
Gene_0596,103.16666666666667,0.9772633703031223,0.6514003587009167
Gene_0597,95.83333333333333,0.17969538110620695,0.5349047841897949
Gene_0598,98.0,-0.04946657132325152,0.45934637132734135
Gene_0599,98.5,-0.25177867392637926,0.907630953334707
Gene_0600,102.66666666666667,-0.20963999341916223,0.1678789010828463
Gene_0601,99.5,0.6084916486780788,0.009666266690182335
Gene_0602,98.33333333333333,0.367199798775388,0.07331645212076543
Gene_0603,98.33333333333333,-0.031471370203683895,0.2233714378273689
Gene_0604,107.66666666666667,1.5095239926988544,0.03328554926345695
Gene_0605,97.83333333333333,-2.9667530687407306,0.5028437106431355
Gene_0606,98.0,0.5098872479211952,0.31409045523357804
Gene_0607,100.16666666666667,0.7177387066589797,0.18048300806813267
Gene_0608,96.16666666666667,1.1469628682551696,0.7500840749486621
Gene_0609,103.83333333333333,-0.06487144105336112,0.20445132623253004
Gene_0610,102.5,0.2079200673839576,0.6876051009937932
Gene_0611,102.0,0.9859483833147212,0.3492649058476389
Gene_0612,102.83333333333333,1.49116640428018,0.5118277606625545
Gene_0613,103.16666666666667,-0.3005359851787682,0.9338670398513198
Gene_0614,103.0,0.26697578312756015,0.03735163481581283
Gene_0615,102.83333333333333,1.6785739643487572,0.5002645074774619
Gene_0616,101.66666666666667,-2.124027075878851,0.8544229603276182
Gene_0617,102.66666666666667,-0.6900125998145852,0.5879742483703485
Gene_0618,97.16666666666667,1.4658359786029627,0.27687051696515663
Gene_0619,100.16666666666667,1.092537833608303,0.39768113514503434
Gene_0620,93.0,0.5224452109266943,0.6802656287285745
Gene_0621,100.5,-0.44859687310912016,0.890811894313803
Gene_0622,101.66666666666667,-0.8818184989854194,0.041066373746611595
Gene_0623,101.66666666666667,-0.5912156192423738,0.07153882189037641
Gene_0624,92.5,1.5480082208186925,0.32505152360958756
Gene_0625,96.33333333333333,-0.6284426891553463,0.23277968443747898
Gene_0626,95.5,0.10142296423965785,0.264930886222406
Gene_0627,101.66666666666667,-0.7537076448617458,0.22126999862588093
Gene_0628,97.0,0.842774030099027,0.19582504885515772
Gene_0629,97.16666666666667,-0.5387262803464412,0.13062396686929179
Gene_0630,97.5,-0.09759389015441426,0.933954131795238
Gene_0631,100.66666666666667,-1.6833821330428256,0.14418946390615306
Gene_0632,108.5,-1.6133682362049397,0.20440377476553617
Gene_0633,101.16666666666667,0.007673193321506307,0.24626572398078572
Gene_0634,109.0,-1.325157155197762,0.9330148731304205
Gene_0635,98.83333333333333,2.1050866393345022,0.7557141336010847
Gene_0636,100.0,-2.0615231121122495,0.7896994303155147
Gene_0637,100.33333333333333,-0.8001752986641041,0.10475825953849804
Gene_0638,97.16666666666667,0.01670086726755042,0.8363098750156717
Gene_0639,93.16666666666667,-0.3651329377957845,0.408193081817418
Gene_0640,99.33333333333333,-1.104145456663919,0.26282302621238873
Gene_0641,96.16666666666667,-0.957927839495268,0.5757500835203105
Gene_0642,102.33333333333333,-0.9906540774992385,0.8221829058167339
Gene_0643,101.66666666666667,-0.2867216948200629,0.7786521510749094
Gene_0644,91.0,1.9519290895174237,0.8899974825811321
Gene_0645,98.5,0.0779372965582097,0.9281321860154439
Gene_0646,99.83333333333333,1.182900489387524,0.23812207142774955
Gene_0647,101.16666666666667,0.5069763458281417,0.42385789416927167
Gene_0648,101.5,1.1138623979822202,0.014628539205070012
Gene_0649,99.66666666666667,-2.7999643025935854,0.87932165926506
Gene_0650,100.5,-0.30445802114822945,0.15457215147476755
Gene_0651,97.33333333333333,1.3071354231507137,0.8614748123426943
Gene_0652,101.5,-0.5717358227493337,0.32938732198659637
Gene_0653,100.5,1.7624731648696121,0.3681335899811382
Gene_0654,102.33333333333333,1.4838901537677616,0.039132254483859374
Gene_0655,108.16666666666667,-0.4691307161274624,0.3268787897653196
Gene_0656,90.5,-0.5031635190463567,0.8883636828012641
Gene_0657,105.33333333333333,-1.0136058423544687,0.02554740112160414
Gene_0658,109.83333333333333,-0.6295942318637977,0.40632747304672534
Gene_0659,97.83333333333333,-1.2325890641689152,0.03139962981274114
Gene_0660,103.0,0.4288111804330056,0.37092342510906495
Gene_0661,97.16666666666667,-1.4560464933464334,0.17264064078029118
Gene_0662,104.0,0.6037330161902218,0.25221839326837203
Gene_0663,97.0,0.6280786969002486,0.877598373161419
Gene_0664,102.83333333333333,-1.6612044051839225,0.436049220621891
Gene_0665,108.0,1.5498186063283395,0.2737979914019122
Gene_0666,98.66666666666667,0.5136092944152219,0.5893383779505478
Gene_0667,101.16666666666667,0.749698021444869,0.14210695983258237
Gene_0668,101.66666666666667,-0.758665201542772,0.2593916074208559
Gene_0669,100.83333333333333,0.6223791184731184,0.5462479676028885
Gene_0670,98.66666666666667,1.1263934497220656,0.23752304184806883
Gene_0671,106.16666666666667,-0.09860839900467729,0.6791277374008733
Gene_0672,97.5,2.001922459248361,0.49149130225952253
Gene_0673,96.66666666666667,0.04406463491293769,0.7719890702546909
Gene_0674,105.66666666666667,1.1407858004524745,0.9482445357224686
Gene_0675,99.83333333333333,0.293008807258655,0.11580488934740774
Gene_0676,98.0,0.5855215328568677,0.33466500998454485
Gene_0677,105.0,-1.671332267634772,0.31954906287840656
Gene_0678,99.83333333333333,0.37105373821536314,0.15118291933725425
Gene_0679,103.83333333333333,-0.734975101257266,0.8103031373334708
Gene_0680,93.16666666666667,-0.8463983057776877,0.75987870403879
Gene_0681,100.16666666666667,1.7441031844659785,0.484425470834399
Gene_0682,99.5,-0.2137702480623489,0.5377707777946096
Gene_0683,96.33333333333333,-1.0033018309754966,0.05954413800249625
Gene_0684,103.66666666666667,-0.3591316281088747,0.5555073523270456
Gene_0685,91.83333333333333,-1.3004502289219138,0.7913415240196364
Gene_0686,100.16666666666667,1.43388446819627,0.5738275735838572
Gene_0687,98.0,-0.695680744166515,0.2653063701204189
Gene_0688,102.33333333333333,0.5292999339436693,0.6675482723343372
Gene_0689,90.5,1.3561067142103251,0.36148842996524766
Gene_0690,102.66666666666667,-0.5001526812147293,0.5448732842857352
Gene_0691,102.16666666666667,0.532022432272786,0.48756536327892475
Gene_0692,95.16666666666667,-1.03008605490443,0.3811750009651801
Gene_0693,101.66666666666667,2.445769569113684,0.7188779803941351
Gene_0694,96.16666666666667,0.9363801346166222,0.8838761119858818
Gene_0695,99.5,-0.19260643876080602,0.005212518476924943
Gene_0696,97.5,-0.7728337308889638,0.9336165192303673
Gene_0697,100.0,-0.11399655283962636,0.511515136083225
Gene_0698,100.5,-0.3399837223515192,0.7007318803632652
Gene_0699,104.16666666666667,1.9529445539995067,0.8556245661758771
Gene_0700,96.0,-1.2255347222149022,0.46710369231426996
Gene_0701,102.66666666666667,0.13480142329020342,0.8349740733648903
Gene_0702,96.16666666666667,-0.01833806663370996,0.17761981945520222
Gene_0703,102.0,-0.11741030034486948,0.15916753447981447
Gene_0704,97.33333333333333,-0.10861665493834241,0.6574713688561535
Gene_0705,97.5,-0.11607081012048345,0.8701430055517372
Gene_0706,107.33333333333333,0.8730660663320997,0.8924261775360394
Gene_0707,96.0,0.6089844464924351,0.6437404583772466
Gene_0708,101.16666666666667,0.4189116113727865,0.5254892302093175
Gene_0709,104.0,-3.033989362145269,0.3313930876965162
Gene_0710,93.33333333333333,0.2997948741631638,0.9800004155993314
Gene_0711,101.5,-1.6556393601700825,0.3196956866662505
Gene_0712,101.0,0.6463201631358254,0.7441861072315932
Gene_0713,100.33333333333333,1.4744973675705146,0.5319817999050007
Gene_0714,110.0,-0.9262391125885509,0.6085123425253467
Gene_0715,99.16666666666667,-0.2617807223427068,0.3934805505886262
Gene_0716,96.0,-0.599355705052997,0.9648231254722478
Gene_0717,103.66666666666667,1.2354317757568007,0.571682326099271
Gene_0718,108.16666666666667,0.09502788527207305,0.93778763045879
Gene_0719,105.5,1.7283293805663333,0.007591416173914123
Gene_0720,97.0,0.4137542029473876,0.572670583191121
Gene_0721,103.5,0.24245018063581938,0.7171868897252714
Gene_0722,103.0,0.06820678260283634,0.745080171162218
Gene_0723,97.0,0.8179920992573367,0.9049768817816813
Gene_0724,92.5,-1.7376861982453433,0.004401609003786278
Gene_0725,94.83333333333333,0.08534395552050993,0.00033015925947643687
Gene_0726,108.33333333333333,-0.07004644372796487,0.4722634607952153
Gene_0727,105.33333333333333,0.7254188271577663,0.02929370500537065
Gene_0728,99.33333333333333,-0.18770160587403686,0.9745325536623746
Gene_0729,100.5,-1.03873443416267,0.22206517454139196
Gene_0730,98.16666666666667,0.007350674919699149,0.4726647293648447
Gene_0731,106.66666666666667,-1.0828405288683434,0.06113763001222361
Gene_0732,104.5,-1.9252622125874854,0.5220484161712585
Gene_0733,104.0,0.727122481485493,0.3799561251474085
Gene_0734,104.0,0.5790615726946706,0.044660028877223756
Gene_0735,104.83333333333333,0.4670909439935746,0.33512426669622475
Gene_0736,99.0,1.302928421945811,0.3914360202228556
Gene_0737,111.5,-0.6650318903039252,0.98992149127494
Gene_0738,102.83333333333333,-1.431114142771255,0.20788587191937546
Gene_0739,94.5,-0.07002977680804456,0.5447796153700997
Gene_0740,99.0,-0.34750029970591045,0.9873155491986286
Gene_0741,98.33333333333333,-0.8422957167700686,0.7920192079401351
Gene_0742,99.33333333333333,-0.07984915348779596,0.9933675008820889
Gene_0743,103.66666666666667,-0.6116051462045847,0.9682983146601692
Gene_0744,103.0,-1.8360052833568312,0.4895395420941543
Gene_0745,104.33333333333333,-0.4411766907937603,0.6963758498705658
Gene_0746,96.83333333333333,-1.1363751667038573,0.1104431269411511
Gene_0747,99.5,0.2316480716109227,0.44114882504680186
Gene_0748,101.5,-0.6560347582406549,0.8090185422666974
Gene_0749,100.66666666666667,1.1116314741410516,0.5053353209771434
Gene_0750,92.5,1.6038660672678657,0.7026990328172319
Gene_0751,100.33333333333333,0.6793813730119062,0.745751329984277
Gene_0752,104.16666666666667,-1.55102618198332,0.2534691412428939
Gene_0753,107.66666666666667,1.5051959988790395,0.8756993729425655
Gene_0754,100.33333333333333,1.575720450373765,0.45982243090917896
Gene_0755,101.5,0.018790511307940762,0.21018510362154375
Gene_0756,99.16666666666667,1.322926160335532,0.8654158817884438
Gene_0757,98.83333333333333,-0.5516751380466781,0.41781880610625366
Gene_0758,98.5,-1.8662459348495894,0.7503124383797197
Gene_0759,101.0,-0.7602844386215937,0.5480330722215929
Gene_0760,99.5,1.729300866044756,0.38187175223450043
Gene_0761,101.66666666666667,-1.4910799236114731,0.8098764150385693
Gene_0762,106.0,-0.0004787180685054915,0.584469931644613
Gene_0763,97.0,0.034143893340212214,0.3905621024270317
Gene_0764,110.16666666666667,-0.5129742439678118,0.10959787033512702
Gene_0765,100.83333333333333,-0.44352159983711503,0.8954453137667079
Gene_0766,105.5,0.07224913423620272,0.035469585341666554
Gene_0767,98.16666666666667,-0.5621623419347272,0.8631873483680562
Gene_0768,98.16666666666667,-1.422058497167931,0.35996152488315547
Gene_0769,93.0,0.215031942943456,0.6393387635014058
Gene_0770,99.66666666666667,1.0733665824449723,0.9221997238356853
Gene_0771,107.16666666666667,0.8695725186534211,0.1517066155038984
Gene_0772,103.33333333333333,-0.8097354673898115,0.5669504756388102
Gene_0773,99.16666666666667,-1.2512279153776757,0.764432862370192
Gene_0774,107.66666666666667,-0.2841878821547786,0.7575838327190574
Gene_0775,100.83333333333333,1.567791509795664,0.525631914599504
Gene_0776,104.33333333333333,0.6455980789595456,0.6247394599064581
Gene_0777,102.83333333333333,0.7039646767942336,0.7575269941328445
Gene_0778,96.33333333333333,0.8898569517854946,0.8410276377574117
Gene_0779,101.5,0.42076656251858635,0.7618130968758637
Gene_0780,97.16666666666667,0.12060854761357863,0.35400494318124265
Gene_0781,102.83333333333333,0.6623068966479679,0.9967264010577331
Gene_0782,103.33333333333333,-0.5461661042180197,0.4345026937193044
Gene_0783,95.5,-1.4144630113663208,0.02446470275893342
Gene_0784,97.66666666666667,0.7229969346243232,0.36261695158546203
Gene_0785,99.33333333333333,1.2377381057492252,0.12778295457384325
Gene_0786,106.66666666666667,-1.1182319393560314,0.121442615728375
Gene_0787,105.66666666666667,0.8219214824159002,0.28153504010689434
Gene_0788,100.83333333333333,1.68076571338819,0.05337549417726084
Gene_0789,105.33333333333333,-0.0022462017571209794,0.6885121884095631
Gene_0790,104.0,-0.8180021847417462,0.07398888420190508
Gene_0791,101.33333333333333,0.12301867352675562,0.20328955543595617
Gene_0792,93.5,-0.5505339682007013,0.09289971449411938
Gene_0793,96.16666666666667,-0.6167301099564017,0.06316773090303107
Gene_0794,97.66666666666667,0.4331840672715425,0.26775166553954166
Gene_0795,104.0,-1.603729475029895,0.57189896766037
Gene_0796,106.5,-1.4439289224922272,0.9646855564468417
Gene_0797,98.33333333333333,0.019290880373942807,0.8755566543496063
Gene_0798,106.0,-0.02230853891243121,0.8759339254453248
Gene_0799,104.66666666666667,0.343554577039936,0.1760670360376576
Gene_0800,97.33333333333333,1.8752253884833885,0.2649071934978201
Gene_0801,101.16666666666667,0.10451403607582113,0.0763933167953057
Gene_0802,101.5,0.5981721503347944,0.778468339915185
Gene_0803,92.66666666666667,-0.9755329356146318,0.06981630148556195
Gene_0804,94.83333333333333,0.7679376635165368,0.5566956708208533
Gene_0805,100.5,-0.5263908651106776,0.24787557232395074
Gene_0806,99.0,0.07142083258109269,0.24344563402874475
Gene_0807,110.83333333333333,-0.10884862506916096,0.9907250552476051
Gene_0808,96.66666666666667,1.032974234914031,0.7567798069785374
Gene_0809,106.0,-1.3099765543749995,0.8369393582910502
Gene_0810,102.16666666666667,-2.2832386346150395,0.5719826853440126
Gene_0811,105.16666666666667,-0.2134326970879245,0.8710142873937492
Gene_0812,99.5,0.4685312569051241,0.6454905391663529
Gene_0813,102.16666666666667,0.15226937580750002,0.9461737047963453
Gene_0814,105.16666666666667,1.2322042374139113,0.2813385860456368
Gene_0815,99.33333333333333,0.43737267417966835,0.595319545782895
Gene_0816,104.16666666666667,-0.5638483318598599,0.6901313479368921
Gene_0817,95.5,-2.32542015413968,0.39293730502780666
Gene_0818,103.5,-0.23731223419521827,0.8797079824040532
Gene_0819,101.33333333333333,1.027959002257798,0.9798031631041544
Gene_0820,100.5,-0.3920477826671146,0.4937694913726616
Gene_0821,93.33333333333333,0.028320263677764197,0.39064065480433907
Gene_0822,102.83333333333333,0.42136025430670854,0.47193792855645866
Gene_0823,96.0,-1.0152923742498159,0.8527367457319316
Gene_0824,105.0,0.6232358966388174,0.6454684255181676
Gene_0825,103.16666666666667,1.6371217900017059,0.04477237251809507
Gene_0826,108.66666666666667,-0.17281335189340627,0.5421699104457148
Gene_0827,100.33333333333333,-1.1290644218323016,0.017300122740969814
Gene_0828,100.5,-0.06660102702197371,0.7785353710034054
Gene_0829,96.5,-2.2243841086088687,0.32831227354246373
Gene_0830,103.16666666666667,0.336903263976616,0.47200748211732935
Gene_0831,103.16666666666667,0.4522743776485788,0.798678105907632
Gene_0832,100.83333333333333,1.6756362938455622,0.04644881728576156
Gene_0833,101.33333333333333,-0.19399479256662508,0.15854153559161044
Gene_0834,97.5,0.40848533814647014,0.39796037644511484
Gene_0835,101.16666666666667,-0.8612881023859008,0.22992516354556058
Gene_0836,93.5,-0.3564271205250787,0.3379014257750631
Gene_0837,98.66666666666667,-1.525185436662198,0.998174737892465
Gene_0838,95.0,-0.1947896212832356,0.8254144375738107
Gene_0839,94.83333333333333,-0.30530915351856486,0.8839018149601086
Gene_0840,96.5,0.299199766088896,0.9370546335657753
Gene_0841,100.83333333333333,-0.6235968803326396,0.34093588031419564
Gene_0842,106.16666666666667,0.0833453509750919,0.2970769577964727
Gene_0843,97.16666666666667,-0.33338005560766565,0.2340624925720749
Gene_0844,104.33333333333333,-0.33149938829951425,0.8301169113081226
Gene_0845,90.33333333333333,0.08036232596303014,0.6795518622851849
Gene_0846,101.16666666666667,0.04052294231700993,0.2361719824828773
Gene_0847,99.5,0.7611740390516388,0.3769938292104549
Gene_0848,103.66666666666667,-0.12064303412983476,0.5067117639327983
Gene_0849,103.66666666666667,-0.34988534912300295,0.5281400572737537
Gene_0850,100.83333333333333,-0.18080744508722618,0.8887277285517147
Gene_0851,97.66666666666667,-0.7146641168409925,0.3805661329472163
Gene_0852,104.66666666666667,-0.35991109356667156,0.9085240305005123
Gene_0853,96.16666666666667,2.031158713073231,0.44136756031978963
Gene_0854,97.33333333333333,-0.9126787606958671,0.7463726747923538
Gene_0855,100.33333333333333,-0.2786563338793094,0.930254319985056
Gene_0856,97.16666666666667,-0.3874886632696904,0.9075757039632664
Gene_0857,98.33333333333333,-0.24717161224439949,0.056952867295681164
Gene_0858,111.5,-0.33123930887839503,0.20570429497656983
Gene_0859,101.5,0.27924010122099974,0.4769054255322751
Gene_0860,98.33333333333333,-1.7101751013917943,0.4315542899531073
Gene_0861,105.16666666666667,1.0371714725320045,0.640891664837207
Gene_0862,103.16666666666667,0.6325827996421973,0.9447090508254122
Gene_0863,104.83333333333333,-1.2428715860631347,0.11240471127794882
Gene_0864,92.16666666666667,-2.2690772729524014,0.45185866513424044
Gene_0865,98.33333333333333,-0.9770721461414011,0.1924110378871393
Gene_0866,96.33333333333333,-0.24266646142712253,0.8941075983979475
Gene_0867,100.0,2.580291898690775,0.9645801858016528
Gene_0868,91.83333333333333,0.5432569649742733,0.4787016818903501
Gene_0869,94.66666666666667,-1.8075896491814576,0.10401029772814074
Gene_0870,101.66666666666667,-0.689655504900944,0.7852946667226732
Gene_0871,96.83333333333333,-0.05321243627298323,0.697141350492399
Gene_0872,102.5,0.2536835542980969,0.35467082661031046
Gene_0873,97.66666666666667,-1.314748860310423,0.8874074739689635
Gene_0874,93.5,-0.1349902279770614,0.9758318897827072
Gene_0875,93.83333333333333,-0.7176391376105407,0.5578538491301954
Gene_0876,98.16666666666667,-1.1037585626023165,0.5657279113442923
Gene_0877,105.0,0.2595956466989539,0.29751350511377783
Gene_0878,100.0,0.773877173442822,0.5845060359833142
Gene_0879,96.33333333333333,0.8410412769616192,0.43964232052484653
Gene_0880,99.83333333333333,0.574386351133876,0.3021910269280519
Gene_0881,97.83333333333333,-0.49736953314026283,0.06718519652390131
Gene_0882,101.66666666666667,0.7145497614635058,0.2527078597091249
Gene_0883,94.16666666666667,0.3090544381042879,0.19785464967766442
Gene_0884,104.16666666666667,0.1339418829520131,0.5420419845539489
Gene_0885,94.0,-0.6116931217017981,0.6016700217635939
Gene_0886,105.16666666666667,-0.49687612734152825,0.6085717243060165
Gene_0887,104.0,0.07388693612455402,0.3881810010456791
Gene_0888,92.0,2.4398744669855015,0.421229733685496
Gene_0889,99.83333333333333,0.30124248009139015,0.83423842964064
Gene_0890,104.33333333333333,-0.611188502250286,0.4762328135171624
Gene_0891,94.0,-0.8323894449694428,0.9877733321371224
Gene_0892,96.66666666666667,-0.49176661265620286,0.4396172300088649
Gene_0893,100.83333333333333,2.177293447549066,0.649580944617839
Gene_0894,99.16666666666667,-0.39925664594596205,0.0503629989933958
Gene_0895,93.5,0.906870534610285,0.6533399244188108
Gene_0896,99.33333333333333,-0.3759282454713564,0.8514263944150061
Gene_0897,103.33333333333333,0.26118454127962865,0.9424578385332962
Gene_0898,100.83333333333333,0.7917452740087223,0.9973206116397705
Gene_0899,102.0,-0.571902849809924,0.2821786456492331
Gene_0900,98.83333333333333,-0.6411116541527696,0.5753700648257168
Gene_0901,102.33333333333333,1.6588696944553298,0.45071798553214737
Gene_0902,98.0,0.9845928948957967,0.563817480575171
Gene_0903,98.83333333333333,0.7906723186907281,0.15745295718984664
Gene_0904,94.16666666666667,0.787276293122914,0.8561495725959415
Gene_0905,102.5,0.4595754883110654,0.9095689433445876
Gene_0906,96.0,2.017775813175065,0.44966166311292255
Gene_0907,102.83333333333333,0.043908301877156795,0.28042986157357686
Gene_0908,103.66666666666667,0.5772623672009194,0.14083342765301232
Gene_0909,91.5,-1.4509129285940126,0.6837648247778044
Gene_0910,104.33333333333333,-0.8249606865912409,0.3122318396207352
Gene_0911,101.83333333333333,-1.2008189998350405,0.9095385699133887
Gene_0912,96.33333333333333,1.2740635835161493,0.67101247484487
Gene_0913,97.16666666666667,-2.55254015202075,0.6456853251742407
Gene_0914,99.16666666666667,-0.40231002275272265,0.5594021158982408
Gene_0915,101.16666666666667,-2.993706602660623,0.04577633942872561
Gene_0916,100.33333333333333,-0.8312878954818901,0.931922435685587
Gene_0917,99.16666666666667,-0.49094894973186637,0.62793749329946
Gene_0918,98.16666666666667,1.384871093794044,0.9940619833831104
Gene_0919,99.33333333333333,0.39662793922145717,0.537356404772887
Gene_0920,100.16666666666667,-0.8331415233289663,0.7101108919062131
Gene_0921,104.66666666666667,1.065963719731826,0.05620955786622217
Gene_0922,102.33333333333333,0.01783225452975753,0.6317361768234109
Gene_0923,107.0,0.03756685870725232,0.7646496115903573
Gene_0924,100.66666666666667,-1.2026715077719918,0.7785142948525573
Gene_0925,99.66666666666667,-0.9900137139031391,0.7701116522302854
Gene_0926,97.16666666666667,-0.8250972999455244,0.22628262729366766
Gene_0927,100.66666666666667,0.046461273154189575,0.9753984776052259
Gene_0928,96.83333333333333,0.07788572698067482,0.9951821206249387
Gene_0929,100.5,1.5440926635240455,0.07559587516160127
Gene_0930,107.33333333333333,0.38505516793783434,0.9364464228117573
Gene_0931,107.16666666666667,-2.707565693672108,0.28944919430436933
Gene_0932,93.0,0.26264198787169046,0.6892840817509648
Gene_0933,100.0,-1.4500163561675328,0.33811092073613214
Gene_0934,105.33333333333333,-0.9659709246115362,0.9677543233731215
Gene_0935,100.83333333333333,-0.8121694717263297,0.10150385830353548
Gene_0936,93.16666666666667,-0.6633383235123018,0.497746816956376
Gene_0937,99.83333333333333,-1.375149392040303,0.42804779194207465
Gene_0938,98.83333333333333,0.20348200345228765,0.3260234522779849
Gene_0939,106.16666666666667,-1.4108022850909592,0.6455339908801486
Gene_0940,104.16666666666667,0.3566676072498469,0.13105574342166748
Gene_0941,99.16666666666667,2.2369710770616296,0.7166624181336969
Gene_0942,99.33333333333333,-1.3293590589340638,0.9805921238047873
Gene_0943,94.5,-0.28451030433922214,0.8045587144686301
Gene_0944,97.5,-2.52345736251247,0.8600167529095454
Gene_0945,99.0,-0.30093529297013316,0.3596367431790025
Gene_0946,94.5,0.642717152631484,0.3248866064812187
Gene_0947,98.5,0.7206392313572674,0.5170483546901332
Gene_0948,92.66666666666667,0.0773637302840967,0.04572661476227269
Gene_0949,97.5,0.8892634247589758,0.9453581344565326
Gene_0950,103.66666666666667,2.5460545359427917,0.1437851730161922
Gene_0951,99.16666666666667,1.7123046874375993,0.9030130391680924
Gene_0952,99.0,-0.5225209294096368,0.0835822220003557
Gene_0953,103.5,-1.4511039864667383,0.8226249276785601
Gene_0954,101.33333333333333,-0.40615141657380355,0.15196252587821513
Gene_0955,103.83333333333333,-0.9469827656173482,0.0381316140914727
Gene_0956,99.0,0.4513475478646326,0.7194894502594087
Gene_0957,100.5,-1.181193539429498,0.2802653001744283
Gene_0958,90.5,-0.07282243259034209,0.7144961527843495
Gene_0959,90.33333333333333,0.8380140545363105,0.5550852504728198
Gene_0960,111.5,-0.10069587281717703,0.10880739023006558
Gene_0961,97.83333333333333,-0.9463138227477965,0.9321300733011637
Gene_0962,107.66666666666667,1.1748140575856918,0.45231417476347757
Gene_0963,95.66666666666667,-1.8789809447538273,0.734447277798688
Gene_0964,98.5,-0.3277950558774631,0.5010205720156251
Gene_0965,102.83333333333333,-0.04166002338133474,0.6043614749612047
Gene_0966,97.33333333333333,0.01590865839963108,0.30277359235669243
Gene_0967,98.0,0.1804960560780812,0.20036030400345028
Gene_0968,103.5,0.6104398198094931,0.5425702034080678
Gene_0969,101.5,-0.03540743904535086,0.440218972971002
Gene_0970,94.0,-0.3680582821436807,0.3901132134339331
Gene_0971,96.83333333333333,-0.4075893446596956,0.672567195094623
Gene_0972,102.16666666666667,-0.6115158020383546,0.6905066320111359
Gene_0973,96.66666666666667,0.7875433243268652,0.04592005609126304
Gene_0974,98.33333333333333,-0.6465284794765146,0.33874449424367215
Gene_0975,98.83333333333333,0.8467711090082444,0.41176455022637737
Gene_0976,102.16666666666667,0.018999082259871004,0.0968921611641681
Gene_0977,99.16666666666667,-0.5212548068561296,0.23590086669828836
Gene_0978,100.5,0.6184072157441346,0.051641797222756636
Gene_0979,104.5,-0.7274539247231179,0.9962420986170206
Gene_0980,107.0,0.6381840407282129,0.7365572029698445
Gene_0981,98.5,0.21272612119178486,0.08745015650275367
Gene_0982,98.0,-0.5963246890919207,0.020249379790092115
Gene_0983,94.0,0.5286348153345591,0.7192878001522802
Gene_0984,95.83333333333333,0.5465897256886387,0.43919216568266695
Gene_0985,100.83333333333333,1.1575196058099577,0.786796709064576
Gene_0986,106.33333333333333,0.9661470124092959,0.9234760378183837
Gene_0987,103.33333333333333,0.49127402072628285,0.5993003890163725
Gene_0988,98.66666666666667,-1.1275909512087632,0.18710842291725305
Gene_0989,95.16666666666667,2.448586988174057,0.7821940360464525
Gene_0990,95.0,-1.4036162110718102,0.9558117431743745
Gene_0991,102.83333333333333,0.949263174282309,0.580231287059956
Gene_0992,101.83333333333333,0.4312838168862984,0.6819974472807335
Gene_0993,103.83333333333333,-1.1741423724811144,0.33747469503667304
Gene_0994,106.0,-0.12430093887849855,0.3815276946603112
Gene_0995,101.66666666666667,-0.07875288624464007,0.7346544978530639
Gene_0996,98.5,1.3055827158105235,0.9277710984068192
Gene_0997,90.83333333333333,-0.7133109002802115,0.6289883872243522
Gene_0998,102.5,-0.2619450064243539,0.7898479084853475
Gene_0999,101.0,-2.336069605021263,0.17163501741537301
