event_id,event_type,chromosome,strand,gene_name,upstream_end,exon1_start,exon1_end,exon2_start,exon2_end,downstream_start,sample,psi,inclusion_reads,exclusion_reads,total_reads,confidence
MXE_chr22_2746957_0,MXE,chr22,+,GENE_0000,2746957,2747057,2747257,2747357,2747557,2747657,sample_1_Aligned.sortedByCoord.out,0.7620632144028717,17,13,30,high
MXE_chr22_2746957_0,MXE,chr22,+,GENE_0000,2746957,2747057,2747257,2747357,2747557,2747657,sample_2_Aligned.sortedByCoord.out,0.6720885652588651,17,13,30,high
MXE_chr22_2746957_0,MXE,chr22,+,GENE_0000,2746957,2747057,2747257,2747357,2747557,2747657,sample_3_Aligned.sortedByCoord.out,0.39978971269396724,26,12,38,high
MXE_chr22_2746957_0,MXE,chr22,+,GENE_0000,2746957,2747057,2747257,2747357,2747557,2747657,sample_4_Aligned.sortedByCoord.out,0.6813973323407873,14,12,26,high
MXE_chr22_2746957_0,MXE,chr22,+,GENE_0000,2746957,2747057,2747257,2747357,2747557,2747657,sample_5_Aligned.sortedByCoord.out,0.7964596333451006,21,18,39,high
MXE_chr22_2746957_0,MXE,chr22,+,GENE_0000,2746957,2747057,2747257,2747357,2747557,2747657,sample_6_Aligned.sortedByCoord.out,0.24806042586344004,16,12,28,high
MXE_chr4_46828377_1,MXE,chr4,-,GENE_0001,46828377,46828477,46828677,46828777,46828977,46829077,sample_1_Aligned.sortedByCoord.out,0.6061491539509684,20,18,38,high
MXE_chr4_46828377_1,MXE,chr4,-,GENE_0001,46828377,46828477,46828677,46828777,46828977,46829077,sample_2_Aligned.sortedByCoord.out,0.6798625194238949,15,13,28,high
MXE_chr4_46828377_1,MXE,chr4,-,GENE_0001,46828377,46828477,46828677,46828777,46828977,46829077,sample_3_Aligned.sortedByCoord.out,0.31635164327391135,26,16,42,high
MXE_chr4_46828377_1,MXE,chr4,-,GENE_0001,46828377,46828477,46828677,46828777,46828977,46829077,sample_4_Aligned.sortedByCoord.out,0.0732833876835423,16,13,29,high
MXE_chr4_46828377_1,MXE,chr4,-,GENE_0001,46828377,46828477,46828677,46828777,46828977,46829077,sample_5_Aligned.sortedByCoord.out,0.7307065096092702,21,10,31,high
MXE_chr4_46828377_1,MXE,chr4,-,GENE_0001,46828377,46828477,46828677,46828777,46828977,46829077,sample_6_Aligned.sortedByCoord.out,0.5040958630858388,25,7,32,high
MXE_chr20_13195847_2,MXE,chr20,-,GENE_0002,13195847,13195947,13196147,13196247,13196447,13196547,sample_1_Aligned.sortedByCoord.out,0.7312932039449641,20,17,37,high
MXE_chr20_13195847_2,MXE,chr20,-,GENE_0002,13195847,13195947,13196147,13196247,13196447,13196547,sample_2_Aligned.sortedByCoord.out,0.7032251343341241,23,17,40,high
MXE_chr20_13195847_2,MXE,chr20,-,GENE_0002,13195847,13195947,13196147,13196247,13196447,13196547,sample_3_Aligned.sortedByCoord.out,0.5447679743635873,17,27,44,high
MXE_chr20_13195847_2,MXE,chr20,-,GENE_0002,13195847,13195947,13196147,13196247,13196447,13196547,sample_4_Aligned.sortedByCoord.out,0.2962177102788383,15,18,33,high
MXE_chr20_13195847_2,MXE,chr20,-,GENE_0002,13195847,13195947,13196147,13196247,13196447,13196547,sample_5_Aligned.sortedByCoord.out,0.44041412004278535,19,18,37,high
MXE_chr20_13195847_2,MXE,chr20,-,GENE_0002,13195847,13195947,13196147,13196247,13196447,13196547,sample_6_Aligned.sortedByCoord.out,0.5842759477577932,20,15,35,high
MXE_chr2_9428377_3,MXE,chr2,+,GENE_0003,9428377,9428477,9428677,9428777,9428977,9429077,sample_1_Aligned.sortedByCoord.out,0.4381803836566839,21,15,36,high
MXE_chr2_9428377_3,MXE,chr2,+,GENE_0003,9428377,9428477,9428677,9428777,9428977,9429077,sample_2_Aligned.sortedByCoord.out,0.5533246088572604,21,19,40,high
MXE_chr2_9428377_3,MXE,chr2,+,GENE_0003,9428377,9428477,9428677,9428777,9428977,9429077,sample_3_Aligned.sortedByCoord.out,0.5893725415500566,22,12,34,high
MXE_chr2_9428377_3,MXE,chr2,+,GENE_0003,9428377,9428477,9428677,9428777,9428977,9429077,sample_4_Aligned.sortedByCoord.out,0.7107161072672249,23,13,36,high
MXE_chr2_9428377_3,MXE,chr2,+,GENE_0003,9428377,9428477,9428677,9428777,9428977,9429077,sample_5_Aligned.sortedByCoord.out,0.3432039845586587,21,16,37,high
MXE_chr2_9428377_3,MXE,chr2,+,GENE_0003,9428377,9428477,9428677,9428777,9428977,9429077,sample_6_Aligned.sortedByCoord.out,0.3895833516484285,15,22,37,high
MXE_chr21_2482634_4,MXE,chr21,-,GENE_0004,2482634,2482734,2482934,2483034,2483234,2483334,sample_1_Aligned.sortedByCoord.out,0.19579675058431123,28,15,43,high
MXE_chr21_2482634_4,MXE,chr21,-,GENE_0004,2482634,2482734,2482934,2483034,2483234,2483334,sample_2_Aligned.sortedByCoord.out,0.3440429095978431,18,11,29,high
MXE_chr21_2482634_4,MXE,chr21,-,GENE_0004,2482634,2482734,2482934,2483034,2483234,2483334,sample_3_Aligned.sortedByCoord.out,0.46639964707676135,20,16,36,high
MXE_chr21_2482634_4,MXE,chr21,-,GENE_0004,2482634,2482734,2482934,2483034,2483234,2483334,sample_4_Aligned.sortedByCoord.out,0.33815729238744335,26,12,38,high
MXE_chr21_2482634_4,MXE,chr21,-,GENE_0004,2482634,2482734,2482934,2483034,2483234,2483334,sample_5_Aligned.sortedByCoord.out,0.558024368863299,19,19,38,high
MXE_chr21_2482634_4,MXE,chr21,-,GENE_0004,2482634,2482734,2482934,2483034,2483234,2483334,sample_6_Aligned.sortedByCoord.out,0.6309974046009406,24,16,40,high
MXE_chr21_33801962_5,MXE,chr21,-,GENE_0005,33801962,33802062,33802262,33802362,33802562,33802662,sample_1_Aligned.sortedByCoord.out,0.4423579483245637,14,13,27,high
MXE_chr21_33801962_5,MXE,chr21,-,GENE_0005,33801962,33802062,33802262,33802362,33802562,33802662,sample_2_Aligned.sortedByCoord.out,0.2682810911031192,20,15,35,high
MXE_chr21_33801962_5,MXE,chr21,-,GENE_0005,33801962,33802062,33802262,33802362,33802562,33802662,sample_3_Aligned.sortedByCoord.out,0.5667575301872466,26,15,41,high
MXE_chr21_33801962_5,MXE,chr21,-,GENE_0005,33801962,33802062,33802262,33802362,33802562,33802662,sample_4_Aligned.sortedByCoord.out,0.6639589529399432,23,19,42,high
MXE_chr21_33801962_5,MXE,chr21,-,GENE_0005,33801962,33802062,33802262,33802362,33802562,33802662,sample_5_Aligned.sortedByCoord.out,0.6414846190118834,23,14,37,high
MXE_chr21_33801962_5,MXE,chr21,-,GENE_0005,33801962,33802062,33802262,33802362,33802562,33802662,sample_6_Aligned.sortedByCoord.out,0.610199037316597,27,15,42,high
MXE_chr11_14868121_6,MXE,chr11,-,GENE_0006,14868121,14868221,14868421,14868521,14868721,14868821,sample_1_Aligned.sortedByCoord.out,0.8129248631976196,17,12,29,high
MXE_chr11_14868121_6,MXE,chr11,-,GENE_0006,14868121,14868221,14868421,14868521,14868721,14868821,sample_2_Aligned.sortedByCoord.out,0.597460683790599,19,15,34,high
MXE_chr11_14868121_6,MXE,chr11,-,GENE_0006,14868121,14868221,14868421,14868521,14868721,14868821,sample_3_Aligned.sortedByCoord.out,0.7935550342396821,13,12,25,high
MXE_chr11_14868121_6,MXE,chr11,-,GENE_0006,14868121,14868221,14868421,14868521,14868721,14868821,sample_4_Aligned.sortedByCoord.out,0.2604162767747934,19,11,30,high
MXE_chr11_14868121_6,MXE,chr11,-,GENE_0006,14868121,14868221,14868421,14868521,14868721,14868821,sample_5_Aligned.sortedByCoord.out,0.4627476848280952,21,19,40,high
MXE_chr11_14868121_6,MXE,chr11,-,GENE_0006,14868121,14868221,14868421,14868521,14868721,14868821,sample_6_Aligned.sortedByCoord.out,0.5718582880267101,24,14,38,high
MXE_chr18_37557263_7,MXE,chr18,+,GENE_0007,37557263,37557363,37557563,37557663,37557863,37557963,sample_1_Aligned.sortedByCoord.out,0.812610977679182,27,12,39,high
MXE_chr18_37557263_7,MXE,chr18,+,GENE_0007,37557263,37557363,37557563,37557663,37557863,37557963,sample_2_Aligned.sortedByCoord.out,0.5109703769308052,19,23,42,high
MXE_chr18_37557263_7,MXE,chr18,+,GENE_0007,37557263,37557363,37557563,37557663,37557863,37557963,sample_3_Aligned.sortedByCoord.out,0.3689671766554117,25,10,35,high
MXE_chr18_37557263_7,MXE,chr18,+,GENE_0007,37557263,37557363,37557563,37557663,37557863,37557963,sample_4_Aligned.sortedByCoord.out,0.5881920148821078,19,9,28,high
MXE_chr18_37557263_7,MXE,chr18,+,GENE_0007,37557263,37557363,37557563,37557663,37557863,37557963,sample_5_Aligned.sortedByCoord.out,0.4583136667641215,18,12,30,high
MXE_chr18_37557263_7,MXE,chr18,+,GENE_0007,37557263,37557363,37557563,37557663,37557863,37557963,sample_6_Aligned.sortedByCoord.out,0.8015253465929483,27,17,44,high
MXE_chr11_7180689_8,MXE,chr11,-,GENE_0008,7180689,7180789,7180989,7181089,7181289,7181389,sample_1_Aligned.sortedByCoord.out,0.25869186291463364,14,17,31,high
MXE_chr11_7180689_8,MXE,chr11,-,GENE_0008,7180689,7180789,7180989,7181089,7181289,7181389,sample_2_Aligned.sortedByCoord.out,0.4351525895089209,29,17,46,high
MXE_chr11_7180689_8,MXE,chr11,-,GENE_0008,7180689,7180789,7180989,7181089,7181289,7181389,sample_3_Aligned.sortedByCoord.out,0.3895840054835616,23,12,35,high
MXE_chr11_7180689_8,MXE,chr11,-,GENE_0008,7180689,7180789,7180989,7181089,7181289,7181389,sample_4_Aligned.sortedByCoord.out,0.45102252736265275,22,16,38,high
MXE_chr11_7180689_8,MXE,chr11,-,GENE_0008,7180689,7180789,7180989,7181089,7181289,7181389,sample_5_Aligned.sortedByCoord.out,0.17600083937582614,15,20,35,high
MXE_chr11_7180689_8,MXE,chr11,-,GENE_0008,7180689,7180789,7180989,7181089,7181289,7181389,sample_6_Aligned.sortedByCoord.out,0.757656878200465,14,12,26,high
MXE_chr13_3840641_9,MXE,chr13,-,GENE_0009,3840641,3840741,3840941,3841041,3841241,3841341,sample_1_Aligned.sortedByCoord.out,0.6083169611177146,21,14,35,high
MXE_chr13_3840641_9,MXE,chr13,-,GENE_0009,3840641,3840741,3840941,3841041,3841241,3841341,sample_2_Aligned.sortedByCoord.out,0.5366986746867072,13,20,33,high
MXE_chr13_3840641_9,MXE,chr13,-,GENE_0009,3840641,3840741,3840941,3841041,3841241,3841341,sample_3_Aligned.sortedByCoord.out,0.8127937163752199,26,11,37,high
MXE_chr13_3840641_9,MXE,chr13,-,GENE_0009,3840641,3840741,3840941,3841041,3841241,3841341,sample_4_Aligned.sortedByCoord.out,0.41211716759120687,23,21,44,high
MXE_chr13_3840641_9,MXE,chr13,-,GENE_0009,3840641,3840741,3840941,3841041,3841241,3841341,sample_5_Aligned.sortedByCoord.out,0.65567619068523,28,18,46,high
MXE_chr13_3840641_9,MXE,chr13,-,GENE_0009,3840641,3840741,3840941,3841041,3841241,3841341,sample_6_Aligned.sortedByCoord.out,0.07568562923532825,18,17,35,high
MXE_chr5_45443105_10,MXE,chr5,+,GENE_0010,45443105,45443205,45443405,45443505,45443705,45443805,sample_1_Aligned.sortedByCoord.out,0.5516068073220673,12,9,21,high
MXE_chr5_45443105_10,MXE,chr5,+,GENE_0010,45443105,45443205,45443405,45443505,45443705,45443805,sample_2_Aligned.sortedByCoord.out,0.5982229163511492,11,9,20,high
MXE_chr5_45443105_10,MXE,chr5,+,GENE_0010,45443105,45443205,45443405,45443505,45443705,45443805,sample_3_Aligned.sortedByCoord.out,0.2573624155782676,15,9,24,high
MXE_chr5_45443105_10,MXE,chr5,+,GENE_0010,45443105,45443205,45443405,45443505,45443705,45443805,sample_4_Aligned.sortedByCoord.out,0.17081600394063673,24,16,40,high
MXE_chr5_45443105_10,MXE,chr5,+,GENE_0010,45443105,45443205,45443405,45443505,45443705,45443805,sample_5_Aligned.sortedByCoord.out,0.6802235903631907,17,11,28,high
MXE_chr5_45443105_10,MXE,chr5,+,GENE_0010,45443105,45443205,45443405,45443505,45443705,45443805,sample_6_Aligned.sortedByCoord.out,0.26576009397893763,22,14,36,high
MXE_chr20_28444944_11,MXE,chr20,-,GENE_0011,28444944,28445044,28445244,28445344,28445544,28445644,sample_1_Aligned.sortedByCoord.out,0.6198245796300502,15,16,31,high
MXE_chr20_28444944_11,MXE,chr20,-,GENE_0011,28444944,28445044,28445244,28445344,28445544,28445644,sample_2_Aligned.sortedByCoord.out,0.4323635091812434,13,13,26,high
MXE_chr20_28444944_11,MXE,chr20,-,GENE_0011,28444944,28445044,28445244,28445344,28445544,28445644,sample_3_Aligned.sortedByCoord.out,0.7738370698866998,11,13,24,high
MXE_chr20_28444944_11,MXE,chr20,-,GENE_0011,28444944,28445044,28445244,28445344,28445544,28445644,sample_4_Aligned.sortedByCoord.out,0.22596025548129195,22,18,40,high
MXE_chr20_28444944_11,MXE,chr20,-,GENE_0011,28444944,28445044,28445244,28445344,28445544,28445644,sample_5_Aligned.sortedByCoord.out,0.7039825511311465,18,16,34,high
MXE_chr20_28444944_11,MXE,chr20,-,GENE_0011,28444944,28445044,28445244,28445344,28445544,28445644,sample_6_Aligned.sortedByCoord.out,0.8227413221531802,28,13,41,high
MXE_chr10_46979612_12,MXE,chr10,+,GENE_0012,46979612,46979712,46979912,46980012,46980212,46980312,sample_1_Aligned.sortedByCoord.out,0.24509041779650623,20,12,32,high
MXE_chr10_46979612_12,MXE,chr10,+,GENE_0012,46979612,46979712,46979912,46980012,46980212,46980312,sample_2_Aligned.sortedByCoord.out,0.5909203508188259,15,15,30,high
MXE_chr10_46979612_12,MXE,chr10,+,GENE_0012,46979612,46979712,46979912,46980012,46980212,46980312,sample_3_Aligned.sortedByCoord.out,0.8972664322163341,23,17,40,high
MXE_chr10_46979612_12,MXE,chr10,+,GENE_0012,46979612,46979712,46979912,46980012,46980212,46980312,sample_4_Aligned.sortedByCoord.out,0.3659673916528686,17,12,29,high
MXE_chr10_46979612_12,MXE,chr10,+,GENE_0012,46979612,46979712,46979912,46980012,46980212,46980312,sample_5_Aligned.sortedByCoord.out,0.5236675481735272,15,13,28,high
MXE_chr10_46979612_12,MXE,chr10,+,GENE_0012,46979612,46979712,46979912,46980012,46980212,46980312,sample_6_Aligned.sortedByCoord.out,0.25501228977063956,17,21,38,high
MXE_chr8_49111580_13,MXE,chr8,-,GENE_0013,49111580,49111680,49111880,49111980,49112180,49112280,sample_1_Aligned.sortedByCoord.out,0.624796822734386,21,20,41,high
MXE_chr8_49111580_13,MXE,chr8,-,GENE_0013,49111580,49111680,49111880,49111980,49112180,49112280,sample_2_Aligned.sortedByCoord.out,0.6734755823238964,26,15,41,high
MXE_chr8_49111580_13,MXE,chr8,-,GENE_0013,49111580,49111680,49111880,49111980,49112180,49112280,sample_3_Aligned.sortedByCoord.out,0.21668210773451696,26,21,47,high
MXE_chr8_49111580_13,MXE,chr8,-,GENE_0013,49111580,49111680,49111880,49111980,49112180,49112280,sample_4_Aligned.sortedByCoord.out,0.6426901085366322,23,21,44,high
MXE_chr8_49111580_13,MXE,chr8,-,GENE_0013,49111580,49111680,49111880,49111980,49112180,49112280,sample_5_Aligned.sortedByCoord.out,0.6899114755076854,18,19,37,high
MXE_chr8_49111580_13,MXE,chr8,-,GENE_0013,49111580,49111680,49111880,49111980,49112180,49112280,sample_6_Aligned.sortedByCoord.out,0.5527068547152427,20,11,31,high
MXE_chr22_26352579_14,MXE,chr22,+,GENE_0014,26352579,26352679,26352879,26352979,26353179,26353279,sample_1_Aligned.sortedByCoord.out,0.5982748595629716,15,17,32,high
MXE_chr22_26352579_14,MXE,chr22,+,GENE_0014,26352579,26352679,26352879,26352979,26353179,26353279,sample_2_Aligned.sortedByCoord.out,0.08064340536320101,22,14,36,high
MXE_chr22_26352579_14,MXE,chr22,+,GENE_0014,26352579,26352679,26352879,26352979,26353179,26353279,sample_3_Aligned.sortedByCoord.out,0.3785408325917196,20,10,30,high
MXE_chr22_26352579_14,MXE,chr22,+,GENE_0014,26352579,26352679,26352879,26352979,26353179,26353279,sample_4_Aligned.sortedByCoord.out,0.24536319579680851,21,11,32,high
MXE_chr22_26352579_14,MXE,chr22,+,GENE_0014,26352579,26352679,26352879,26352979,26353179,26353279,sample_5_Aligned.sortedByCoord.out,0.4742270507075024,25,19,44,high
MXE_chr22_26352579_14,MXE,chr22,+,GENE_0014,26352579,26352679,26352879,26352979,26353179,26353279,sample_6_Aligned.sortedByCoord.out,0.5718822760341336,23,18,41,high
MXE_chr5_14249409_15,MXE,chr5,+,GENE_0015,14249409,14249509,14249709,14249809,14250009,14250109,sample_1_Aligned.sortedByCoord.out,0.31741603530080426,12,12,24,high
MXE_chr5_14249409_15,MXE,chr5,+,GENE_0015,14249409,14249509,14249709,14249809,14250009,14250109,sample_2_Aligned.sortedByCoord.out,0.5650363537599346,15,20,35,high
MXE_chr5_14249409_15,MXE,chr5,+,GENE_0015,14249409,14249509,14249709,14249809,14250009,14250109,sample_3_Aligned.sortedByCoord.out,0.6607585181811804,16,17,33,high
MXE_chr5_14249409_15,MXE,chr5,+,GENE_0015,14249409,14249509,14249709,14249809,14250009,14250109,sample_4_Aligned.sortedByCoord.out,0.49533680991592377,21,16,37,high
MXE_chr5_14249409_15,MXE,chr5,+,GENE_0015,14249409,14249509,14249709,14249809,14250009,14250109,sample_5_Aligned.sortedByCoord.out,0.054102013414366434,25,13,38,high
MXE_chr5_14249409_15,MXE,chr5,+,GENE_0015,14249409,14249509,14249709,14249809,14250009,14250109,sample_6_Aligned.sortedByCoord.out,0.5025132541035473,14,19,33,high
MXE_chr13_26098432_16,MXE,chr13,-,GENE_0016,26098432,26098532,26098732,26098832,26099032,26099132,sample_1_Aligned.sortedByCoord.out,0.5403678002628728,18,12,30,high
MXE_chr13_26098432_16,MXE,chr13,-,GENE_0016,26098432,26098532,26098732,26098832,26099032,26099132,sample_2_Aligned.sortedByCoord.out,0.5022892828670819,17,14,31,high
MXE_chr13_26098432_16,MXE,chr13,-,GENE_0016,26098432,26098532,26098732,26098832,26099032,26099132,sample_3_Aligned.sortedByCoord.out,0.12975550566159572,15,14,29,high
MXE_chr13_26098432_16,MXE,chr13,-,GENE_0016,26098432,26098532,26098732,26098832,26099032,26099132,sample_4_Aligned.sortedByCoord.out,0.16116987358597226,21,11,32,high
MXE_chr13_26098432_16,MXE,chr13,-,GENE_0016,26098432,26098532,26098732,26098832,26099032,26099132,sample_5_Aligned.sortedByCoord.out,0.9076803919623018,20,16,36,high
MXE_chr13_26098432_16,MXE,chr13,-,GENE_0016,26098432,26098532,26098732,26098832,26099032,26099132,sample_6_Aligned.sortedByCoord.out,0.8481541123654889,17,10,27,high
MXE_chr19_29202256_17,MXE,chr19,-,GENE_0017,29202256,29202356,29202556,29202656,29202856,29202956,sample_1_Aligned.sortedByCoord.out,0.933569121616891,15,13,28,high
MXE_chr19_29202256_17,MXE,chr19,-,GENE_0017,29202256,29202356,29202556,29202656,29202856,29202956,sample_2_Aligned.sortedByCoord.out,0.55215854943313,22,18,40,high
MXE_chr19_29202256_17,MXE,chr19,-,GENE_0017,29202256,29202356,29202556,29202656,29202856,29202956,sample_3_Aligned.sortedByCoord.out,0.4970624458861407,19,19,38,high
MXE_chr19_29202256_17,MXE,chr19,-,GENE_0017,29202256,29202356,29202556,29202656,29202856,29202956,sample_4_Aligned.sortedByCoord.out,0.5716652124865576,19,13,32,high
MXE_chr19_29202256_17,MXE,chr19,-,GENE_0017,29202256,29202356,29202556,29202656,29202856,29202956,sample_5_Aligned.sortedByCoord.out,0.4072875042478178,26,6,32,high
MXE_chr19_29202256_17,MXE,chr19,-,GENE_0017,29202256,29202356,29202556,29202656,29202856,29202956,sample_6_Aligned.sortedByCoord.out,0.1979466882450357,13,16,29,high
MXE_chr4_25557723_18,MXE,chr4,-,GENE_0018,25557723,25557823,25558023,25558123,25558323,25558423,sample_1_Aligned.sortedByCoord.out,0.4894512046175251,22,11,33,high
MXE_chr4_25557723_18,MXE,chr4,-,GENE_0018,25557723,25557823,25558023,25558123,25558323,25558423,sample_2_Aligned.sortedByCoord.out,0.35876255813379154,17,27,44,high
MXE_chr4_25557723_18,MXE,chr4,-,GENE_0018,25557723,25557823,25558023,25558123,25558323,25558423,sample_3_Aligned.sortedByCoord.out,0.6461110590087428,21,23,44,high
MXE_chr4_25557723_18,MXE,chr4,-,GENE_0018,25557723,25557823,25558023,25558123,25558323,25558423,sample_4_Aligned.sortedByCoord.out,0.7614769026910088,28,16,44,high
MXE_chr4_25557723_18,MXE,chr4,-,GENE_0018,25557723,25557823,25558023,25558123,25558323,25558423,sample_5_Aligned.sortedByCoord.out,0.11888107830293952,21,17,38,high
MXE_chr4_25557723_18,MXE,chr4,-,GENE_0018,25557723,25557823,25558023,25558123,25558323,25558423,sample_6_Aligned.sortedByCoord.out,0.34082367967800214,21,21,42,high
MXE_chr15_36306780_19,MXE,chr15,+,GENE_0019,36306780,36306880,36307080,36307180,36307380,36307480,sample_1_Aligned.sortedByCoord.out,0.03789273577698615,25,9,34,high
MXE_chr15_36306780_19,MXE,chr15,+,GENE_0019,36306780,36306880,36307080,36307180,36307380,36307480,sample_2_Aligned.sortedByCoord.out,0.6468976568670662,16,17,33,high
MXE_chr15_36306780_19,MXE,chr15,+,GENE_0019,36306780,36306880,36307080,36307180,36307380,36307480,sample_3_Aligned.sortedByCoord.out,0.44390885713808875,22,19,41,high
MXE_chr15_36306780_19,MXE,chr15,+,GENE_0019,36306780,36306880,36307080,36307180,36307380,36307480,sample_4_Aligned.sortedByCoord.out,0.5030701125702818,13,11,24,high
MXE_chr15_36306780_19,MXE,chr15,+,GENE_0019,36306780,36306880,36307080,36307180,36307380,36307480,sample_5_Aligned.sortedByCoord.out,0.27344602204485235,19,13,32,high
MXE_chr15_36306780_19,MXE,chr15,+,GENE_0019,36306780,36306880,36307080,36307180,36307380,36307480,sample_6_Aligned.sortedByCoord.out,0.5823617658761442,19,10,29,high
MXE_chr19_7668599_20,MXE,chr19,-,GENE_0020,7668599,7668699,7668899,7668999,7669199,7669299,sample_1_Aligned.sortedByCoord.out,0.5329715012322309,22,21,43,high
MXE_chr19_7668599_20,MXE,chr19,-,GENE_0020,7668599,7668699,7668899,7668999,7669199,7669299,sample_2_Aligned.sortedByCoord.out,0.34467563811437024,14,25,39,high
MXE_chr19_7668599_20,MXE,chr19,-,GENE_0020,7668599,7668699,7668899,7668999,7669199,7669299,sample_3_Aligned.sortedByCoord.out,0.3838992886326267,18,20,38,high
MXE_chr19_7668599_20,MXE,chr19,-,GENE_0020,7668599,7668699,7668899,7668999,7669199,7669299,sample_4_Aligned.sortedByCoord.out,0.2702170664974842,21,9,30,high
MXE_chr19_7668599_20,MXE,chr19,-,GENE_0020,7668599,7668699,7668899,7668999,7669199,7669299,sample_5_Aligned.sortedByCoord.out,0.20500169650051103,15,12,27,high
MXE_chr19_7668599_20,MXE,chr19,-,GENE_0020,7668599,7668699,7668899,7668999,7669199,7669299,sample_6_Aligned.sortedByCoord.out,0.5147291752293368,18,17,35,high
MXE_chr15_2408569_21,MXE,chr15,+,GENE_0021,2408569,2408669,2408869,2408969,2409169,2409269,sample_1_Aligned.sortedByCoord.out,0.3241951273217816,15,19,34,high
MXE_chr15_2408569_21,MXE,chr15,+,GENE_0021,2408569,2408669,2408869,2408969,2409169,2409269,sample_2_Aligned.sortedByCoord.out,0.8210567299807529,22,13,35,high
MXE_chr15_2408569_21,MXE,chr15,+,GENE_0021,2408569,2408669,2408869,2408969,2409169,2409269,sample_3_Aligned.sortedByCoord.out,0.5556855033653664,26,14,40,high
MXE_chr15_2408569_21,MXE,chr15,+,GENE_0021,2408569,2408669,2408869,2408969,2409169,2409269,sample_4_Aligned.sortedByCoord.out,0.3515445292916226,17,10,27,high
MXE_chr15_2408569_21,MXE,chr15,+,GENE_0021,2408569,2408669,2408869,2408969,2409169,2409269,sample_5_Aligned.sortedByCoord.out,0.1845235204348199,27,20,47,high
MXE_chr15_2408569_21,MXE,chr15,+,GENE_0021,2408569,2408669,2408869,2408969,2409169,2409269,sample_6_Aligned.sortedByCoord.out,0.6266758640478678,18,15,33,high
MXE_chr8_45222836_22,MXE,chr8,-,GENE_0022,45222836,45222936,45223136,45223236,45223436,45223536,sample_1_Aligned.sortedByCoord.out,0.495053374954577,12,10,22,high
MXE_chr8_45222836_22,MXE,chr8,-,GENE_0022,45222836,45222936,45223136,45223236,45223436,45223536,sample_2_Aligned.sortedByCoord.out,0.33929716737322774,19,16,35,high
MXE_chr8_45222836_22,MXE,chr8,-,GENE_0022,45222836,45222936,45223136,45223236,45223436,45223536,sample_3_Aligned.sortedByCoord.out,0.6287911267924327,25,17,42,high
MXE_chr8_45222836_22,MXE,chr8,-,GENE_0022,45222836,45222936,45223136,45223236,45223436,45223536,sample_4_Aligned.sortedByCoord.out,0.3422908912649172,18,14,32,high
MXE_chr8_45222836_22,MXE,chr8,-,GENE_0022,45222836,45222936,45223136,45223236,45223436,45223536,sample_5_Aligned.sortedByCoord.out,0.18702170517154093,17,13,30,high
MXE_chr8_45222836_22,MXE,chr8,-,GENE_0022,45222836,45222936,45223136,45223236,45223436,45223536,sample_6_Aligned.sortedByCoord.out,0.22269189090762453,16,18,34,high
MXE_chr6_38103935_23,MXE,chr6,-,GENE_0023,38103935,38104035,38104235,38104335,38104535,38104635,sample_1_Aligned.sortedByCoord.out,0.3966127356545105,24,20,44,high
MXE_chr6_38103935_23,MXE,chr6,-,GENE_0023,38103935,38104035,38104235,38104335,38104535,38104635,sample_2_Aligned.sortedByCoord.out,0.6666600634741862,24,18,42,high
MXE_chr6_38103935_23,MXE,chr6,-,GENE_0023,38103935,38104035,38104235,38104335,38104535,38104635,sample_3_Aligned.sortedByCoord.out,0.24024315479115396,14,19,33,high
MXE_chr6_38103935_23,MXE,chr6,-,GENE_0023,38103935,38104035,38104235,38104335,38104535,38104635,sample_4_Aligned.sortedByCoord.out,0.7600523229127336,18,11,29,high
MXE_chr6_38103935_23,MXE,chr6,-,GENE_0023,38103935,38104035,38104235,38104335,38104535,38104635,sample_5_Aligned.sortedByCoord.out,0.5251267829497155,19,7,26,high
MXE_chr6_38103935_23,MXE,chr6,-,GENE_0023,38103935,38104035,38104235,38104335,38104535,38104635,sample_6_Aligned.sortedByCoord.out,0.23614649147368905,20,10,30,high
MXE_chr21_45734534_24,MXE,chr21,+,GENE_0024,45734534,45734634,45734834,45734934,45735134,45735234,sample_1_Aligned.sortedByCoord.out,0.762097840963815,19,12,31,high
MXE_chr21_45734534_24,MXE,chr21,+,GENE_0024,45734534,45734634,45734834,45734934,45735134,45735234,sample_2_Aligned.sortedByCoord.out,0.801149510219063,29,23,52,high
MXE_chr21_45734534_24,MXE,chr21,+,GENE_0024,45734534,45734634,45734834,45734934,45735134,45735234,sample_3_Aligned.sortedByCoord.out,0.36332784041776633,17,20,37,high
MXE_chr21_45734534_24,MXE,chr21,+,GENE_0024,45734534,45734634,45734834,45734934,45735134,45735234,sample_4_Aligned.sortedByCoord.out,0.24703800122057729,16,7,23,high
MXE_chr21_45734534_24,MXE,chr21,+,GENE_0024,45734534,45734634,45734834,45734934,45735134,45735234,sample_5_Aligned.sortedByCoord.out,0.5903571983493542,23,14,37,high
MXE_chr21_45734534_24,MXE,chr21,+,GENE_0024,45734534,45734634,45734834,45734934,45735134,45735234,sample_6_Aligned.sortedByCoord.out,0.8642234005430613,23,12,35,high
MXE_chr3_44295030_25,MXE,chr3,+,GENE_0025,44295030,44295130,44295330,44295430,44295630,44295730,sample_1_Aligned.sortedByCoord.out,0.10677204627924924,23,15,38,high
MXE_chr3_44295030_25,MXE,chr3,+,GENE_0025,44295030,44295130,44295330,44295430,44295630,44295730,sample_2_Aligned.sortedByCoord.out,0.422870345896656,13,19,32,high
MXE_chr3_44295030_25,MXE,chr3,+,GENE_0025,44295030,44295130,44295330,44295430,44295630,44295730,sample_3_Aligned.sortedByCoord.out,0.5355429850473973,21,18,39,high
MXE_chr3_44295030_25,MXE,chr3,+,GENE_0025,44295030,44295130,44295330,44295430,44295630,44295730,sample_4_Aligned.sortedByCoord.out,0.7386715815953258,11,10,21,high
MXE_chr3_44295030_25,MXE,chr3,+,GENE_0025,44295030,44295130,44295330,44295430,44295630,44295730,sample_5_Aligned.sortedByCoord.out,0.7403103983186192,19,18,37,high
MXE_chr3_44295030_25,MXE,chr3,+,GENE_0025,44295030,44295130,44295330,44295430,44295630,44295730,sample_6_Aligned.sortedByCoord.out,0.7325316516228657,22,15,37,high
MXE_chr20_15868527_26,MXE,chr20,-,GENE_0026,15868527,15868627,15868827,15868927,15869127,15869227,sample_1_Aligned.sortedByCoord.out,0.3849970362973238,22,15,37,high
MXE_chr20_15868527_26,MXE,chr20,-,GENE_0026,15868527,15868627,15868827,15868927,15869127,15869227,sample_2_Aligned.sortedByCoord.out,0.244956353173187,18,9,27,high
MXE_chr20_15868527_26,MXE,chr20,-,GENE_0026,15868527,15868627,15868827,15868927,15869127,15869227,sample_3_Aligned.sortedByCoord.out,0.7647221921669776,14,7,21,high
MXE_chr20_15868527_26,MXE,chr20,-,GENE_0026,15868527,15868627,15868827,15868927,15869127,15869227,sample_4_Aligned.sortedByCoord.out,0.5714461671136242,18,16,34,high
MXE_chr20_15868527_26,MXE,chr20,-,GENE_0026,15868527,15868627,15868827,15868927,15869127,15869227,sample_5_Aligned.sortedByCoord.out,0.7264728480138094,16,12,28,high
MXE_chr20_15868527_26,MXE,chr20,-,GENE_0026,15868527,15868627,15868827,15868927,15869127,15869227,sample_6_Aligned.sortedByCoord.out,0.435450258373733,21,12,33,high
MXE_chr20_29838628_27,MXE,chr20,-,GENE_0027,29838628,29838728,29838928,29839028,29839228,29839328,sample_1_Aligned.sortedByCoord.out,0.5986964616778762,29,22,51,high
MXE_chr20_29838628_27,MXE,chr20,-,GENE_0027,29838628,29838728,29838928,29839028,29839228,29839328,sample_2_Aligned.sortedByCoord.out,0.6189954855363633,27,14,41,high
MXE_chr20_29838628_27,MXE,chr20,-,GENE_0027,29838628,29838728,29838928,29839028,29839228,29839328,sample_3_Aligned.sortedByCoord.out,0.08862967476629774,18,24,42,high
MXE_chr20_29838628_27,MXE,chr20,-,GENE_0027,29838628,29838728,29838928,29839028,29839228,29839328,sample_4_Aligned.sortedByCoord.out,0.7040396894658987,30,13,43,high
MXE_chr20_29838628_27,MXE,chr20,-,GENE_0027,29838628,29838728,29838928,29839028,29839228,29839328,sample_5_Aligned.sortedByCoord.out,0.6179979845027902,14,12,26,high
MXE_chr20_29838628_27,MXE,chr20,-,GENE_0027,29838628,29838728,29838928,29839028,29839228,29839328,sample_6_Aligned.sortedByCoord.out,0.6364563775438083,15,13,28,high
MXE_chr8_10284154_28,MXE,chr8,+,GENE_0028,10284154,10284254,10284454,10284554,10284754,10284854,sample_1_Aligned.sortedByCoord.out,0.16242344410930942,15,17,32,high
MXE_chr8_10284154_28,MXE,chr8,+,GENE_0028,10284154,10284254,10284454,10284554,10284754,10284854,sample_2_Aligned.sortedByCoord.out,0.565243026817818,19,19,38,high
MXE_chr8_10284154_28,MXE,chr8,+,GENE_0028,10284154,10284254,10284454,10284554,10284754,10284854,sample_3_Aligned.sortedByCoord.out,0.6456512724064859,16,16,32,high
MXE_chr8_10284154_28,MXE,chr8,+,GENE_0028,10284154,10284254,10284454,10284554,10284754,10284854,sample_4_Aligned.sortedByCoord.out,0.5906676886268247,14,14,28,high
MXE_chr8_10284154_28,MXE,chr8,+,GENE_0028,10284154,10284254,10284454,10284554,10284754,10284854,sample_5_Aligned.sortedByCoord.out,0.3545730307861414,12,20,32,high
MXE_chr8_10284154_28,MXE,chr8,+,GENE_0028,10284154,10284254,10284454,10284554,10284754,10284854,sample_6_Aligned.sortedByCoord.out,0.3268797049974038,21,15,36,high
MXE_chr20_27654408_29,MXE,chr20,-,GENE_0029,27654408,27654508,27654708,27654808,27655008,27655108,sample_1_Aligned.sortedByCoord.out,0.8058132440175069,16,13,29,high
MXE_chr20_27654408_29,MXE,chr20,-,GENE_0029,27654408,27654508,27654708,27654808,27655008,27655108,sample_2_Aligned.sortedByCoord.out,0.43503326185648655,15,17,32,high
MXE_chr20_27654408_29,MXE,chr20,-,GENE_0029,27654408,27654508,27654708,27654808,27655008,27655108,sample_3_Aligned.sortedByCoord.out,0.47290300335147345,24,13,37,high
MXE_chr20_27654408_29,MXE,chr20,-,GENE_0029,27654408,27654508,27654708,27654808,27655008,27655108,sample_4_Aligned.sortedByCoord.out,0.43199762562776645,16,30,46,high
MXE_chr20_27654408_29,MXE,chr20,-,GENE_0029,27654408,27654508,27654708,27654808,27655008,27655108,sample_5_Aligned.sortedByCoord.out,0.32862711574355896,26,14,40,high
MXE_chr20_27654408_29,MXE,chr20,-,GENE_0029,27654408,27654508,27654708,27654808,27655008,27655108,sample_6_Aligned.sortedByCoord.out,0.48692032900532733,19,8,27,high
MXE_chr20_28420935_30,MXE,chr20,-,GENE_0030,28420935,28421035,28421235,28421335,28421535,28421635,sample_1_Aligned.sortedByCoord.out,0.6684128976503821,19,18,37,high
MXE_chr20_28420935_30,MXE,chr20,-,GENE_0030,28420935,28421035,28421235,28421335,28421535,28421635,sample_2_Aligned.sortedByCoord.out,0.5253724549061556,19,16,35,high
MXE_chr20_28420935_30,MXE,chr20,-,GENE_0030,28420935,28421035,28421235,28421335,28421535,28421635,sample_3_Aligned.sortedByCoord.out,0.3044301094661882,19,17,36,high
MXE_chr20_28420935_30,MXE,chr20,-,GENE_0030,28420935,28421035,28421235,28421335,28421535,28421635,sample_4_Aligned.sortedByCoord.out,0.9273915418206846,24,17,41,high
MXE_chr20_28420935_30,MXE,chr20,-,GENE_0030,28420935,28421035,28421235,28421335,28421535,28421635,sample_5_Aligned.sortedByCoord.out,0.12127822110537295,21,11,32,high
MXE_chr20_28420935_30,MXE,chr20,-,GENE_0030,28420935,28421035,28421235,28421335,28421535,28421635,sample_6_Aligned.sortedByCoord.out,0.37582536016984286,22,13,35,high
MXE_chr17_6583966_31,MXE,chr17,+,GENE_0031,6583966,6584066,6584266,6584366,6584566,6584666,sample_1_Aligned.sortedByCoord.out,0.535470114064716,17,12,29,high
MXE_chr17_6583966_31,MXE,chr17,+,GENE_0031,6583966,6584066,6584266,6584366,6584566,6584666,sample_2_Aligned.sortedByCoord.out,0.2617473796500087,11,14,25,high
MXE_chr17_6583966_31,MXE,chr17,+,GENE_0031,6583966,6584066,6584266,6584366,6584566,6584666,sample_3_Aligned.sortedByCoord.out,0.5957563653309162,11,14,25,high
MXE_chr17_6583966_31,MXE,chr17,+,GENE_0031,6583966,6584066,6584266,6584366,6584566,6584666,sample_4_Aligned.sortedByCoord.out,0.8209191875921087,23,13,36,high
MXE_chr17_6583966_31,MXE,chr17,+,GENE_0031,6583966,6584066,6584266,6584366,6584566,6584666,sample_5_Aligned.sortedByCoord.out,0.10403728640915974,17,21,38,high
MXE_chr17_6583966_31,MXE,chr17,+,GENE_0031,6583966,6584066,6584266,6584366,6584566,6584666,sample_6_Aligned.sortedByCoord.out,0.2797220476299303,22,13,35,high
MXE_chr15_15763677_32,MXE,chr15,+,GENE_0032,15763677,15763777,15763977,15764077,15764277,15764377,sample_1_Aligned.sortedByCoord.out,0.890462722918461,18,13,31,high
MXE_chr15_15763677_32,MXE,chr15,+,GENE_0032,15763677,15763777,15763977,15764077,15764277,15764377,sample_2_Aligned.sortedByCoord.out,0.39403674871817723,26,16,42,high
MXE_chr15_15763677_32,MXE,chr15,+,GENE_0032,15763677,15763777,15763977,15764077,15764277,15764377,sample_3_Aligned.sortedByCoord.out,0.3291131037583086,15,14,29,high
MXE_chr15_15763677_32,MXE,chr15,+,GENE_0032,15763677,15763777,15763977,15764077,15764277,15764377,sample_4_Aligned.sortedByCoord.out,0.9002298793457915,15,8,23,high
MXE_chr15_15763677_32,MXE,chr15,+,GENE_0032,15763677,15763777,15763977,15764077,15764277,15764377,sample_5_Aligned.sortedByCoord.out,0.6541271331033076,13,14,27,high
MXE_chr15_15763677_32,MXE,chr15,+,GENE_0032,15763677,15763777,15763977,15764077,15764277,15764377,sample_6_Aligned.sortedByCoord.out,0.3223125827688384,14,11,25,high
MXE_chr11_14379974_33,MXE,chr11,-,GENE_0033,14379974,14380074,14380274,14380374,14380574,14380674,sample_1_Aligned.sortedByCoord.out,0.38603315496734975,16,9,25,high
MXE_chr11_14379974_33,MXE,chr11,-,GENE_0033,14379974,14380074,14380274,14380374,14380574,14380674,sample_2_Aligned.sortedByCoord.out,0.6472653056488374,23,12,35,high
MXE_chr11_14379974_33,MXE,chr11,-,GENE_0033,14379974,14380074,14380274,14380374,14380574,14380674,sample_3_Aligned.sortedByCoord.out,0.4162354537882456,16,15,31,high
MXE_chr11_14379974_33,MXE,chr11,-,GENE_0033,14379974,14380074,14380274,14380374,14380574,14380674,sample_4_Aligned.sortedByCoord.out,0.4599412780978405,25,13,38,high
MXE_chr11_14379974_33,MXE,chr11,-,GENE_0033,14379974,14380074,14380274,14380374,14380574,14380674,sample_5_Aligned.sortedByCoord.out,0.6870673771724667,21,11,32,high
MXE_chr11_14379974_33,MXE,chr11,-,GENE_0033,14379974,14380074,14380274,14380374,14380574,14380674,sample_6_Aligned.sortedByCoord.out,0.27989152418733293,22,11,33,high
MXE_chr3_20635146_34,MXE,chr3,-,GENE_0034,20635146,20635246,20635446,20635546,20635746,20635846,sample_1_Aligned.sortedByCoord.out,0.310362111348932,21,16,37,high
MXE_chr3_20635146_34,MXE,chr3,-,GENE_0034,20635146,20635246,20635446,20635546,20635746,20635846,sample_2_Aligned.sortedByCoord.out,0.14501061564810958,16,10,26,high
MXE_chr3_20635146_34,MXE,chr3,-,GENE_0034,20635146,20635246,20635446,20635546,20635746,20635846,sample_3_Aligned.sortedByCoord.out,0.08705531113445979,20,18,38,high
MXE_chr3_20635146_34,MXE,chr3,-,GENE_0034,20635146,20635246,20635446,20635546,20635746,20635846,sample_4_Aligned.sortedByCoord.out,0.34651746233858627,30,10,40,high
MXE_chr3_20635146_34,MXE,chr3,-,GENE_0034,20635146,20635246,20635446,20635546,20635746,20635846,sample_5_Aligned.sortedByCoord.out,0.183003187606788,15,18,33,high
MXE_chr3_20635146_34,MXE,chr3,-,GENE_0034,20635146,20635246,20635446,20635546,20635746,20635846,sample_6_Aligned.sortedByCoord.out,0.44990863019936783,18,6,24,high
MXE_chr2_29064807_35,MXE,chr2,+,GENE_0035,29064807,29064907,29065107,29065207,29065407,29065507,sample_1_Aligned.sortedByCoord.out,0.22043866881183435,15,13,28,high
MXE_chr2_29064807_35,MXE,chr2,+,GENE_0035,29064807,29064907,29065107,29065207,29065407,29065507,sample_2_Aligned.sortedByCoord.out,0.4051915025235916,24,20,44,high
MXE_chr2_29064807_35,MXE,chr2,+,GENE_0035,29064807,29064907,29065107,29065207,29065407,29065507,sample_3_Aligned.sortedByCoord.out,0.638875276822304,19,22,41,high
MXE_chr2_29064807_35,MXE,chr2,+,GENE_0035,29064807,29064907,29065107,29065207,29065407,29065507,sample_4_Aligned.sortedByCoord.out,0.7256278236144288,24,12,36,high
MXE_chr2_29064807_35,MXE,chr2,+,GENE_0035,29064807,29064907,29065107,29065207,29065407,29065507,sample_5_Aligned.sortedByCoord.out,0.5018699318416835,23,13,36,high
MXE_chr2_29064807_35,MXE,chr2,+,GENE_0035,29064807,29064907,29065107,29065207,29065407,29065507,sample_6_Aligned.sortedByCoord.out,0.7370150279690015,18,10,28,high
MXE_chr7_12084829_36,MXE,chr7,-,GENE_0036,12084829,12084929,12085129,12085229,12085429,12085529,sample_1_Aligned.sortedByCoord.out,0.7975752651379197,23,22,45,high
MXE_chr7_12084829_36,MXE,chr7,-,GENE_0036,12084829,12084929,12085129,12085229,12085429,12085529,sample_2_Aligned.sortedByCoord.out,0.6331168165354325,19,11,30,high
MXE_chr7_12084829_36,MXE,chr7,-,GENE_0036,12084829,12084929,12085129,12085229,12085429,12085529,sample_3_Aligned.sortedByCoord.out,0.7400966657347445,17,8,25,high
MXE_chr7_12084829_36,MXE,chr7,-,GENE_0036,12084829,12084929,12085129,12085229,12085429,12085529,sample_4_Aligned.sortedByCoord.out,0.8326171461892204,19,13,32,high
MXE_chr7_12084829_36,MXE,chr7,-,GENE_0036,12084829,12084929,12085129,12085229,12085429,12085529,sample_5_Aligned.sortedByCoord.out,0.3773536398653005,31,19,50,high
MXE_chr7_12084829_36,MXE,chr7,-,GENE_0036,12084829,12084929,12085129,12085229,12085429,12085529,sample_6_Aligned.sortedByCoord.out,0.6318413605585448,27,14,41,high
MXE_chr22_17372429_37,MXE,chr22,-,GENE_0037,17372429,17372529,17372729,17372829,17373029,17373129,sample_1_Aligned.sortedByCoord.out,0.3199825463328571,19,13,32,high
MXE_chr22_17372429_37,MXE,chr22,-,GENE_0037,17372429,17372529,17372729,17372829,17373029,17373129,sample_2_Aligned.sortedByCoord.out,0.5715616722295039,17,13,30,high
MXE_chr22_17372429_37,MXE,chr22,-,GENE_0037,17372429,17372529,17372729,17372829,17373029,17373129,sample_3_Aligned.sortedByCoord.out,0.8682226657185372,21,15,36,high
MXE_chr22_17372429_37,MXE,chr22,-,GENE_0037,17372429,17372529,17372729,17372829,17373029,17373129,sample_4_Aligned.sortedByCoord.out,0.3108771939202278,23,19,42,high
MXE_chr22_17372429_37,MXE,chr22,-,GENE_0037,17372429,17372529,17372729,17372829,17373029,17373129,sample_5_Aligned.sortedByCoord.out,0.7759517972554344,28,16,44,high
MXE_chr22_17372429_37,MXE,chr22,-,GENE_0037,17372429,17372529,17372729,17372829,17373029,17373129,sample_6_Aligned.sortedByCoord.out,0.9762414537745905,21,12,33,high
MXE_chr14_1283988_38,MXE,chr14,-,GENE_0038,1283988,1284088,1284288,1284388,1284588,1284688,sample_1_Aligned.sortedByCoord.out,0.11891457568502792,15,17,32,high
MXE_chr14_1283988_38,MXE,chr14,-,GENE_0038,1283988,1284088,1284288,1284388,1284588,1284688,sample_2_Aligned.sortedByCoord.out,0.8079085486692676,17,11,28,high
MXE_chr14_1283988_38,MXE,chr14,-,GENE_0038,1283988,1284088,1284288,1284388,1284588,1284688,sample_3_Aligned.sortedByCoord.out,0.5004343059822303,26,12,38,high
MXE_chr14_1283988_38,MXE,chr14,-,GENE_0038,1283988,1284088,1284288,1284388,1284588,1284688,sample_4_Aligned.sortedByCoord.out,0.7891693453020475,20,24,44,high
MXE_chr14_1283988_38,MXE,chr14,-,GENE_0038,1283988,1284088,1284288,1284388,1284588,1284688,sample_5_Aligned.sortedByCoord.out,0.6276901669501483,20,24,44,high
MXE_chr14_1283988_38,MXE,chr14,-,GENE_0038,1283988,1284088,1284288,1284388,1284588,1284688,sample_6_Aligned.sortedByCoord.out,0.3690097736002963,19,13,32,high
MXE_chr9_15271776_39,MXE,chr9,+,GENE_0039,15271776,15271876,15272076,15272176,15272376,15272476,sample_1_Aligned.sortedByCoord.out,0.6939865203244863,20,14,34,high
MXE_chr9_15271776_39,MXE,chr9,+,GENE_0039,15271776,15271876,15272076,15272176,15272376,15272476,sample_2_Aligned.sortedByCoord.out,0.5759253330954931,19,16,35,high
MXE_chr9_15271776_39,MXE,chr9,+,GENE_0039,15271776,15271876,15272076,15272176,15272376,15272476,sample_3_Aligned.sortedByCoord.out,0.3728061732335051,25,13,38,high
MXE_chr9_15271776_39,MXE,chr9,+,GENE_0039,15271776,15271876,15272076,15272176,15272376,15272476,sample_4_Aligned.sortedByCoord.out,0.658461078348468,22,16,38,high
MXE_chr9_15271776_39,MXE,chr9,+,GENE_0039,15271776,15271876,15272076,15272176,15272376,15272476,sample_5_Aligned.sortedByCoord.out,0.5444619797236939,20,18,38,high
MXE_chr9_15271776_39,MXE,chr9,+,GENE_0039,15271776,15271876,15272076,15272176,15272376,15272476,sample_6_Aligned.sortedByCoord.out,0.6143154846026876,21,15,36,high
MXE_chr4_48111050_40,MXE,chr4,+,GENE_0040,48111050,48111150,48111350,48111450,48111650,48111750,sample_1_Aligned.sortedByCoord.out,0.49104864964006023,28,18,46,high
MXE_chr4_48111050_40,MXE,chr4,+,GENE_0040,48111050,48111150,48111350,48111450,48111650,48111750,sample_2_Aligned.sortedByCoord.out,0.7725642689228164,21,20,41,high
MXE_chr4_48111050_40,MXE,chr4,+,GENE_0040,48111050,48111150,48111350,48111450,48111650,48111750,sample_3_Aligned.sortedByCoord.out,0.434918788287423,29,14,43,high
MXE_chr4_48111050_40,MXE,chr4,+,GENE_0040,48111050,48111150,48111350,48111450,48111650,48111750,sample_4_Aligned.sortedByCoord.out,0.6598587622477582,25,10,35,high
MXE_chr4_48111050_40,MXE,chr4,+,GENE_0040,48111050,48111150,48111350,48111450,48111650,48111750,sample_5_Aligned.sortedByCoord.out,0.4687955281291852,17,20,37,high
MXE_chr4_48111050_40,MXE,chr4,+,GENE_0040,48111050,48111150,48111350,48111450,48111650,48111750,sample_6_Aligned.sortedByCoord.out,0.3577546070939651,16,18,34,high
MXE_chr11_19618871_41,MXE,chr11,+,GENE_0041,19618871,19618971,19619171,19619271,19619471,19619571,sample_1_Aligned.sortedByCoord.out,0.6249749878420612,23,12,35,high
MXE_chr11_19618871_41,MXE,chr11,+,GENE_0041,19618871,19618971,19619171,19619271,19619471,19619571,sample_2_Aligned.sortedByCoord.out,0.4043181369342724,18,18,36,high
MXE_chr11_19618871_41,MXE,chr11,+,GENE_0041,19618871,19618971,19619171,19619271,19619471,19619571,sample_3_Aligned.sortedByCoord.out,0.7282093609787812,19,10,29,high
MXE_chr11_19618871_41,MXE,chr11,+,GENE_0041,19618871,19618971,19619171,19619271,19619471,19619571,sample_4_Aligned.sortedByCoord.out,0.44771862258905115,23,16,39,high
MXE_chr11_19618871_41,MXE,chr11,+,GENE_0041,19618871,19618971,19619171,19619271,19619471,19619571,sample_5_Aligned.sortedByCoord.out,0.54082517318876,21,15,36,high
MXE_chr11_19618871_41,MXE,chr11,+,GENE_0041,19618871,19618971,19619171,19619271,19619471,19619571,sample_6_Aligned.sortedByCoord.out,0.5923020213296217,25,18,43,high
MXE_chr18_8667295_42,MXE,chr18,-,GENE_0042,8667295,8667395,8667595,8667695,8667895,8667995,sample_1_Aligned.sortedByCoord.out,0.2763582311500092,12,16,28,high
MXE_chr18_8667295_42,MXE,chr18,-,GENE_0042,8667295,8667395,8667595,8667695,8667895,8667995,sample_2_Aligned.sortedByCoord.out,0.3299683396253835,14,8,22,high
MXE_chr18_8667295_42,MXE,chr18,-,GENE_0042,8667295,8667395,8667595,8667695,8667895,8667995,sample_3_Aligned.sortedByCoord.out,0.6536542436238026,21,16,37,high
MXE_chr18_8667295_42,MXE,chr18,-,GENE_0042,8667295,8667395,8667595,8667695,8667895,8667995,sample_4_Aligned.sortedByCoord.out,0.3367794661265093,16,15,31,high
MXE_chr18_8667295_42,MXE,chr18,-,GENE_0042,8667295,8667395,8667595,8667695,8667895,8667995,sample_5_Aligned.sortedByCoord.out,0.7563250560741526,22,15,37,high
MXE_chr18_8667295_42,MXE,chr18,-,GENE_0042,8667295,8667395,8667595,8667695,8667895,8667995,sample_6_Aligned.sortedByCoord.out,0.767044759461603,26,22,48,high
MXE_chr18_32958811_43,MXE,chr18,+,GENE_0043,32958811,32958911,32959111,32959211,32959411,32959511,sample_1_Aligned.sortedByCoord.out,0.2874675171439746,25,15,40,high
MXE_chr18_32958811_43,MXE,chr18,+,GENE_0043,32958811,32958911,32959111,32959211,32959411,32959511,sample_2_Aligned.sortedByCoord.out,0.7642280400782998,19,25,44,high
MXE_chr18_32958811_43,MXE,chr18,+,GENE_0043,32958811,32958911,32959111,32959211,32959411,32959511,sample_3_Aligned.sortedByCoord.out,0.21424855825920375,21,11,32,high
MXE_chr18_32958811_43,MXE,chr18,+,GENE_0043,32958811,32958911,32959111,32959211,32959411,32959511,sample_4_Aligned.sortedByCoord.out,0.29215033041890787,22,13,35,high
MXE_chr18_32958811_43,MXE,chr18,+,GENE_0043,32958811,32958911,32959111,32959211,32959411,32959511,sample_5_Aligned.sortedByCoord.out,0.42387360518774886,21,15,36,high
MXE_chr18_32958811_43,MXE,chr18,+,GENE_0043,32958811,32958911,32959111,32959211,32959411,32959511,sample_6_Aligned.sortedByCoord.out,0.6379819282438433,20,10,30,high
MXE_chr3_17317312_44,MXE,chr3,+,GENE_0044,17317312,17317412,17317612,17317712,17317912,17318012,sample_1_Aligned.sortedByCoord.out,0.3464590118155176,18,16,34,high
MXE_chr3_17317312_44,MXE,chr3,+,GENE_0044,17317312,17317412,17317612,17317712,17317912,17318012,sample_2_Aligned.sortedByCoord.out,0.6905909054871812,18,8,26,high
MXE_chr3_17317312_44,MXE,chr3,+,GENE_0044,17317312,17317412,17317612,17317712,17317912,17318012,sample_3_Aligned.sortedByCoord.out,0.5972996377130251,27,17,44,high
MXE_chr3_17317312_44,MXE,chr3,+,GENE_0044,17317312,17317412,17317612,17317712,17317912,17318012,sample_4_Aligned.sortedByCoord.out,0.2579966499052224,22,21,43,high
MXE_chr3_17317312_44,MXE,chr3,+,GENE_0044,17317312,17317412,17317612,17317712,17317912,17318012,sample_5_Aligned.sortedByCoord.out,0.5929721022423644,17,11,28,high
MXE_chr3_17317312_44,MXE,chr3,+,GENE_0044,17317312,17317412,17317612,17317712,17317912,17318012,sample_6_Aligned.sortedByCoord.out,0.7300250784552674,21,16,37,high
MXE_chr22_18393266_45,MXE,chr22,+,GENE_0045,18393266,18393366,18393566,18393666,18393866,18393966,sample_1_Aligned.sortedByCoord.out,0.31449387912426224,18,18,36,high
MXE_chr22_18393266_45,MXE,chr22,+,GENE_0045,18393266,18393366,18393566,18393666,18393866,18393966,sample_2_Aligned.sortedByCoord.out,0.06596497397861248,22,15,37,high
MXE_chr22_18393266_45,MXE,chr22,+,GENE_0045,18393266,18393366,18393566,18393666,18393866,18393966,sample_3_Aligned.sortedByCoord.out,0.4695065314000109,20,12,32,high
MXE_chr22_18393266_45,MXE,chr22,+,GENE_0045,18393266,18393366,18393566,18393666,18393866,18393966,sample_4_Aligned.sortedByCoord.out,0.18851703856850915,18,20,38,high
MXE_chr22_18393266_45,MXE,chr22,+,GENE_0045,18393266,18393366,18393566,18393666,18393866,18393966,sample_5_Aligned.sortedByCoord.out,0.8879671778829993,19,11,30,high
MXE_chr22_18393266_45,MXE,chr22,+,GENE_0045,18393266,18393366,18393566,18393666,18393866,18393966,sample_6_Aligned.sortedByCoord.out,0.8399343337595385,21,17,38,high
MXE_chr9_3200156_46,MXE,chr9,-,GENE_0046,3200156,3200256,3200456,3200556,3200756,3200856,sample_1_Aligned.sortedByCoord.out,0.6856917104686536,18,17,35,high
MXE_chr9_3200156_46,MXE,chr9,-,GENE_0046,3200156,3200256,3200456,3200556,3200756,3200856,sample_2_Aligned.sortedByCoord.out,0.3480127698982646,13,17,30,high
MXE_chr9_3200156_46,MXE,chr9,-,GENE_0046,3200156,3200256,3200456,3200556,3200756,3200856,sample_3_Aligned.sortedByCoord.out,0.32412964535606426,20,12,32,high
MXE_chr9_3200156_46,MXE,chr9,-,GENE_0046,3200156,3200256,3200456,3200556,3200756,3200856,sample_4_Aligned.sortedByCoord.out,0.2853966030392826,25,15,40,high
MXE_chr9_3200156_46,MXE,chr9,-,GENE_0046,3200156,3200256,3200456,3200556,3200756,3200856,sample_5_Aligned.sortedByCoord.out,0.584414643368701,34,7,41,high
MXE_chr9_3200156_46,MXE,chr9,-,GENE_0046,3200156,3200256,3200456,3200556,3200756,3200856,sample_6_Aligned.sortedByCoord.out,0.501217777913286,16,5,21,high
MXE_chr2_37735189_47,MXE,chr2,+,GENE_0047,37735189,37735289,37735489,37735589,37735789,37735889,sample_1_Aligned.sortedByCoord.out,0.5754284465154818,17,13,30,high
MXE_chr2_37735189_47,MXE,chr2,+,GENE_0047,37735189,37735289,37735489,37735589,37735789,37735889,sample_2_Aligned.sortedByCoord.out,0.8011953100387638,16,18,34,high
MXE_chr2_37735189_47,MXE,chr2,+,GENE_0047,37735189,37735289,37735489,37735589,37735789,37735889,sample_3_Aligned.sortedByCoord.out,0.6552630822145253,14,13,27,high
MXE_chr2_37735189_47,MXE,chr2,+,GENE_0047,37735189,37735289,37735489,37735589,37735789,37735889,sample_4_Aligned.sortedByCoord.out,0.4912430083717252,30,23,53,high
MXE_chr2_37735189_47,MXE,chr2,+,GENE_0047,37735189,37735289,37735489,37735589,37735789,37735889,sample_5_Aligned.sortedByCoord.out,0.21265314169877747,21,17,38,high
MXE_chr2_37735189_47,MXE,chr2,+,GENE_0047,37735189,37735289,37735489,37735589,37735789,37735889,sample_6_Aligned.sortedByCoord.out,0.8954462820006496,23,12,35,high
MXE_chr15_42232771_48,MXE,chr15,-,GENE_0048,42232771,42232871,42233071,42233171,42233371,42233471,sample_1_Aligned.sortedByCoord.out,0.7031158459828846,20,18,38,high
MXE_chr15_42232771_48,MXE,chr15,-,GENE_0048,42232771,42232871,42233071,42233171,42233371,42233471,sample_2_Aligned.sortedByCoord.out,0.7160299630874709,23,12,35,high
MXE_chr15_42232771_48,MXE,chr15,-,GENE_0048,42232771,42232871,42233071,42233171,42233371,42233471,sample_3_Aligned.sortedByCoord.out,0.7199586477926354,18,16,34,high
MXE_chr15_42232771_48,MXE,chr15,-,GENE_0048,42232771,42232871,42233071,42233171,42233371,42233471,sample_4_Aligned.sortedByCoord.out,0.5037550589015264,19,8,27,high
MXE_chr15_42232771_48,MXE,chr15,-,GENE_0048,42232771,42232871,42233071,42233171,42233371,42233471,sample_5_Aligned.sortedByCoord.out,0.8508052308758512,25,7,32,high
MXE_chr15_42232771_48,MXE,chr15,-,GENE_0048,42232771,42232871,42233071,42233171,42233371,42233471,sample_6_Aligned.sortedByCoord.out,0.273157452160321,24,14,38,high
MXE_chr2_27815743_49,MXE,chr2,+,GENE_0049,27815743,27815843,27816043,27816143,27816343,27816443,sample_1_Aligned.sortedByCoord.out,0.5596724953141999,20,22,42,high
MXE_chr2_27815743_49,MXE,chr2,+,GENE_0049,27815743,27815843,27816043,27816143,27816343,27816443,sample_2_Aligned.sortedByCoord.out,0.5205009234701568,24,14,38,high
MXE_chr2_27815743_49,MXE,chr2,+,GENE_0049,27815743,27815843,27816043,27816143,27816343,27816443,sample_3_Aligned.sortedByCoord.out,0.7470202096861266,18,9,27,high
MXE_chr2_27815743_49,MXE,chr2,+,GENE_0049,27815743,27815843,27816043,27816143,27816343,27816443,sample_4_Aligned.sortedByCoord.out,0.9195994477366135,19,18,37,high
MXE_chr2_27815743_49,MXE,chr2,+,GENE_0049,27815743,27815843,27816043,27816143,27816343,27816443,sample_5_Aligned.sortedByCoord.out,0.37581778431900326,16,12,28,high
MXE_chr2_27815743_49,MXE,chr2,+,GENE_0049,27815743,27815843,27816043,27816143,27816343,27816443,sample_6_Aligned.sortedByCoord.out,0.008764398907770874,20,20,40,high
MXE_chr19_11040605_50,MXE,chr19,-,GENE_0050,11040605,11040705,11040905,11041005,11041205,11041305,sample_1_Aligned.sortedByCoord.out,0.4148794258851134,27,13,40,high
MXE_chr19_11040605_50,MXE,chr19,-,GENE_0050,11040605,11040705,11040905,11041005,11041205,11041305,sample_2_Aligned.sortedByCoord.out,0.4766588637394168,24,14,38,high
MXE_chr19_11040605_50,MXE,chr19,-,GENE_0050,11040605,11040705,11040905,11041005,11041205,11041305,sample_3_Aligned.sortedByCoord.out,0.5257869277019686,22,10,32,high
MXE_chr19_11040605_50,MXE,chr19,-,GENE_0050,11040605,11040705,11040905,11041005,11041205,11041305,sample_4_Aligned.sortedByCoord.out,0.6667220357864333,33,18,51,high
MXE_chr19_11040605_50,MXE,chr19,-,GENE_0050,11040605,11040705,11040905,11041005,11041205,11041305,sample_5_Aligned.sortedByCoord.out,0.06770092465119547,15,14,29,high
MXE_chr19_11040605_50,MXE,chr19,-,GENE_0050,11040605,11040705,11040905,11041005,11041205,11041305,sample_6_Aligned.sortedByCoord.out,0.4845837949654963,14,17,31,high
MXE_chr16_45249501_51,MXE,chr16,-,GENE_0051,45249501,45249601,45249801,45249901,45250101,45250201,sample_1_Aligned.sortedByCoord.out,0.41326349253879935,28,11,39,high
MXE_chr16_45249501_51,MXE,chr16,-,GENE_0051,45249501,45249601,45249801,45249901,45250101,45250201,sample_2_Aligned.sortedByCoord.out,0.6628910246868123,14,15,29,high
MXE_chr16_45249501_51,MXE,chr16,-,GENE_0051,45249501,45249601,45249801,45249901,45250101,45250201,sample_3_Aligned.sortedByCoord.out,0.1467021562005232,13,18,31,high
MXE_chr16_45249501_51,MXE,chr16,-,GENE_0051,45249501,45249601,45249801,45249901,45250101,45250201,sample_4_Aligned.sortedByCoord.out,0.16795041955271106,20,21,41,high
MXE_chr16_45249501_51,MXE,chr16,-,GENE_0051,45249501,45249601,45249801,45249901,45250101,45250201,sample_5_Aligned.sortedByCoord.out,0.4379868109893407,26,17,43,high
MXE_chr16_45249501_51,MXE,chr16,-,GENE_0051,45249501,45249601,45249801,45249901,45250101,45250201,sample_6_Aligned.sortedByCoord.out,0.32592441335987093,16,15,31,high
MXE_chr13_37760885_52,MXE,chr13,-,GENE_0052,37760885,37760985,37761185,37761285,37761485,37761585,sample_1_Aligned.sortedByCoord.out,0.6722147937699446,10,25,35,high
MXE_chr13_37760885_52,MXE,chr13,-,GENE_0052,37760885,37760985,37761185,37761285,37761485,37761585,sample_2_Aligned.sortedByCoord.out,0.636588846187405,31,17,48,high
MXE_chr13_37760885_52,MXE,chr13,-,GENE_0052,37760885,37760985,37761185,37761285,37761485,37761585,sample_3_Aligned.sortedByCoord.out,0.38296226005839423,23,14,37,high
MXE_chr13_37760885_52,MXE,chr13,-,GENE_0052,37760885,37760985,37761185,37761285,37761485,37761585,sample_4_Aligned.sortedByCoord.out,0.17692783043778795,17,16,33,high
MXE_chr13_37760885_52,MXE,chr13,-,GENE_0052,37760885,37760985,37761185,37761285,37761485,37761585,sample_5_Aligned.sortedByCoord.out,0.051208043102275634,14,11,25,high
MXE_chr13_37760885_52,MXE,chr13,-,GENE_0052,37760885,37760985,37761185,37761285,37761485,37761585,sample_6_Aligned.sortedByCoord.out,0.27114382443547075,21,13,34,high
MXE_chr10_16495700_53,MXE,chr10,-,GENE_0053,16495700,16495800,16496000,16496100,16496300,16496400,sample_1_Aligned.sortedByCoord.out,0.26392004751431075,23,17,40,high
MXE_chr10_16495700_53,MXE,chr10,-,GENE_0053,16495700,16495800,16496000,16496100,16496300,16496400,sample_2_Aligned.sortedByCoord.out,0.9174178381262499,25,11,36,high
MXE_chr10_16495700_53,MXE,chr10,-,GENE_0053,16495700,16495800,16496000,16496100,16496300,16496400,sample_3_Aligned.sortedByCoord.out,0.7127891371205595,32,11,43,high
MXE_chr10_16495700_53,MXE,chr10,-,GENE_0053,16495700,16495800,16496000,16496100,16496300,16496400,sample_4_Aligned.sortedByCoord.out,0.5138185717811806,11,11,22,high
MXE_chr10_16495700_53,MXE,chr10,-,GENE_0053,16495700,16495800,16496000,16496100,16496300,16496400,sample_5_Aligned.sortedByCoord.out,0.5547639844268941,23,16,39,high
MXE_chr10_16495700_53,MXE,chr10,-,GENE_0053,16495700,16495800,16496000,16496100,16496300,16496400,sample_6_Aligned.sortedByCoord.out,0.5397420813187457,28,8,36,high
MXE_chr11_2430097_54,MXE,chr11,+,GENE_0054,2430097,2430197,2430397,2430497,2430697,2430797,sample_1_Aligned.sortedByCoord.out,0.5242950287585794,13,17,30,high
MXE_chr11_2430097_54,MXE,chr11,+,GENE_0054,2430097,2430197,2430397,2430497,2430697,2430797,sample_2_Aligned.sortedByCoord.out,0.2432000602175049,16,19,35,high
MXE_chr11_2430097_54,MXE,chr11,+,GENE_0054,2430097,2430197,2430397,2430497,2430697,2430797,sample_3_Aligned.sortedByCoord.out,0.47698244055692374,29,15,44,high
MXE_chr11_2430097_54,MXE,chr11,+,GENE_0054,2430097,2430197,2430397,2430497,2430697,2430797,sample_4_Aligned.sortedByCoord.out,0.1483373073303371,22,17,39,high
MXE_chr11_2430097_54,MXE,chr11,+,GENE_0054,2430097,2430197,2430397,2430497,2430697,2430797,sample_5_Aligned.sortedByCoord.out,0.8665552969629862,33,12,45,high
MXE_chr11_2430097_54,MXE,chr11,+,GENE_0054,2430097,2430197,2430397,2430497,2430697,2430797,sample_6_Aligned.sortedByCoord.out,0.2259069172310761,23,21,44,high
MXE_chr14_27840301_55,MXE,chr14,-,GENE_0055,27840301,27840401,27840601,27840701,27840901,27841001,sample_1_Aligned.sortedByCoord.out,0.3813123832476367,17,16,33,high
MXE_chr14_27840301_55,MXE,chr14,-,GENE_0055,27840301,27840401,27840601,27840701,27840901,27841001,sample_2_Aligned.sortedByCoord.out,0.8167970283108229,17,11,28,high
MXE_chr14_27840301_55,MXE,chr14,-,GENE_0055,27840301,27840401,27840601,27840701,27840901,27841001,sample_3_Aligned.sortedByCoord.out,0.7848230245990437,18,12,30,high
MXE_chr14_27840301_55,MXE,chr14,-,GENE_0055,27840301,27840401,27840601,27840701,27840901,27841001,sample_4_Aligned.sortedByCoord.out,0.4513402303258638,21,17,38,high
MXE_chr14_27840301_55,MXE,chr14,-,GENE_0055,27840301,27840401,27840601,27840701,27840901,27841001,sample_5_Aligned.sortedByCoord.out,0.6884906724617661,21,17,38,high
MXE_chr14_27840301_55,MXE,chr14,-,GENE_0055,27840301,27840401,27840601,27840701,27840901,27841001,sample_6_Aligned.sortedByCoord.out,0.816536506977158,22,15,37,high
MXE_chr15_39851148_56,MXE,chr15,-,GENE_0056,39851148,39851248,39851448,39851548,39851748,39851848,sample_1_Aligned.sortedByCoord.out,0.4355638675516299,20,15,35,high
MXE_chr15_39851148_56,MXE,chr15,-,GENE_0056,39851148,39851248,39851448,39851548,39851748,39851848,sample_2_Aligned.sortedByCoord.out,0.1573162482208758,19,15,34,high
MXE_chr15_39851148_56,MXE,chr15,-,GENE_0056,39851148,39851248,39851448,39851548,39851748,39851848,sample_3_Aligned.sortedByCoord.out,0.6689846306853447,19,12,31,high
MXE_chr15_39851148_56,MXE,chr15,-,GENE_0056,39851148,39851248,39851448,39851548,39851748,39851848,sample_4_Aligned.sortedByCoord.out,0.43736649890829105,15,14,29,high
MXE_chr15_39851148_56,MXE,chr15,-,GENE_0056,39851148,39851248,39851448,39851548,39851748,39851848,sample_5_Aligned.sortedByCoord.out,0.7314970066802139,26,14,40,high
MXE_chr15_39851148_56,MXE,chr15,-,GENE_0056,39851148,39851248,39851448,39851548,39851748,39851848,sample_6_Aligned.sortedByCoord.out,0.5114095580693676,19,15,34,high
MXE_chr11_36093243_57,MXE,chr11,-,GENE_0057,36093243,36093343,36093543,36093643,36093843,36093943,sample_1_Aligned.sortedByCoord.out,0.3496155413154013,19,16,35,high
MXE_chr11_36093243_57,MXE,chr11,-,GENE_0057,36093243,36093343,36093543,36093643,36093843,36093943,sample_2_Aligned.sortedByCoord.out,0.10605200874336476,32,18,50,high
MXE_chr11_36093243_57,MXE,chr11,-,GENE_0057,36093243,36093343,36093543,36093643,36093843,36093943,sample_3_Aligned.sortedByCoord.out,0.6964036333322522,20,21,41,high
MXE_chr11_36093243_57,MXE,chr11,-,GENE_0057,36093243,36093343,36093543,36093643,36093843,36093943,sample_4_Aligned.sortedByCoord.out,0.6601928724153132,18,12,30,high
MXE_chr11_36093243_57,MXE,chr11,-,GENE_0057,36093243,36093343,36093543,36093643,36093843,36093943,sample_5_Aligned.sortedByCoord.out,0.6386460410804238,20,16,36,high
MXE_chr11_36093243_57,MXE,chr11,-,GENE_0057,36093243,36093343,36093543,36093643,36093843,36093943,sample_6_Aligned.sortedByCoord.out,0.8365980782757073,18,18,36,high
MXE_chr22_49133910_58,MXE,chr22,+,GENE_0058,49133910,49134010,49134210,49134310,49134510,49134610,sample_1_Aligned.sortedByCoord.out,0.5594136519927997,20,14,34,high
MXE_chr22_49133910_58,MXE,chr22,+,GENE_0058,49133910,49134010,49134210,49134310,49134510,49134610,sample_2_Aligned.sortedByCoord.out,0.12864876379935614,26,3,29,high
MXE_chr22_49133910_58,MXE,chr22,+,GENE_0058,49133910,49134010,49134210,49134310,49134510,49134610,sample_3_Aligned.sortedByCoord.out,0.4865672185490786,26,13,39,high
MXE_chr22_49133910_58,MXE,chr22,+,GENE_0058,49133910,49134010,49134210,49134310,49134510,49134610,sample_4_Aligned.sortedByCoord.out,0.4435253072109096,23,14,37,high
MXE_chr22_49133910_58,MXE,chr22,+,GENE_0058,49133910,49134010,49134210,49134310,49134510,49134610,sample_5_Aligned.sortedByCoord.out,0.2306536721328463,21,5,26,high
MXE_chr22_49133910_58,MXE,chr22,+,GENE_0058,49133910,49134010,49134210,49134310,49134510,49134610,sample_6_Aligned.sortedByCoord.out,0.6200931491321949,28,16,44,high
MXE_chr19_37616701_59,MXE,chr19,+,GENE_0059,37616701,37616801,37617001,37617101,37617301,37617401,sample_1_Aligned.sortedByCoord.out,0.6086251638824912,20,11,31,high
MXE_chr19_37616701_59,MXE,chr19,+,GENE_0059,37616701,37616801,37617001,37617101,37617301,37617401,sample_2_Aligned.sortedByCoord.out,0.4240890268049287,12,20,32,high
MXE_chr19_37616701_59,MXE,chr19,+,GENE_0059,37616701,37616801,37617001,37617101,37617301,37617401,sample_3_Aligned.sortedByCoord.out,0.7203012371195823,19,12,31,high
MXE_chr19_37616701_59,MXE,chr19,+,GENE_0059,37616701,37616801,37617001,37617101,37617301,37617401,sample_4_Aligned.sortedByCoord.out,0.6917314319685818,16,16,32,high
MXE_chr19_37616701_59,MXE,chr19,+,GENE_0059,37616701,37616801,37617001,37617101,37617301,37617401,sample_5_Aligned.sortedByCoord.out,0.6044004392546177,24,20,44,high
MXE_chr19_37616701_59,MXE,chr19,+,GENE_0059,37616701,37616801,37617001,37617101,37617301,37617401,sample_6_Aligned.sortedByCoord.out,0.59725989165149,21,13,34,high
MXE_chr10_10801954_60,MXE,chr10,+,GENE_0060,10801954,10802054,10802254,10802354,10802554,10802654,sample_1_Aligned.sortedByCoord.out,0.5320607697339975,17,16,33,high
MXE_chr10_10801954_60,MXE,chr10,+,GENE_0060,10801954,10802054,10802254,10802354,10802554,10802654,sample_2_Aligned.sortedByCoord.out,0.06675244506795257,25,17,42,high
MXE_chr10_10801954_60,MXE,chr10,+,GENE_0060,10801954,10802054,10802254,10802354,10802554,10802654,sample_3_Aligned.sortedByCoord.out,0.5874647499595314,26,14,40,high
MXE_chr10_10801954_60,MXE,chr10,+,GENE_0060,10801954,10802054,10802254,10802354,10802554,10802654,sample_4_Aligned.sortedByCoord.out,0.8019625456968735,17,15,32,high
MXE_chr10_10801954_60,MXE,chr10,+,GENE_0060,10801954,10802054,10802254,10802354,10802554,10802654,sample_5_Aligned.sortedByCoord.out,0.6887692645126263,32,20,52,high
MXE_chr10_10801954_60,MXE,chr10,+,GENE_0060,10801954,10802054,10802254,10802354,10802554,10802654,sample_6_Aligned.sortedByCoord.out,0.1416711602558146,18,23,41,high
MXE_chr10_40515404_61,MXE,chr10,-,GENE_0061,40515404,40515504,40515704,40515804,40516004,40516104,sample_1_Aligned.sortedByCoord.out,0.5523048753352257,20,19,39,high
MXE_chr10_40515404_61,MXE,chr10,-,GENE_0061,40515404,40515504,40515704,40515804,40516004,40516104,sample_2_Aligned.sortedByCoord.out,0.20331487656081706,25,12,37,high
MXE_chr10_40515404_61,MXE,chr10,-,GENE_0061,40515404,40515504,40515704,40515804,40516004,40516104,sample_3_Aligned.sortedByCoord.out,0.4538868263682532,19,11,30,high
MXE_chr10_40515404_61,MXE,chr10,-,GENE_0061,40515404,40515504,40515704,40515804,40516004,40516104,sample_4_Aligned.sortedByCoord.out,0.12121795687944442,20,9,29,high
MXE_chr10_40515404_61,MXE,chr10,-,GENE_0061,40515404,40515504,40515704,40515804,40516004,40516104,sample_5_Aligned.sortedByCoord.out,0.3871606534940974,24,14,38,high
MXE_chr10_40515404_61,MXE,chr10,-,GENE_0061,40515404,40515504,40515704,40515804,40516004,40516104,sample_6_Aligned.sortedByCoord.out,0.3187104953771691,31,13,44,high
MXE_chr19_31042663_62,MXE,chr19,+,GENE_0062,31042663,31042763,31042963,31043063,31043263,31043363,sample_1_Aligned.sortedByCoord.out,0.4204692765040994,16,14,30,high
MXE_chr19_31042663_62,MXE,chr19,+,GENE_0062,31042663,31042763,31042963,31043063,31043263,31043363,sample_2_Aligned.sortedByCoord.out,0.6504420570957693,25,12,37,high
MXE_chr19_31042663_62,MXE,chr19,+,GENE_0062,31042663,31042763,31042963,31043063,31043263,31043363,sample_3_Aligned.sortedByCoord.out,0.7379662710483958,23,16,39,high
MXE_chr19_31042663_62,MXE,chr19,+,GENE_0062,31042663,31042763,31042963,31043063,31043263,31043363,sample_4_Aligned.sortedByCoord.out,0.4300464273659969,15,16,31,high
MXE_chr19_31042663_62,MXE,chr19,+,GENE_0062,31042663,31042763,31042963,31043063,31043263,31043363,sample_5_Aligned.sortedByCoord.out,0.17488942420231612,16,20,36,high
MXE_chr19_31042663_62,MXE,chr19,+,GENE_0062,31042663,31042763,31042963,31043063,31043263,31043363,sample_6_Aligned.sortedByCoord.out,0.060617205419850384,27,19,46,high
MXE_chr17_28879740_63,MXE,chr17,+,GENE_0063,28879740,28879840,28880040,28880140,28880340,28880440,sample_1_Aligned.sortedByCoord.out,0.3024256382556565,21,19,40,high
MXE_chr17_28879740_63,MXE,chr17,+,GENE_0063,28879740,28879840,28880040,28880140,28880340,28880440,sample_2_Aligned.sortedByCoord.out,0.0754679119460435,18,12,30,high
MXE_chr17_28879740_63,MXE,chr17,+,GENE_0063,28879740,28879840,28880040,28880140,28880340,28880440,sample_3_Aligned.sortedByCoord.out,0.7315388142454012,19,13,32,high
MXE_chr17_28879740_63,MXE,chr17,+,GENE_0063,28879740,28879840,28880040,28880140,28880340,28880440,sample_4_Aligned.sortedByCoord.out,0.14746018336133818,18,14,32,high
MXE_chr17_28879740_63,MXE,chr17,+,GENE_0063,28879740,28879840,28880040,28880140,28880340,28880440,sample_5_Aligned.sortedByCoord.out,0.38994208330363944,28,20,48,high
MXE_chr17_28879740_63,MXE,chr17,+,GENE_0063,28879740,28879840,28880040,28880140,28880340,28880440,sample_6_Aligned.sortedByCoord.out,0.40470879543159405,16,13,29,high
MXE_chr8_41649191_64,MXE,chr8,-,GENE_0064,41649191,41649291,41649491,41649591,41649791,41649891,sample_1_Aligned.sortedByCoord.out,0.10124459679318704,10,14,24,high
MXE_chr8_41649191_64,MXE,chr8,-,GENE_0064,41649191,41649291,41649491,41649591,41649791,41649891,sample_2_Aligned.sortedByCoord.out,0.3927503427264392,11,19,30,high
MXE_chr8_41649191_64,MXE,chr8,-,GENE_0064,41649191,41649291,41649491,41649591,41649791,41649891,sample_3_Aligned.sortedByCoord.out,0.3737428199655159,27,8,35,high
MXE_chr8_41649191_64,MXE,chr8,-,GENE_0064,41649191,41649291,41649491,41649591,41649791,41649891,sample_4_Aligned.sortedByCoord.out,0.6146279321655375,15,13,28,high
MXE_chr8_41649191_64,MXE,chr8,-,GENE_0064,41649191,41649291,41649491,41649591,41649791,41649891,sample_5_Aligned.sortedByCoord.out,0.5105718758197966,16,11,27,high
MXE_chr8_41649191_64,MXE,chr8,-,GENE_0064,41649191,41649291,41649491,41649591,41649791,41649891,sample_6_Aligned.sortedByCoord.out,0.42742977717721603,20,19,39,high
MXE_chr22_49674907_65,MXE,chr22,-,GENE_0065,49674907,49675007,49675207,49675307,49675507,49675607,sample_1_Aligned.sortedByCoord.out,0.2580481616283738,20,11,31,high
MXE_chr22_49674907_65,MXE,chr22,-,GENE_0065,49674907,49675007,49675207,49675307,49675507,49675607,sample_2_Aligned.sortedByCoord.out,0.452280605644795,23,16,39,high
MXE_chr22_49674907_65,MXE,chr22,-,GENE_0065,49674907,49675007,49675207,49675307,49675507,49675607,sample_3_Aligned.sortedByCoord.out,0.412695855855804,21,13,34,high
MXE_chr22_49674907_65,MXE,chr22,-,GENE_0065,49674907,49675007,49675207,49675307,49675507,49675607,sample_4_Aligned.sortedByCoord.out,0.7596249152515187,12,13,25,high
MXE_chr22_49674907_65,MXE,chr22,-,GENE_0065,49674907,49675007,49675207,49675307,49675507,49675607,sample_5_Aligned.sortedByCoord.out,0.29729150166621565,20,21,41,high
MXE_chr22_49674907_65,MXE,chr22,-,GENE_0065,49674907,49675007,49675207,49675307,49675507,49675607,sample_6_Aligned.sortedByCoord.out,0.5674277833828459,23,16,39,high
MXE_chr14_4989296_66,MXE,chr14,+,GENE_0066,4989296,4989396,4989596,4989696,4989896,4989996,sample_1_Aligned.sortedByCoord.out,0.08896921648503942,19,20,39,high
MXE_chr14_4989296_66,MXE,chr14,+,GENE_0066,4989296,4989396,4989596,4989696,4989896,4989996,sample_2_Aligned.sortedByCoord.out,0.6601173376860169,14,13,27,high
MXE_chr14_4989296_66,MXE,chr14,+,GENE_0066,4989296,4989396,4989596,4989696,4989896,4989996,sample_3_Aligned.sortedByCoord.out,0.7607594494136037,17,16,33,high
MXE_chr14_4989296_66,MXE,chr14,+,GENE_0066,4989296,4989396,4989596,4989696,4989896,4989996,sample_4_Aligned.sortedByCoord.out,0.20526948230296643,18,13,31,high
MXE_chr14_4989296_66,MXE,chr14,+,GENE_0066,4989296,4989396,4989596,4989696,4989896,4989996,sample_5_Aligned.sortedByCoord.out,0.8206734599499906,15,9,24,high
MXE_chr14_4989296_66,MXE,chr14,+,GENE_0066,4989296,4989396,4989596,4989696,4989896,4989996,sample_6_Aligned.sortedByCoord.out,0.4541414407714557,24,15,39,high
MXE_chr10_23466529_67,MXE,chr10,-,GENE_0067,23466529,23466629,23466829,23466929,23467129,23467229,sample_1_Aligned.sortedByCoord.out,0.4753002428133839,26,17,43,high
MXE_chr10_23466529_67,MXE,chr10,-,GENE_0067,23466529,23466629,23466829,23466929,23467129,23467229,sample_2_Aligned.sortedByCoord.out,0.6860398211242501,15,12,27,high
MXE_chr10_23466529_67,MXE,chr10,-,GENE_0067,23466529,23466629,23466829,23466929,23467129,23467229,sample_3_Aligned.sortedByCoord.out,0.17760197487507146,22,11,33,high
MXE_chr10_23466529_67,MXE,chr10,-,GENE_0067,23466529,23466629,23466829,23466929,23467129,23467229,sample_4_Aligned.sortedByCoord.out,0.7702765260335118,20,15,35,high
MXE_chr10_23466529_67,MXE,chr10,-,GENE_0067,23466529,23466629,23466829,23466929,23467129,23467229,sample_5_Aligned.sortedByCoord.out,0.5000701814811764,19,12,31,high
MXE_chr10_23466529_67,MXE,chr10,-,GENE_0067,23466529,23466629,23466829,23466929,23467129,23467229,sample_6_Aligned.sortedByCoord.out,0.6238152814738873,15,12,27,high
MXE_chr11_42199463_68,MXE,chr11,-,GENE_0068,42199463,42199563,42199763,42199863,42200063,42200163,sample_1_Aligned.sortedByCoord.out,0.1411461716492257,9,14,23,high
MXE_chr11_42199463_68,MXE,chr11,-,GENE_0068,42199463,42199563,42199763,42199863,42200063,42200163,sample_2_Aligned.sortedByCoord.out,0.27242421914628123,16,13,29,high
MXE_chr11_42199463_68,MXE,chr11,-,GENE_0068,42199463,42199563,42199763,42199863,42200063,42200163,sample_3_Aligned.sortedByCoord.out,0.6043172188754607,16,14,30,high
MXE_chr11_42199463_68,MXE,chr11,-,GENE_0068,42199463,42199563,42199763,42199863,42200063,42200163,sample_4_Aligned.sortedByCoord.out,0.4446662631716267,19,11,30,high
MXE_chr11_42199463_68,MXE,chr11,-,GENE_0068,42199463,42199563,42199763,42199863,42200063,42200163,sample_5_Aligned.sortedByCoord.out,0.43328462033842907,25,22,47,high
MXE_chr11_42199463_68,MXE,chr11,-,GENE_0068,42199463,42199563,42199763,42199863,42200063,42200163,sample_6_Aligned.sortedByCoord.out,0.7950727977006399,20,15,35,high
MXE_chr22_45617628_69,MXE,chr22,+,GENE_0069,45617628,45617728,45617928,45618028,45618228,45618328,sample_1_Aligned.sortedByCoord.out,0.5453374617574746,19,22,41,high
MXE_chr22_45617628_69,MXE,chr22,+,GENE_0069,45617628,45617728,45617928,45618028,45618228,45618328,sample_2_Aligned.sortedByCoord.out,0.17518989708331478,24,16,40,high
MXE_chr22_45617628_69,MXE,chr22,+,GENE_0069,45617628,45617728,45617928,45618028,45618228,45618328,sample_3_Aligned.sortedByCoord.out,0.5318975600245301,23,6,29,high
MXE_chr22_45617628_69,MXE,chr22,+,GENE_0069,45617628,45617728,45617928,45618028,45618228,45618328,sample_4_Aligned.sortedByCoord.out,0.024425460531454068,18,16,34,high
MXE_chr22_45617628_69,MXE,chr22,+,GENE_0069,45617628,45617728,45617928,45618028,45618228,45618328,sample_5_Aligned.sortedByCoord.out,0.4151719020268713,17,11,28,high
MXE_chr22_45617628_69,MXE,chr22,+,GENE_0069,45617628,45617728,45617928,45618028,45618228,45618328,sample_6_Aligned.sortedByCoord.out,0.7899128295028427,17,20,37,high
MXE_chr7_31047940_70,MXE,chr7,-,GENE_0070,31047940,31048040,31048240,31048340,31048540,31048640,sample_1_Aligned.sortedByCoord.out,0.08667662369334364,16,9,25,high
MXE_chr7_31047940_70,MXE,chr7,-,GENE_0070,31047940,31048040,31048240,31048340,31048540,31048640,sample_2_Aligned.sortedByCoord.out,0.765515186943868,20,13,33,high
MXE_chr7_31047940_70,MXE,chr7,-,GENE_0070,31047940,31048040,31048240,31048340,31048540,31048640,sample_3_Aligned.sortedByCoord.out,0.41530530339797184,16,22,38,high
MXE_chr7_31047940_70,MXE,chr7,-,GENE_0070,31047940,31048040,31048240,31048340,31048540,31048640,sample_4_Aligned.sortedByCoord.out,0.8938610241485571,19,13,32,high
MXE_chr7_31047940_70,MXE,chr7,-,GENE_0070,31047940,31048040,31048240,31048340,31048540,31048640,sample_5_Aligned.sortedByCoord.out,0.49821643991035564,25,13,38,high
MXE_chr7_31047940_70,MXE,chr7,-,GENE_0070,31047940,31048040,31048240,31048340,31048540,31048640,sample_6_Aligned.sortedByCoord.out,0.4273887809815909,25,12,37,high
MXE_chr2_16268805_71,MXE,chr2,-,GENE_0071,16268805,16268905,16269105,16269205,16269405,16269505,sample_1_Aligned.sortedByCoord.out,0.5430937239206559,16,17,33,high
MXE_chr2_16268805_71,MXE,chr2,-,GENE_0071,16268805,16268905,16269105,16269205,16269405,16269505,sample_2_Aligned.sortedByCoord.out,0.5208813464995117,19,15,34,high
MXE_chr2_16268805_71,MXE,chr2,-,GENE_0071,16268805,16268905,16269105,16269205,16269405,16269505,sample_3_Aligned.sortedByCoord.out,0.41803695553739756,25,13,38,high
MXE_chr2_16268805_71,MXE,chr2,-,GENE_0071,16268805,16268905,16269105,16269205,16269405,16269505,sample_4_Aligned.sortedByCoord.out,0.49275345237367707,21,17,38,high
MXE_chr2_16268805_71,MXE,chr2,-,GENE_0071,16268805,16268905,16269105,16269205,16269405,16269505,sample_5_Aligned.sortedByCoord.out,0.7543868556249527,23,15,38,high
MXE_chr2_16268805_71,MXE,chr2,-,GENE_0071,16268805,16268905,16269105,16269205,16269405,16269505,sample_6_Aligned.sortedByCoord.out,0.7294530527711028,19,17,36,high
MXE_chr21_40591865_72,MXE,chr21,-,GENE_0072,40591865,40591965,40592165,40592265,40592465,40592565,sample_1_Aligned.sortedByCoord.out,0.7142958339335825,25,12,37,high
MXE_chr21_40591865_72,MXE,chr21,-,GENE_0072,40591865,40591965,40592165,40592265,40592465,40592565,sample_2_Aligned.sortedByCoord.out,0.7154139921000534,12,14,26,high
MXE_chr21_40591865_72,MXE,chr21,-,GENE_0072,40591865,40591965,40592165,40592265,40592465,40592565,sample_3_Aligned.sortedByCoord.out,0.27955283398437236,23,13,36,high
MXE_chr21_40591865_72,MXE,chr21,-,GENE_0072,40591865,40591965,40592165,40592265,40592465,40592565,sample_4_Aligned.sortedByCoord.out,0.7766171221131554,21,16,37,high
MXE_chr21_40591865_72,MXE,chr21,-,GENE_0072,40591865,40591965,40592165,40592265,40592465,40592565,sample_5_Aligned.sortedByCoord.out,0.6167349710921822,23,21,44,high
MXE_chr21_40591865_72,MXE,chr21,-,GENE_0072,40591865,40591965,40592165,40592265,40592465,40592565,sample_6_Aligned.sortedByCoord.out,0.5057190179485044,23,16,39,high
