event_id,event_type,chromosome,strand,gene_name,long_exon_start,short_exon_start,common_end,sample,psi,inclusion_reads,exclusion_reads,total_reads,confidence
A3SS_chr18_24056495_0,A3SS,chr18,-,GENE_0000,24056495,24056660,24057495,sample_1_Aligned.sortedByCoord.out,0.8596920297726944,21,28,49,high
A3SS_chr18_24056495_0,A3SS,chr18,-,GENE_0000,24056495,24056660,24057495,sample_2_Aligned.sortedByCoord.out,0.3307371277932136,12,21,33,high
A3SS_chr18_24056495_0,A3SS,chr18,-,GENE_0000,24056495,24056660,24057495,sample_3_Aligned.sortedByCoord.out,0.8675557506785043,24,15,39,high
A3SS_chr18_24056495_0,A3SS,chr18,-,GENE_0000,24056495,24056660,24057495,sample_4_Aligned.sortedByCoord.out,0.4740720543814113,21,21,42,high
A3SS_chr18_24056495_0,A3SS,chr18,-,GENE_0000,24056495,24056660,24057495,sample_5_Aligned.sortedByCoord.out,0.42229089396194736,24,17,41,high
A3SS_chr18_24056495_0,A3SS,chr18,-,GENE_0000,24056495,24056660,24057495,sample_6_Aligned.sortedByCoord.out,0.42833323447652094,19,20,39,high
A3SS_chr10_46931682_1,A3SS,chr10,+,GENE_0001,46931682,46931797,46932682,sample_1_Aligned.sortedByCoord.out,0.388685521413925,21,12,33,high
A3SS_chr10_46931682_1,A3SS,chr10,+,GENE_0001,46931682,46931797,46932682,sample_2_Aligned.sortedByCoord.out,0.6552062902675782,14,23,37,high
A3SS_chr10_46931682_1,A3SS,chr10,+,GENE_0001,46931682,46931797,46932682,sample_3_Aligned.sortedByCoord.out,0.7384860177903483,20,17,37,high
A3SS_chr10_46931682_1,A3SS,chr10,+,GENE_0001,46931682,46931797,46932682,sample_4_Aligned.sortedByCoord.out,0.33462789319239084,20,21,41,high
A3SS_chr10_46931682_1,A3SS,chr10,+,GENE_0001,46931682,46931797,46932682,sample_5_Aligned.sortedByCoord.out,0.7933919180135528,18,15,33,high
A3SS_chr10_46931682_1,A3SS,chr10,+,GENE_0001,46931682,46931797,46932682,sample_6_Aligned.sortedByCoord.out,0.43262566368604266,18,15,33,high
A3SS_chr2_33894452_2,A3SS,chr2,+,GENE_0002,33894452,33894632,33895452,sample_1_Aligned.sortedByCoord.out,0.6631017073117748,23,15,38,high
A3SS_chr2_33894452_2,A3SS,chr2,+,GENE_0002,33894452,33894632,33895452,sample_2_Aligned.sortedByCoord.out,0.2696026328980303,27,18,45,high
A3SS_chr2_33894452_2,A3SS,chr2,+,GENE_0002,33894452,33894632,33895452,sample_3_Aligned.sortedByCoord.out,0.4129094245209666,20,20,40,high
A3SS_chr2_33894452_2,A3SS,chr2,+,GENE_0002,33894452,33894632,33895452,sample_4_Aligned.sortedByCoord.out,0.40518927110130726,23,16,39,high
A3SS_chr2_33894452_2,A3SS,chr2,+,GENE_0002,33894452,33894632,33895452,sample_5_Aligned.sortedByCoord.out,0.35626338127570184,14,12,26,high
A3SS_chr2_33894452_2,A3SS,chr2,+,GENE_0002,33894452,33894632,33895452,sample_6_Aligned.sortedByCoord.out,0.2643691248366355,15,15,30,high
A3SS_chr12_6377809_3,A3SS,chr12,-,GENE_0003,6377809,6377961,6378809,sample_1_Aligned.sortedByCoord.out,0.6248002028741695,14,16,30,high
A3SS_chr12_6377809_3,A3SS,chr12,-,GENE_0003,6377809,6377961,6378809,sample_2_Aligned.sortedByCoord.out,0.4639113506437355,18,10,28,high
A3SS_chr12_6377809_3,A3SS,chr12,-,GENE_0003,6377809,6377961,6378809,sample_3_Aligned.sortedByCoord.out,0.8132769918654774,21,17,38,high
A3SS_chr12_6377809_3,A3SS,chr12,-,GENE_0003,6377809,6377961,6378809,sample_4_Aligned.sortedByCoord.out,0.20896068522841596,27,16,43,high
A3SS_chr12_6377809_3,A3SS,chr12,-,GENE_0003,6377809,6377961,6378809,sample_5_Aligned.sortedByCoord.out,0.41873683520152155,26,16,42,high
A3SS_chr12_6377809_3,A3SS,chr12,-,GENE_0003,6377809,6377961,6378809,sample_6_Aligned.sortedByCoord.out,0.597752971439799,24,18,42,high
A3SS_chr7_7428955_4,A3SS,chr7,-,GENE_0004,7428955,7429054,7429955,sample_1_Aligned.sortedByCoord.out,0.11910930552344415,14,12,26,high
A3SS_chr7_7428955_4,A3SS,chr7,-,GENE_0004,7428955,7429054,7429955,sample_2_Aligned.sortedByCoord.out,0.2908254461080116,17,20,37,high
A3SS_chr7_7428955_4,A3SS,chr7,-,GENE_0004,7428955,7429054,7429955,sample_3_Aligned.sortedByCoord.out,0.7008003443562933,23,15,38,high
A3SS_chr7_7428955_4,A3SS,chr7,-,GENE_0004,7428955,7429054,7429955,sample_4_Aligned.sortedByCoord.out,0.7421481946853653,25,17,42,high
A3SS_chr7_7428955_4,A3SS,chr7,-,GENE_0004,7428955,7429054,7429955,sample_5_Aligned.sortedByCoord.out,0.8383986662867641,15,18,33,high
A3SS_chr7_7428955_4,A3SS,chr7,-,GENE_0004,7428955,7429054,7429955,sample_6_Aligned.sortedByCoord.out,0.8533179302230467,23,9,32,high
A3SS_chr12_38650950_5,A3SS,chr12,-,GENE_0005,38650950,38651051,38651950,sample_1_Aligned.sortedByCoord.out,0.864639233867657,12,20,32,high
A3SS_chr12_38650950_5,A3SS,chr12,-,GENE_0005,38650950,38651051,38651950,sample_2_Aligned.sortedByCoord.out,0.40912362249090073,31,16,47,high
A3SS_chr12_38650950_5,A3SS,chr12,-,GENE_0005,38650950,38651051,38651950,sample_3_Aligned.sortedByCoord.out,0.2808629977050412,19,16,35,high
A3SS_chr12_38650950_5,A3SS,chr12,-,GENE_0005,38650950,38651051,38651950,sample_4_Aligned.sortedByCoord.out,0.1828713392462726,16,13,29,high
A3SS_chr12_38650950_5,A3SS,chr12,-,GENE_0005,38650950,38651051,38651950,sample_5_Aligned.sortedByCoord.out,0.6628533826430261,23,21,44,high
A3SS_chr12_38650950_5,A3SS,chr12,-,GENE_0005,38650950,38651051,38651950,sample_6_Aligned.sortedByCoord.out,0.36522435377472906,23,22,45,high
A3SS_chr18_11536658_6,A3SS,chr18,-,GENE_0006,11536658,11536721,11537658,sample_1_Aligned.sortedByCoord.out,0.49667233789897697,13,17,30,high
A3SS_chr18_11536658_6,A3SS,chr18,-,GENE_0006,11536658,11536721,11537658,sample_2_Aligned.sortedByCoord.out,0.7060617935691987,22,15,37,high
A3SS_chr18_11536658_6,A3SS,chr18,-,GENE_0006,11536658,11536721,11537658,sample_3_Aligned.sortedByCoord.out,0.8531856900849306,20,15,35,high
A3SS_chr18_11536658_6,A3SS,chr18,-,GENE_0006,11536658,11536721,11537658,sample_4_Aligned.sortedByCoord.out,0.568390632045592,27,19,46,high
A3SS_chr18_11536658_6,A3SS,chr18,-,GENE_0006,11536658,11536721,11537658,sample_5_Aligned.sortedByCoord.out,0.7559144711266905,19,12,31,high
A3SS_chr18_11536658_6,A3SS,chr18,-,GENE_0006,11536658,11536721,11537658,sample_6_Aligned.sortedByCoord.out,0.11749434648576786,18,15,33,high
A3SS_chr19_27746555_7,A3SS,chr19,+,GENE_0007,27746555,27746624,27747555,sample_1_Aligned.sortedByCoord.out,0.5614407741131677,21,7,28,high
A3SS_chr19_27746555_7,A3SS,chr19,+,GENE_0007,27746555,27746624,27747555,sample_2_Aligned.sortedByCoord.out,0.13500906678068042,18,17,35,high
A3SS_chr19_27746555_7,A3SS,chr19,+,GENE_0007,27746555,27746624,27747555,sample_3_Aligned.sortedByCoord.out,0.4581744631970116,18,14,32,high
A3SS_chr19_27746555_7,A3SS,chr19,+,GENE_0007,27746555,27746624,27747555,sample_4_Aligned.sortedByCoord.out,0.26230806255744227,21,10,31,high
A3SS_chr19_27746555_7,A3SS,chr19,+,GENE_0007,27746555,27746624,27747555,sample_5_Aligned.sortedByCoord.out,0.534649313640283,13,10,23,high
A3SS_chr19_27746555_7,A3SS,chr19,+,GENE_0007,27746555,27746624,27747555,sample_6_Aligned.sortedByCoord.out,0.43149548205841404,27,13,40,high
A3SS_chr9_12483684_8,A3SS,chr9,-,GENE_0008,12483684,12483854,12484684,sample_1_Aligned.sortedByCoord.out,0.7636130253799432,21,15,36,high
A3SS_chr9_12483684_8,A3SS,chr9,-,GENE_0008,12483684,12483854,12484684,sample_2_Aligned.sortedByCoord.out,0.2030624606273705,26,15,41,high
A3SS_chr9_12483684_8,A3SS,chr9,-,GENE_0008,12483684,12483854,12484684,sample_3_Aligned.sortedByCoord.out,0.8920108852637945,22,15,37,high
A3SS_chr9_12483684_8,A3SS,chr9,-,GENE_0008,12483684,12483854,12484684,sample_4_Aligned.sortedByCoord.out,0.6491510982682247,23,15,38,high
A3SS_chr9_12483684_8,A3SS,chr9,-,GENE_0008,12483684,12483854,12484684,sample_5_Aligned.sortedByCoord.out,0.11989737024515655,18,13,31,high
A3SS_chr9_12483684_8,A3SS,chr9,-,GENE_0008,12483684,12483854,12484684,sample_6_Aligned.sortedByCoord.out,0.02649371132418156,20,14,34,high
A3SS_chr13_26736921_9,A3SS,chr13,+,GENE_0009,26736921,26737046,26737921,sample_1_Aligned.sortedByCoord.out,0.10702150943451771,28,14,42,high
A3SS_chr13_26736921_9,A3SS,chr13,+,GENE_0009,26736921,26737046,26737921,sample_2_Aligned.sortedByCoord.out,0.4262826547318436,20,11,31,high
A3SS_chr13_26736921_9,A3SS,chr13,+,GENE_0009,26736921,26737046,26737921,sample_3_Aligned.sortedByCoord.out,0.18635425313773546,19,11,30,high
A3SS_chr13_26736921_9,A3SS,chr13,+,GENE_0009,26736921,26737046,26737921,sample_4_Aligned.sortedByCoord.out,0.14801600008861898,15,15,30,high
A3SS_chr13_26736921_9,A3SS,chr13,+,GENE_0009,26736921,26737046,26737921,sample_5_Aligned.sortedByCoord.out,0.7775851369154759,19,16,35,high
A3SS_chr13_26736921_9,A3SS,chr13,+,GENE_0009,26736921,26737046,26737921,sample_6_Aligned.sortedByCoord.out,0.6342513527513934,23,9,32,high
A3SS_chr3_41949394_10,A3SS,chr3,+,GENE_0010,41949394,41949555,41950394,sample_1_Aligned.sortedByCoord.out,0.3125361070705376,19,23,42,high
A3SS_chr3_41949394_10,A3SS,chr3,+,GENE_0010,41949394,41949555,41950394,sample_2_Aligned.sortedByCoord.out,0.9696911432496373,19,17,36,high
A3SS_chr3_41949394_10,A3SS,chr3,+,GENE_0010,41949394,41949555,41950394,sample_3_Aligned.sortedByCoord.out,0.7469603141980401,24,15,39,high
A3SS_chr3_41949394_10,A3SS,chr3,+,GENE_0010,41949394,41949555,41950394,sample_4_Aligned.sortedByCoord.out,0.2235610682150878,22,13,35,high
A3SS_chr3_41949394_10,A3SS,chr3,+,GENE_0010,41949394,41949555,41950394,sample_5_Aligned.sortedByCoord.out,0.5421542571325494,19,19,38,high
A3SS_chr3_41949394_10,A3SS,chr3,+,GENE_0010,41949394,41949555,41950394,sample_6_Aligned.sortedByCoord.out,0.7176434968176023,20,14,34,high
A3SS_chr19_26638483_11,A3SS,chr19,+,GENE_0011,26638483,26638663,26639483,sample_1_Aligned.sortedByCoord.out,0.6100949788669823,17,18,35,high
A3SS_chr19_26638483_11,A3SS,chr19,+,GENE_0011,26638483,26638663,26639483,sample_2_Aligned.sortedByCoord.out,0.31408639178744574,20,16,36,high
A3SS_chr19_26638483_11,A3SS,chr19,+,GENE_0011,26638483,26638663,26639483,sample_3_Aligned.sortedByCoord.out,0.7170543442210925,24,20,44,high
A3SS_chr19_26638483_11,A3SS,chr19,+,GENE_0011,26638483,26638663,26639483,sample_4_Aligned.sortedByCoord.out,0.5188065081976776,22,13,35,high
A3SS_chr19_26638483_11,A3SS,chr19,+,GENE_0011,26638483,26638663,26639483,sample_5_Aligned.sortedByCoord.out,0.8589669170476757,26,17,43,high
A3SS_chr19_26638483_11,A3SS,chr19,+,GENE_0011,26638483,26638663,26639483,sample_6_Aligned.sortedByCoord.out,0.3900378786879365,24,11,35,high
A3SS_chr1_11579499_12,A3SS,chr1,-,GENE_0012,11579499,11579569,11580499,sample_1_Aligned.sortedByCoord.out,0.6053859415731888,20,6,26,high
A3SS_chr1_11579499_12,A3SS,chr1,-,GENE_0012,11579499,11579569,11580499,sample_2_Aligned.sortedByCoord.out,0.8276215480484284,15,17,32,high
A3SS_chr1_11579499_12,A3SS,chr1,-,GENE_0012,11579499,11579569,11580499,sample_3_Aligned.sortedByCoord.out,0.16265582179317525,17,17,34,high
A3SS_chr1_11579499_12,A3SS,chr1,-,GENE_0012,11579499,11579569,11580499,sample_4_Aligned.sortedByCoord.out,0.6360430617856978,19,12,31,high
A3SS_chr1_11579499_12,A3SS,chr1,-,GENE_0012,11579499,11579569,11580499,sample_5_Aligned.sortedByCoord.out,0.29303051446113254,16,11,27,high
A3SS_chr1_11579499_12,A3SS,chr1,-,GENE_0012,11579499,11579569,11580499,sample_6_Aligned.sortedByCoord.out,0.5494934253859297,23,10,33,high
A3SS_chr2_24659476_13,A3SS,chr2,+,GENE_0013,24659476,24659549,24660476,sample_1_Aligned.sortedByCoord.out,0.7380358721080236,20,11,31,high
A3SS_chr2_24659476_13,A3SS,chr2,+,GENE_0013,24659476,24659549,24660476,sample_2_Aligned.sortedByCoord.out,0.4211569270058014,17,11,28,high
A3SS_chr2_24659476_13,A3SS,chr2,+,GENE_0013,24659476,24659549,24660476,sample_3_Aligned.sortedByCoord.out,0.44484018964206695,23,14,37,high
A3SS_chr2_24659476_13,A3SS,chr2,+,GENE_0013,24659476,24659549,24660476,sample_4_Aligned.sortedByCoord.out,0.6190964072880334,20,10,30,high
A3SS_chr2_24659476_13,A3SS,chr2,+,GENE_0013,24659476,24659549,24660476,sample_5_Aligned.sortedByCoord.out,0.4467218102700191,17,22,39,high
A3SS_chr2_24659476_13,A3SS,chr2,+,GENE_0013,24659476,24659549,24660476,sample_6_Aligned.sortedByCoord.out,0.45283771756814506,14,14,28,high
A3SS_chr17_21826965_14,A3SS,chr17,+,GENE_0014,21826965,21827070,21827965,sample_1_Aligned.sortedByCoord.out,0.8023885303352958,21,21,42,high
A3SS_chr17_21826965_14,A3SS,chr17,+,GENE_0014,21826965,21827070,21827965,sample_2_Aligned.sortedByCoord.out,0.7010113360956014,32,13,45,high
A3SS_chr17_21826965_14,A3SS,chr17,+,GENE_0014,21826965,21827070,21827965,sample_3_Aligned.sortedByCoord.out,0.1311535647192899,22,15,37,high
A3SS_chr17_21826965_14,A3SS,chr17,+,GENE_0014,21826965,21827070,21827965,sample_4_Aligned.sortedByCoord.out,0.19744977298186148,22,9,31,high
A3SS_chr17_21826965_14,A3SS,chr17,+,GENE_0014,21826965,21827070,21827965,sample_5_Aligned.sortedByCoord.out,0.1283076126157787,18,20,38,high
A3SS_chr17_21826965_14,A3SS,chr17,+,GENE_0014,21826965,21827070,21827965,sample_6_Aligned.sortedByCoord.out,0.7519659820534107,23,17,40,high
A3SS_chr16_13285477_15,A3SS,chr16,-,GENE_0015,13285477,13285670,13286477,sample_1_Aligned.sortedByCoord.out,0.6679017010272664,24,15,39,high
A3SS_chr16_13285477_15,A3SS,chr16,-,GENE_0015,13285477,13285670,13286477,sample_2_Aligned.sortedByCoord.out,0.3394267895952472,20,7,27,high
A3SS_chr16_13285477_15,A3SS,chr16,-,GENE_0015,13285477,13285670,13286477,sample_3_Aligned.sortedByCoord.out,0.4776308125693989,22,12,34,high
A3SS_chr16_13285477_15,A3SS,chr16,-,GENE_0015,13285477,13285670,13286477,sample_4_Aligned.sortedByCoord.out,0.46598247724398006,17,16,33,high
A3SS_chr16_13285477_15,A3SS,chr16,-,GENE_0015,13285477,13285670,13286477,sample_5_Aligned.sortedByCoord.out,0.8183772343632669,12,15,27,high
A3SS_chr16_13285477_15,A3SS,chr16,-,GENE_0015,13285477,13285670,13286477,sample_6_Aligned.sortedByCoord.out,0.663289409249547,16,16,32,high
A3SS_chr18_33171823_16,A3SS,chr18,-,GENE_0016,33171823,33171891,33172823,sample_1_Aligned.sortedByCoord.out,0.8126615070039134,25,22,47,high
A3SS_chr18_33171823_16,A3SS,chr18,-,GENE_0016,33171823,33171891,33172823,sample_2_Aligned.sortedByCoord.out,0.39458572535640096,22,12,34,high
A3SS_chr18_33171823_16,A3SS,chr18,-,GENE_0016,33171823,33171891,33172823,sample_3_Aligned.sortedByCoord.out,0.37299963764127214,22,14,36,high
A3SS_chr18_33171823_16,A3SS,chr18,-,GENE_0016,33171823,33171891,33172823,sample_4_Aligned.sortedByCoord.out,0.4089886369473248,20,11,31,high
A3SS_chr18_33171823_16,A3SS,chr18,-,GENE_0016,33171823,33171891,33172823,sample_5_Aligned.sortedByCoord.out,0.6360693353171574,19,11,30,high
A3SS_chr18_33171823_16,A3SS,chr18,-,GENE_0016,33171823,33171891,33172823,sample_6_Aligned.sortedByCoord.out,0.742663882676185,28,11,39,high
A3SS_chr9_1880350_17,A3SS,chr9,-,GENE_0017,1880350,1880441,1881350,sample_1_Aligned.sortedByCoord.out,0.21695410161700177,26,12,38,high
A3SS_chr9_1880350_17,A3SS,chr9,-,GENE_0017,1880350,1880441,1881350,sample_2_Aligned.sortedByCoord.out,0.17367410666534486,11,18,29,high
A3SS_chr9_1880350_17,A3SS,chr9,-,GENE_0017,1880350,1880441,1881350,sample_3_Aligned.sortedByCoord.out,0.4888241731848737,19,21,40,high
A3SS_chr9_1880350_17,A3SS,chr9,-,GENE_0017,1880350,1880441,1881350,sample_4_Aligned.sortedByCoord.out,0.49905407985645817,25,19,44,high
A3SS_chr9_1880350_17,A3SS,chr9,-,GENE_0017,1880350,1880441,1881350,sample_5_Aligned.sortedByCoord.out,0.6627516697329547,22,14,36,high
A3SS_chr9_1880350_17,A3SS,chr9,-,GENE_0017,1880350,1880441,1881350,sample_6_Aligned.sortedByCoord.out,0.474791676062338,15,18,33,high
A3SS_chr17_42982231_18,A3SS,chr17,+,GENE_0018,42982231,42982324,42983231,sample_1_Aligned.sortedByCoord.out,0.2803499094201986,21,15,36,high
A3SS_chr17_42982231_18,A3SS,chr17,+,GENE_0018,42982231,42982324,42983231,sample_2_Aligned.sortedByCoord.out,0.5652764709513287,24,9,33,high
A3SS_chr17_42982231_18,A3SS,chr17,+,GENE_0018,42982231,42982324,42983231,sample_3_Aligned.sortedByCoord.out,0.5827014861537332,21,15,36,high
A3SS_chr17_42982231_18,A3SS,chr17,+,GENE_0018,42982231,42982324,42983231,sample_4_Aligned.sortedByCoord.out,0.5547552417902972,23,15,38,high
A3SS_chr17_42982231_18,A3SS,chr17,+,GENE_0018,42982231,42982324,42983231,sample_5_Aligned.sortedByCoord.out,0.20811569159969964,23,15,38,high
A3SS_chr17_42982231_18,A3SS,chr17,+,GENE_0018,42982231,42982324,42983231,sample_6_Aligned.sortedByCoord.out,0.541295958840541,22,22,44,high
A3SS_chr2_37481647_19,A3SS,chr2,+,GENE_0019,37481647,37481834,37482647,sample_1_Aligned.sortedByCoord.out,0.6433057329623371,19,21,40,high
A3SS_chr2_37481647_19,A3SS,chr2,+,GENE_0019,37481647,37481834,37482647,sample_2_Aligned.sortedByCoord.out,0.4306880204504727,17,10,27,high
A3SS_chr2_37481647_19,A3SS,chr2,+,GENE_0019,37481647,37481834,37482647,sample_3_Aligned.sortedByCoord.out,0.45045432765781035,16,9,25,high
A3SS_chr2_37481647_19,A3SS,chr2,+,GENE_0019,37481647,37481834,37482647,sample_4_Aligned.sortedByCoord.out,0.06682202018529003,22,8,30,high
A3SS_chr2_37481647_19,A3SS,chr2,+,GENE_0019,37481647,37481834,37482647,sample_5_Aligned.sortedByCoord.out,0.6156319027316148,24,14,38,high
A3SS_chr2_37481647_19,A3SS,chr2,+,GENE_0019,37481647,37481834,37482647,sample_6_Aligned.sortedByCoord.out,0.04908795596934008,20,17,37,high
A3SS_chr18_39068365_20,A3SS,chr18,-,GENE_0020,39068365,39068559,39069365,sample_1_Aligned.sortedByCoord.out,0.3892140780232357,19,17,36,high
A3SS_chr18_39068365_20,A3SS,chr18,-,GENE_0020,39068365,39068559,39069365,sample_2_Aligned.sortedByCoord.out,0.1377325104603784,21,15,36,high
A3SS_chr18_39068365_20,A3SS,chr18,-,GENE_0020,39068365,39068559,39069365,sample_3_Aligned.sortedByCoord.out,0.6058522456903738,23,15,38,high
A3SS_chr18_39068365_20,A3SS,chr18,-,GENE_0020,39068365,39068559,39069365,sample_4_Aligned.sortedByCoord.out,0.3172984625233812,21,18,39,high
A3SS_chr18_39068365_20,A3SS,chr18,-,GENE_0020,39068365,39068559,39069365,sample_5_Aligned.sortedByCoord.out,0.9406600505771254,21,14,35,high
A3SS_chr18_39068365_20,A3SS,chr18,-,GENE_0020,39068365,39068559,39069365,sample_6_Aligned.sortedByCoord.out,0.7427791852498988,20,10,30,high
A3SS_chr18_34615826_21,A3SS,chr18,-,GENE_0021,34615826,34615900,34616826,sample_1_Aligned.sortedByCoord.out,0.18428560316597892,17,22,39,high
A3SS_chr18_34615826_21,A3SS,chr18,-,GENE_0021,34615826,34615900,34616826,sample_2_Aligned.sortedByCoord.out,0.6130228204763526,17,9,26,high
A3SS_chr18_34615826_21,A3SS,chr18,-,GENE_0021,34615826,34615900,34616826,sample_3_Aligned.sortedByCoord.out,0.6000840935183248,25,13,38,high
A3SS_chr18_34615826_21,A3SS,chr18,-,GENE_0021,34615826,34615900,34616826,sample_4_Aligned.sortedByCoord.out,0.16387994701651198,15,21,36,high
A3SS_chr18_34615826_21,A3SS,chr18,-,GENE_0021,34615826,34615900,34616826,sample_5_Aligned.sortedByCoord.out,0.4546303326582922,27,9,36,high
A3SS_chr18_34615826_21,A3SS,chr18,-,GENE_0021,34615826,34615900,34616826,sample_6_Aligned.sortedByCoord.out,0.10546304622915512,14,16,30,high
A3SS_chr1_22975769_22,A3SS,chr1,-,GENE_0022,22975769,22975839,22976769,sample_1_Aligned.sortedByCoord.out,0.43769898646049843,25,13,38,high
A3SS_chr1_22975769_22,A3SS,chr1,-,GENE_0022,22975769,22975839,22976769,sample_2_Aligned.sortedByCoord.out,0.33607504302485647,8,14,22,high
A3SS_chr1_22975769_22,A3SS,chr1,-,GENE_0022,22975769,22975839,22976769,sample_3_Aligned.sortedByCoord.out,0.5398160718809719,24,11,35,high
A3SS_chr1_22975769_22,A3SS,chr1,-,GENE_0022,22975769,22975839,22976769,sample_4_Aligned.sortedByCoord.out,0.6460265938878922,19,14,33,high
A3SS_chr1_22975769_22,A3SS,chr1,-,GENE_0022,22975769,22975839,22976769,sample_5_Aligned.sortedByCoord.out,0.7200780661040753,17,21,38,high
A3SS_chr1_22975769_22,A3SS,chr1,-,GENE_0022,22975769,22975839,22976769,sample_6_Aligned.sortedByCoord.out,0.7722813412952034,18,18,36,high
A3SS_chr4_8190434_23,A3SS,chr4,-,GENE_0023,8190434,8190589,8191434,sample_1_Aligned.sortedByCoord.out,0.08009279032884245,22,13,35,high
A3SS_chr4_8190434_23,A3SS,chr4,-,GENE_0023,8190434,8190589,8191434,sample_2_Aligned.sortedByCoord.out,0.8379241196649017,17,11,28,high
A3SS_chr4_8190434_23,A3SS,chr4,-,GENE_0023,8190434,8190589,8191434,sample_3_Aligned.sortedByCoord.out,0.48024031473699674,17,16,33,high
A3SS_chr4_8190434_23,A3SS,chr4,-,GENE_0023,8190434,8190589,8191434,sample_4_Aligned.sortedByCoord.out,0.21411596443102013,17,19,36,high
A3SS_chr4_8190434_23,A3SS,chr4,-,GENE_0023,8190434,8190589,8191434,sample_5_Aligned.sortedByCoord.out,0.8006178826810542,12,15,27,high
A3SS_chr4_8190434_23,A3SS,chr4,-,GENE_0023,8190434,8190589,8191434,sample_6_Aligned.sortedByCoord.out,0.4244199672212683,16,14,30,high
A3SS_chr12_20267426_24,A3SS,chr12,+,GENE_0024,20267426,20267534,20268426,sample_1_Aligned.sortedByCoord.out,0.3560259895533073,20,15,35,high
A3SS_chr12_20267426_24,A3SS,chr12,+,GENE_0024,20267426,20267534,20268426,sample_2_Aligned.sortedByCoord.out,0.12898988324634011,19,13,32,high
A3SS_chr12_20267426_24,A3SS,chr12,+,GENE_0024,20267426,20267534,20268426,sample_3_Aligned.sortedByCoord.out,0.7052426164761997,24,17,41,high
A3SS_chr12_20267426_24,A3SS,chr12,+,GENE_0024,20267426,20267534,20268426,sample_4_Aligned.sortedByCoord.out,0.41324197348120595,23,23,46,high
A3SS_chr12_20267426_24,A3SS,chr12,+,GENE_0024,20267426,20267534,20268426,sample_5_Aligned.sortedByCoord.out,0.7097320784486506,25,14,39,high
A3SS_chr12_20267426_24,A3SS,chr12,+,GENE_0024,20267426,20267534,20268426,sample_6_Aligned.sortedByCoord.out,0.24953418492429183,23,15,38,high
A3SS_chr13_47110475_25,A3SS,chr13,+,GENE_0025,47110475,47110593,47111475,sample_1_Aligned.sortedByCoord.out,0.2677059687423718,21,10,31,high
A3SS_chr13_47110475_25,A3SS,chr13,+,GENE_0025,47110475,47110593,47111475,sample_2_Aligned.sortedByCoord.out,0.478501093417682,32,18,50,high
A3SS_chr13_47110475_25,A3SS,chr13,+,GENE_0025,47110475,47110593,47111475,sample_3_Aligned.sortedByCoord.out,0.6164342636014536,15,22,37,high
A3SS_chr13_47110475_25,A3SS,chr13,+,GENE_0025,47110475,47110593,47111475,sample_4_Aligned.sortedByCoord.out,0.2832467941751781,25,9,34,high
A3SS_chr13_47110475_25,A3SS,chr13,+,GENE_0025,47110475,47110593,47111475,sample_5_Aligned.sortedByCoord.out,0.3171396646805841,12,20,32,high
A3SS_chr13_47110475_25,A3SS,chr13,+,GENE_0025,47110475,47110593,47111475,sample_6_Aligned.sortedByCoord.out,0.5773049512077469,22,13,35,high
A3SS_chr14_18054893_26,A3SS,chr14,-,GENE_0026,18054893,18055034,18055893,sample_1_Aligned.sortedByCoord.out,0.4243656335383236,15,9,24,high
A3SS_chr14_18054893_26,A3SS,chr14,-,GENE_0026,18054893,18055034,18055893,sample_2_Aligned.sortedByCoord.out,0.848532551731406,10,9,19,high
A3SS_chr14_18054893_26,A3SS,chr14,-,GENE_0026,18054893,18055034,18055893,sample_3_Aligned.sortedByCoord.out,0.3322320573636093,17,15,32,high
A3SS_chr14_18054893_26,A3SS,chr14,-,GENE_0026,18054893,18055034,18055893,sample_4_Aligned.sortedByCoord.out,0.6045774481063501,14,16,30,high
A3SS_chr14_18054893_26,A3SS,chr14,-,GENE_0026,18054893,18055034,18055893,sample_5_Aligned.sortedByCoord.out,0.5952146286140766,24,11,35,high
A3SS_chr14_18054893_26,A3SS,chr14,-,GENE_0026,18054893,18055034,18055893,sample_6_Aligned.sortedByCoord.out,0.6299348469917118,19,16,35,high
A3SS_chr3_10109121_27,A3SS,chr3,-,GENE_0027,10109121,10109248,10110121,sample_1_Aligned.sortedByCoord.out,0.5193872173670284,25,16,41,high
A3SS_chr3_10109121_27,A3SS,chr3,-,GENE_0027,10109121,10109248,10110121,sample_2_Aligned.sortedByCoord.out,0.6637800326641867,21,18,39,high
A3SS_chr3_10109121_27,A3SS,chr3,-,GENE_0027,10109121,10109248,10110121,sample_3_Aligned.sortedByCoord.out,0.8917262703484784,37,16,53,high
A3SS_chr3_10109121_27,A3SS,chr3,-,GENE_0027,10109121,10109248,10110121,sample_4_Aligned.sortedByCoord.out,0.3176819185384346,29,18,47,high
A3SS_chr3_10109121_27,A3SS,chr3,-,GENE_0027,10109121,10109248,10110121,sample_5_Aligned.sortedByCoord.out,0.545969879235709,20,16,36,high
A3SS_chr3_10109121_27,A3SS,chr3,-,GENE_0027,10109121,10109248,10110121,sample_6_Aligned.sortedByCoord.out,0.7092777250549164,17,14,31,high
A3SS_chr10_41728243_28,A3SS,chr10,-,GENE_0028,41728243,41728394,41729243,sample_1_Aligned.sortedByCoord.out,0.59918329199837,21,18,39,high
A3SS_chr10_41728243_28,A3SS,chr10,-,GENE_0028,41728243,41728394,41729243,sample_2_Aligned.sortedByCoord.out,0.07331624149876395,13,9,22,high
A3SS_chr10_41728243_28,A3SS,chr10,-,GENE_0028,41728243,41728394,41729243,sample_3_Aligned.sortedByCoord.out,0.35039160265702674,27,20,47,high
A3SS_chr10_41728243_28,A3SS,chr10,-,GENE_0028,41728243,41728394,41729243,sample_4_Aligned.sortedByCoord.out,0.6843303566141478,25,17,42,high
A3SS_chr10_41728243_28,A3SS,chr10,-,GENE_0028,41728243,41728394,41729243,sample_5_Aligned.sortedByCoord.out,0.3362807526646894,18,18,36,high
A3SS_chr10_41728243_28,A3SS,chr10,-,GENE_0028,41728243,41728394,41729243,sample_6_Aligned.sortedByCoord.out,0.5375011421600338,16,12,28,high
A3SS_chr15_12128080_29,A3SS,chr15,+,GENE_0029,12128080,12128183,12129080,sample_1_Aligned.sortedByCoord.out,0.212618652616334,16,14,30,high
A3SS_chr15_12128080_29,A3SS,chr15,+,GENE_0029,12128080,12128183,12129080,sample_2_Aligned.sortedByCoord.out,0.8167643329651779,27,10,37,high
A3SS_chr15_12128080_29,A3SS,chr15,+,GENE_0029,12128080,12128183,12129080,sample_3_Aligned.sortedByCoord.out,0.15625159567160735,12,17,29,high
A3SS_chr15_12128080_29,A3SS,chr15,+,GENE_0029,12128080,12128183,12129080,sample_4_Aligned.sortedByCoord.out,0.8767675712126498,18,13,31,high
A3SS_chr15_12128080_29,A3SS,chr15,+,GENE_0029,12128080,12128183,12129080,sample_5_Aligned.sortedByCoord.out,0.23807833385413463,18,15,33,high
A3SS_chr15_12128080_29,A3SS,chr15,+,GENE_0029,12128080,12128183,12129080,sample_6_Aligned.sortedByCoord.out,0.12780825717087213,20,12,32,high
A3SS_chr17_16482950_30,A3SS,chr17,-,GENE_0030,16482950,16483125,16483950,sample_1_Aligned.sortedByCoord.out,0.4815666642789785,21,16,37,high
A3SS_chr17_16482950_30,A3SS,chr17,-,GENE_0030,16482950,16483125,16483950,sample_2_Aligned.sortedByCoord.out,0.14010497584758252,19,12,31,high
A3SS_chr17_16482950_30,A3SS,chr17,-,GENE_0030,16482950,16483125,16483950,sample_3_Aligned.sortedByCoord.out,0.6801438471797987,20,12,32,high
A3SS_chr17_16482950_30,A3SS,chr17,-,GENE_0030,16482950,16483125,16483950,sample_4_Aligned.sortedByCoord.out,0.267335446395222,25,8,33,high
A3SS_chr17_16482950_30,A3SS,chr17,-,GENE_0030,16482950,16483125,16483950,sample_5_Aligned.sortedByCoord.out,0.5918480417398602,15,20,35,high
A3SS_chr17_16482950_30,A3SS,chr17,-,GENE_0030,16482950,16483125,16483950,sample_6_Aligned.sortedByCoord.out,0.20171247666655753,18,10,28,high
A3SS_chr21_32115042_31,A3SS,chr21,+,GENE_0031,32115042,32115196,32116042,sample_1_Aligned.sortedByCoord.out,0.10425043357038666,14,18,32,high
A3SS_chr21_32115042_31,A3SS,chr21,+,GENE_0031,32115042,32115196,32116042,sample_2_Aligned.sortedByCoord.out,0.9013124825751425,18,7,25,high
A3SS_chr21_32115042_31,A3SS,chr21,+,GENE_0031,32115042,32115196,32116042,sample_3_Aligned.sortedByCoord.out,0.46109003911963375,9,17,26,high
A3SS_chr21_32115042_31,A3SS,chr21,+,GENE_0031,32115042,32115196,32116042,sample_4_Aligned.sortedByCoord.out,0.4372578590486534,30,18,48,high
A3SS_chr21_32115042_31,A3SS,chr21,+,GENE_0031,32115042,32115196,32116042,sample_5_Aligned.sortedByCoord.out,0.5246279775249885,22,16,38,high
A3SS_chr21_32115042_31,A3SS,chr21,+,GENE_0031,32115042,32115196,32116042,sample_6_Aligned.sortedByCoord.out,0.3525260237081197,23,13,36,high
A3SS_chr12_29726421_32,A3SS,chr12,+,GENE_0032,29726421,29726498,29727421,sample_1_Aligned.sortedByCoord.out,0.42096626801994735,18,12,30,high
A3SS_chr12_29726421_32,A3SS,chr12,+,GENE_0032,29726421,29726498,29727421,sample_2_Aligned.sortedByCoord.out,0.18722681475195033,13,15,28,high
A3SS_chr12_29726421_32,A3SS,chr12,+,GENE_0032,29726421,29726498,29727421,sample_3_Aligned.sortedByCoord.out,0.37963464129852004,21,19,40,high
A3SS_chr12_29726421_32,A3SS,chr12,+,GENE_0032,29726421,29726498,29727421,sample_4_Aligned.sortedByCoord.out,0.23300645020299107,19,20,39,high
A3SS_chr12_29726421_32,A3SS,chr12,+,GENE_0032,29726421,29726498,29727421,sample_5_Aligned.sortedByCoord.out,0.36204458544509177,19,17,36,high
A3SS_chr12_29726421_32,A3SS,chr12,+,GENE_0032,29726421,29726498,29727421,sample_6_Aligned.sortedByCoord.out,0.39802518810510884,17,12,29,high
A3SS_chr21_27378180_33,A3SS,chr21,+,GENE_0033,27378180,27378348,27379180,sample_1_Aligned.sortedByCoord.out,0.36045909060635095,31,11,42,high
A3SS_chr21_27378180_33,A3SS,chr21,+,GENE_0033,27378180,27378348,27379180,sample_2_Aligned.sortedByCoord.out,0.12762499702682403,26,13,39,high
A3SS_chr21_27378180_33,A3SS,chr21,+,GENE_0033,27378180,27378348,27379180,sample_3_Aligned.sortedByCoord.out,0.852269923588395,18,23,41,high
A3SS_chr21_27378180_33,A3SS,chr21,+,GENE_0033,27378180,27378348,27379180,sample_4_Aligned.sortedByCoord.out,0.6879640407389579,14,16,30,high
A3SS_chr21_27378180_33,A3SS,chr21,+,GENE_0033,27378180,27378348,27379180,sample_5_Aligned.sortedByCoord.out,0.04172047166736033,26,13,39,high
A3SS_chr21_27378180_33,A3SS,chr21,+,GENE_0033,27378180,27378348,27379180,sample_6_Aligned.sortedByCoord.out,0.7666136045562978,17,16,33,high
A3SS_chr13_23752037_34,A3SS,chr13,-,GENE_0034,23752037,23752131,23753037,sample_1_Aligned.sortedByCoord.out,0.6645111481252894,23,15,38,high
A3SS_chr13_23752037_34,A3SS,chr13,-,GENE_0034,23752037,23752131,23753037,sample_2_Aligned.sortedByCoord.out,0.20521680285649457,15,19,34,high
A3SS_chr13_23752037_34,A3SS,chr13,-,GENE_0034,23752037,23752131,23753037,sample_3_Aligned.sortedByCoord.out,0.6277187830703558,15,14,29,high
A3SS_chr13_23752037_34,A3SS,chr13,-,GENE_0034,23752037,23752131,23753037,sample_4_Aligned.sortedByCoord.out,0.6899682919469773,15,11,26,high
A3SS_chr13_23752037_34,A3SS,chr13,-,GENE_0034,23752037,23752131,23753037,sample_5_Aligned.sortedByCoord.out,0.6142524138283147,20,17,37,high
A3SS_chr13_23752037_34,A3SS,chr13,-,GENE_0034,23752037,23752131,23753037,sample_6_Aligned.sortedByCoord.out,0.46430720771198875,25,13,38,high
A3SS_chr16_26992143_35,A3SS,chr16,+,GENE_0035,26992143,26992291,26993143,sample_1_Aligned.sortedByCoord.out,0.5114645688534878,16,8,24,high
A3SS_chr16_26992143_35,A3SS,chr16,+,GENE_0035,26992143,26992291,26993143,sample_2_Aligned.sortedByCoord.out,0.5825072981627469,17,21,38,high
A3SS_chr16_26992143_35,A3SS,chr16,+,GENE_0035,26992143,26992291,26993143,sample_3_Aligned.sortedByCoord.out,0.026376689034851117,25,11,36,high
A3SS_chr16_26992143_35,A3SS,chr16,+,GENE_0035,26992143,26992291,26993143,sample_4_Aligned.sortedByCoord.out,0.5383940902892153,19,14,33,high
A3SS_chr16_26992143_35,A3SS,chr16,+,GENE_0035,26992143,26992291,26993143,sample_5_Aligned.sortedByCoord.out,0.5449062966371464,20,12,32,high
A3SS_chr16_26992143_35,A3SS,chr16,+,GENE_0035,26992143,26992291,26993143,sample_6_Aligned.sortedByCoord.out,0.15810612664959253,16,13,29,high
A3SS_chr22_1548061_36,A3SS,chr22,-,GENE_0036,1548061,1548133,1549061,sample_1_Aligned.sortedByCoord.out,0.39234334236040763,14,14,28,high
A3SS_chr22_1548061_36,A3SS,chr22,-,GENE_0036,1548061,1548133,1549061,sample_2_Aligned.sortedByCoord.out,0.7439391930938559,14,17,31,high
A3SS_chr22_1548061_36,A3SS,chr22,-,GENE_0036,1548061,1548133,1549061,sample_3_Aligned.sortedByCoord.out,0.6990947282797736,23,19,42,high
A3SS_chr22_1548061_36,A3SS,chr22,-,GENE_0036,1548061,1548133,1549061,sample_4_Aligned.sortedByCoord.out,0.556891174445783,17,7,24,high
A3SS_chr22_1548061_36,A3SS,chr22,-,GENE_0036,1548061,1548133,1549061,sample_5_Aligned.sortedByCoord.out,0.5194777944657892,17,17,34,high
A3SS_chr22_1548061_36,A3SS,chr22,-,GENE_0036,1548061,1548133,1549061,sample_6_Aligned.sortedByCoord.out,0.24368270568774175,20,15,35,high
A3SS_chr1_48264867_37,A3SS,chr1,+,GENE_0037,48264867,48264963,48265867,sample_1_Aligned.sortedByCoord.out,0.8305563703487495,20,15,35,high
A3SS_chr1_48264867_37,A3SS,chr1,+,GENE_0037,48264867,48264963,48265867,sample_2_Aligned.sortedByCoord.out,0.7571264995671863,24,17,41,high
A3SS_chr1_48264867_37,A3SS,chr1,+,GENE_0037,48264867,48264963,48265867,sample_3_Aligned.sortedByCoord.out,0.6081426456271181,27,13,40,high
A3SS_chr1_48264867_37,A3SS,chr1,+,GENE_0037,48264867,48264963,48265867,sample_4_Aligned.sortedByCoord.out,0.20464930008175053,17,15,32,high
A3SS_chr1_48264867_37,A3SS,chr1,+,GENE_0037,48264867,48264963,48265867,sample_5_Aligned.sortedByCoord.out,0.8408047725628783,21,17,38,high
A3SS_chr1_48264867_37,A3SS,chr1,+,GENE_0037,48264867,48264963,48265867,sample_6_Aligned.sortedByCoord.out,0.21269317024967394,26,15,41,high
A3SS_chr12_43605715_38,A3SS,chr12,-,GENE_0038,43605715,43605833,43606715,sample_1_Aligned.sortedByCoord.out,0.6446351357395517,13,16,29,high
A3SS_chr12_43605715_38,A3SS,chr12,-,GENE_0038,43605715,43605833,43606715,sample_2_Aligned.sortedByCoord.out,0.24937237482193056,19,16,35,high
A3SS_chr12_43605715_38,A3SS,chr12,-,GENE_0038,43605715,43605833,43606715,sample_3_Aligned.sortedByCoord.out,0.5582766887690301,21,19,40,high
A3SS_chr12_43605715_38,A3SS,chr12,-,GENE_0038,43605715,43605833,43606715,sample_4_Aligned.sortedByCoord.out,0.2922562078340378,24,16,40,high
A3SS_chr12_43605715_38,A3SS,chr12,-,GENE_0038,43605715,43605833,43606715,sample_5_Aligned.sortedByCoord.out,0.7111663792427808,19,14,33,high
A3SS_chr12_43605715_38,A3SS,chr12,-,GENE_0038,43605715,43605833,43606715,sample_6_Aligned.sortedByCoord.out,0.8596301111659724,19,24,43,high
A3SS_chr20_40481171_39,A3SS,chr20,-,GENE_0039,40481171,40481229,40482171,sample_1_Aligned.sortedByCoord.out,0.31767123066682484,25,15,40,high
A3SS_chr20_40481171_39,A3SS,chr20,-,GENE_0039,40481171,40481229,40482171,sample_2_Aligned.sortedByCoord.out,0.6809353473919612,22,14,36,high
A3SS_chr20_40481171_39,A3SS,chr20,-,GENE_0039,40481171,40481229,40482171,sample_3_Aligned.sortedByCoord.out,0.6660399683055802,15,19,34,high
A3SS_chr20_40481171_39,A3SS,chr20,-,GENE_0039,40481171,40481229,40482171,sample_4_Aligned.sortedByCoord.out,0.1912856689874444,22,18,40,high
A3SS_chr20_40481171_39,A3SS,chr20,-,GENE_0039,40481171,40481229,40482171,sample_5_Aligned.sortedByCoord.out,0.6988624171787349,22,13,35,high
A3SS_chr20_40481171_39,A3SS,chr20,-,GENE_0039,40481171,40481229,40482171,sample_6_Aligned.sortedByCoord.out,0.7685391533693038,16,15,31,high
A3SS_chr15_49314897_40,A3SS,chr15,+,GENE_0040,49314897,49314954,49315897,sample_1_Aligned.sortedByCoord.out,0.15975530468900115,15,17,32,high
A3SS_chr15_49314897_40,A3SS,chr15,+,GENE_0040,49314897,49314954,49315897,sample_2_Aligned.sortedByCoord.out,0.5404251936652785,13,19,32,high
A3SS_chr15_49314897_40,A3SS,chr15,+,GENE_0040,49314897,49314954,49315897,sample_3_Aligned.sortedByCoord.out,0.3414906104029521,28,17,45,high
A3SS_chr15_49314897_40,A3SS,chr15,+,GENE_0040,49314897,49314954,49315897,sample_4_Aligned.sortedByCoord.out,0.5189288694048795,26,19,45,high
A3SS_chr15_49314897_40,A3SS,chr15,+,GENE_0040,49314897,49314954,49315897,sample_5_Aligned.sortedByCoord.out,0.6460539199249892,28,18,46,high
A3SS_chr15_49314897_40,A3SS,chr15,+,GENE_0040,49314897,49314954,49315897,sample_6_Aligned.sortedByCoord.out,0.6023137567966639,21,16,37,high
A3SS_chr2_6789351_41,A3SS,chr2,+,GENE_0041,6789351,6789549,6790351,sample_1_Aligned.sortedByCoord.out,0.31490438990006664,16,13,29,high
A3SS_chr2_6789351_41,A3SS,chr2,+,GENE_0041,6789351,6789549,6790351,sample_2_Aligned.sortedByCoord.out,0.19415559425491122,20,12,32,high
A3SS_chr2_6789351_41,A3SS,chr2,+,GENE_0041,6789351,6789549,6790351,sample_3_Aligned.sortedByCoord.out,0.19691727762887204,22,10,32,high
A3SS_chr2_6789351_41,A3SS,chr2,+,GENE_0041,6789351,6789549,6790351,sample_4_Aligned.sortedByCoord.out,0.7555602920425147,18,13,31,high
A3SS_chr2_6789351_41,A3SS,chr2,+,GENE_0041,6789351,6789549,6790351,sample_5_Aligned.sortedByCoord.out,0.3951804338369344,26,10,36,high
A3SS_chr2_6789351_41,A3SS,chr2,+,GENE_0041,6789351,6789549,6790351,sample_6_Aligned.sortedByCoord.out,0.7503303004354599,24,13,37,high
A3SS_chr6_43231338_42,A3SS,chr6,+,GENE_0042,43231338,43231443,43232338,sample_1_Aligned.sortedByCoord.out,0.2040972065554652,18,12,30,high
A3SS_chr6_43231338_42,A3SS,chr6,+,GENE_0042,43231338,43231443,43232338,sample_2_Aligned.sortedByCoord.out,0.42132721517795,27,10,37,high
A3SS_chr6_43231338_42,A3SS,chr6,+,GENE_0042,43231338,43231443,43232338,sample_3_Aligned.sortedByCoord.out,0.5990269889975539,18,21,39,high
A3SS_chr6_43231338_42,A3SS,chr6,+,GENE_0042,43231338,43231443,43232338,sample_4_Aligned.sortedByCoord.out,0.328736050614003,20,13,33,high
A3SS_chr6_43231338_42,A3SS,chr6,+,GENE_0042,43231338,43231443,43232338,sample_5_Aligned.sortedByCoord.out,0.21751714111815657,18,18,36,high
A3SS_chr6_43231338_42,A3SS,chr6,+,GENE_0042,43231338,43231443,43232338,sample_6_Aligned.sortedByCoord.out,0.9868909332415311,18,21,39,high
A3SS_chr7_45633117_43,A3SS,chr7,+,GENE_0043,45633117,45633201,45634117,sample_1_Aligned.sortedByCoord.out,0.5891018781432239,18,11,29,high
A3SS_chr7_45633117_43,A3SS,chr7,+,GENE_0043,45633117,45633201,45634117,sample_2_Aligned.sortedByCoord.out,0.5391177248404252,22,14,36,high
A3SS_chr7_45633117_43,A3SS,chr7,+,GENE_0043,45633117,45633201,45634117,sample_3_Aligned.sortedByCoord.out,0.3865627343599958,14,17,31,high
A3SS_chr7_45633117_43,A3SS,chr7,+,GENE_0043,45633117,45633201,45634117,sample_4_Aligned.sortedByCoord.out,0.32457747306344303,20,11,31,high
A3SS_chr7_45633117_43,A3SS,chr7,+,GENE_0043,45633117,45633201,45634117,sample_5_Aligned.sortedByCoord.out,0.5919868564721394,14,18,32,high
A3SS_chr7_45633117_43,A3SS,chr7,+,GENE_0043,45633117,45633201,45634117,sample_6_Aligned.sortedByCoord.out,0.6988540731367693,17,21,38,high
A3SS_chr16_1632011_44,A3SS,chr16,-,GENE_0044,1632011,1632203,1633011,sample_1_Aligned.sortedByCoord.out,0.40420396972376776,24,14,38,high
A3SS_chr16_1632011_44,A3SS,chr16,-,GENE_0044,1632011,1632203,1633011,sample_2_Aligned.sortedByCoord.out,0.4733920362198655,24,18,42,high
A3SS_chr16_1632011_44,A3SS,chr16,-,GENE_0044,1632011,1632203,1633011,sample_3_Aligned.sortedByCoord.out,0.45478024899103775,14,14,28,high
A3SS_chr16_1632011_44,A3SS,chr16,-,GENE_0044,1632011,1632203,1633011,sample_4_Aligned.sortedByCoord.out,0.2394169515442373,24,22,46,high
A3SS_chr16_1632011_44,A3SS,chr16,-,GENE_0044,1632011,1632203,1633011,sample_5_Aligned.sortedByCoord.out,0.931647457159978,16,7,23,high
A3SS_chr16_1632011_44,A3SS,chr16,-,GENE_0044,1632011,1632203,1633011,sample_6_Aligned.sortedByCoord.out,0.7623536903779996,23,18,41,high
A3SS_chr16_16441122_45,A3SS,chr16,-,GENE_0045,16441122,16441238,16442122,sample_1_Aligned.sortedByCoord.out,0.2804850536534584,23,17,40,high
A3SS_chr16_16441122_45,A3SS,chr16,-,GENE_0045,16441122,16441238,16442122,sample_2_Aligned.sortedByCoord.out,0.8803413738322312,15,21,36,high
A3SS_chr16_16441122_45,A3SS,chr16,-,GENE_0045,16441122,16441238,16442122,sample_3_Aligned.sortedByCoord.out,0.46742619771556343,16,18,34,high
A3SS_chr16_16441122_45,A3SS,chr16,-,GENE_0045,16441122,16441238,16442122,sample_4_Aligned.sortedByCoord.out,0.662010812592819,25,12,37,high
A3SS_chr16_16441122_45,A3SS,chr16,-,GENE_0045,16441122,16441238,16442122,sample_5_Aligned.sortedByCoord.out,0.48319098855930015,16,13,29,high
A3SS_chr16_16441122_45,A3SS,chr16,-,GENE_0045,16441122,16441238,16442122,sample_6_Aligned.sortedByCoord.out,0.7136560018131515,15,16,31,high
A3SS_chr6_13782959_46,A3SS,chr6,-,GENE_0046,13782959,13783138,13783959,sample_1_Aligned.sortedByCoord.out,0.4184376196518386,20,18,38,high
A3SS_chr6_13782959_46,A3SS,chr6,-,GENE_0046,13782959,13783138,13783959,sample_2_Aligned.sortedByCoord.out,0.38697657084847503,17,22,39,high
A3SS_chr6_13782959_46,A3SS,chr6,-,GENE_0046,13782959,13783138,13783959,sample_3_Aligned.sortedByCoord.out,0.865994010625347,25,17,42,high
A3SS_chr6_13782959_46,A3SS,chr6,-,GENE_0046,13782959,13783138,13783959,sample_4_Aligned.sortedByCoord.out,0.2822907622057987,22,10,32,high
A3SS_chr6_13782959_46,A3SS,chr6,-,GENE_0046,13782959,13783138,13783959,sample_5_Aligned.sortedByCoord.out,0.5736028279054673,14,15,29,high
A3SS_chr6_13782959_46,A3SS,chr6,-,GENE_0046,13782959,13783138,13783959,sample_6_Aligned.sortedByCoord.out,0.4617101287558634,23,19,42,high
A3SS_chr15_8864236_47,A3SS,chr15,-,GENE_0047,8864236,8864328,8865236,sample_1_Aligned.sortedByCoord.out,0.3503496132406833,19,15,34,high
A3SS_chr15_8864236_47,A3SS,chr15,-,GENE_0047,8864236,8864328,8865236,sample_2_Aligned.sortedByCoord.out,0.8469916878121763,21,9,30,high
A3SS_chr15_8864236_47,A3SS,chr15,-,GENE_0047,8864236,8864328,8865236,sample_3_Aligned.sortedByCoord.out,0.20113150455263118,18,13,31,high
A3SS_chr15_8864236_47,A3SS,chr15,-,GENE_0047,8864236,8864328,8865236,sample_4_Aligned.sortedByCoord.out,0.37660063003147126,21,16,37,high
A3SS_chr15_8864236_47,A3SS,chr15,-,GENE_0047,8864236,8864328,8865236,sample_5_Aligned.sortedByCoord.out,0.29571227342974105,32,14,46,high
A3SS_chr15_8864236_47,A3SS,chr15,-,GENE_0047,8864236,8864328,8865236,sample_6_Aligned.sortedByCoord.out,0.5830584965144254,17,18,35,high
A3SS_chr20_5632610_48,A3SS,chr20,-,GENE_0048,5632610,5632736,5633610,sample_1_Aligned.sortedByCoord.out,0.7266607603848196,21,11,32,high
A3SS_chr20_5632610_48,A3SS,chr20,-,GENE_0048,5632610,5632736,5633610,sample_2_Aligned.sortedByCoord.out,0.3468186143241265,16,10,26,high
A3SS_chr20_5632610_48,A3SS,chr20,-,GENE_0048,5632610,5632736,5633610,sample_3_Aligned.sortedByCoord.out,0.15340692004874484,17,19,36,high
A3SS_chr20_5632610_48,A3SS,chr20,-,GENE_0048,5632610,5632736,5633610,sample_4_Aligned.sortedByCoord.out,0.5768631985498404,13,17,30,high
A3SS_chr20_5632610_48,A3SS,chr20,-,GENE_0048,5632610,5632736,5633610,sample_5_Aligned.sortedByCoord.out,0.7301502919235114,28,21,49,high
A3SS_chr20_5632610_48,A3SS,chr20,-,GENE_0048,5632610,5632736,5633610,sample_6_Aligned.sortedByCoord.out,0.41173697662071085,19,16,35,high
A3SS_chr14_45929221_49,A3SS,chr14,-,GENE_0049,45929221,45929310,45930221,sample_1_Aligned.sortedByCoord.out,0.6801702563995767,20,20,40,high
A3SS_chr14_45929221_49,A3SS,chr14,-,GENE_0049,45929221,45929310,45930221,sample_2_Aligned.sortedByCoord.out,0.35612284183735066,14,11,25,high
A3SS_chr14_45929221_49,A3SS,chr14,-,GENE_0049,45929221,45929310,45930221,sample_3_Aligned.sortedByCoord.out,0.552991830679445,17,16,33,high
A3SS_chr14_45929221_49,A3SS,chr14,-,GENE_0049,45929221,45929310,45930221,sample_4_Aligned.sortedByCoord.out,0.5421025031314489,21,16,37,high
A3SS_chr14_45929221_49,A3SS,chr14,-,GENE_0049,45929221,45929310,45930221,sample_5_Aligned.sortedByCoord.out,0.8571615421113333,22,13,35,high
A3SS_chr14_45929221_49,A3SS,chr14,-,GENE_0049,45929221,45929310,45930221,sample_6_Aligned.sortedByCoord.out,0.41040761710789414,21,15,36,high
A3SS_chr14_49926855_50,A3SS,chr14,+,GENE_0050,49926855,49926933,49927855,sample_1_Aligned.sortedByCoord.out,0.33796289195488305,16,14,30,high
A3SS_chr14_49926855_50,A3SS,chr14,+,GENE_0050,49926855,49926933,49927855,sample_2_Aligned.sortedByCoord.out,0.6245226624527073,24,15,39,high
A3SS_chr14_49926855_50,A3SS,chr14,+,GENE_0050,49926855,49926933,49927855,sample_3_Aligned.sortedByCoord.out,0.4321451314437927,19,16,35,high
A3SS_chr14_49926855_50,A3SS,chr14,+,GENE_0050,49926855,49926933,49927855,sample_4_Aligned.sortedByCoord.out,0.8685530336166902,20,19,39,high
A3SS_chr14_49926855_50,A3SS,chr14,+,GENE_0050,49926855,49926933,49927855,sample_5_Aligned.sortedByCoord.out,0.8420690771835749,23,17,40,high
A3SS_chr14_49926855_50,A3SS,chr14,+,GENE_0050,49926855,49926933,49927855,sample_6_Aligned.sortedByCoord.out,0.3045514395815895,20,16,36,high
A3SS_chr14_28791933_51,A3SS,chr14,+,GENE_0051,28791933,28791984,28792933,sample_1_Aligned.sortedByCoord.out,0.8262682891891209,16,11,27,high
A3SS_chr14_28791933_51,A3SS,chr14,+,GENE_0051,28791933,28791984,28792933,sample_2_Aligned.sortedByCoord.out,0.23765740147875342,24,17,41,high
A3SS_chr14_28791933_51,A3SS,chr14,+,GENE_0051,28791933,28791984,28792933,sample_3_Aligned.sortedByCoord.out,0.6037750758747636,25,14,39,high
A3SS_chr14_28791933_51,A3SS,chr14,+,GENE_0051,28791933,28791984,28792933,sample_4_Aligned.sortedByCoord.out,0.6449557668386686,25,12,37,high
A3SS_chr14_28791933_51,A3SS,chr14,+,GENE_0051,28791933,28791984,28792933,sample_5_Aligned.sortedByCoord.out,0.43095536152531,10,10,20,high
A3SS_chr14_28791933_51,A3SS,chr14,+,GENE_0051,28791933,28791984,28792933,sample_6_Aligned.sortedByCoord.out,0.6780994829359006,19,16,35,high
A3SS_chr15_37283950_52,A3SS,chr15,-,GENE_0052,37283950,37284081,37284950,sample_1_Aligned.sortedByCoord.out,0.33854431029176785,27,19,46,high
A3SS_chr15_37283950_52,A3SS,chr15,-,GENE_0052,37283950,37284081,37284950,sample_2_Aligned.sortedByCoord.out,0.4341568616377384,8,15,23,high
A3SS_chr15_37283950_52,A3SS,chr15,-,GENE_0052,37283950,37284081,37284950,sample_3_Aligned.sortedByCoord.out,0.8017909690580352,24,19,43,high
A3SS_chr15_37283950_52,A3SS,chr15,-,GENE_0052,37283950,37284081,37284950,sample_4_Aligned.sortedByCoord.out,0.7231650474552049,28,10,38,high
A3SS_chr15_37283950_52,A3SS,chr15,-,GENE_0052,37283950,37284081,37284950,sample_5_Aligned.sortedByCoord.out,0.2698353532328898,16,15,31,high
A3SS_chr15_37283950_52,A3SS,chr15,-,GENE_0052,37283950,37284081,37284950,sample_6_Aligned.sortedByCoord.out,0.4761654520139066,19,20,39,high
A3SS_chr14_9115522_53,A3SS,chr14,+,GENE_0053,9115522,9115630,9116522,sample_1_Aligned.sortedByCoord.out,0.8018961372226049,29,13,42,high
A3SS_chr14_9115522_53,A3SS,chr14,+,GENE_0053,9115522,9115630,9116522,sample_2_Aligned.sortedByCoord.out,0.9468099103940001,25,12,37,high
A3SS_chr14_9115522_53,A3SS,chr14,+,GENE_0053,9115522,9115630,9116522,sample_3_Aligned.sortedByCoord.out,0.7388421572315977,25,12,37,high
A3SS_chr14_9115522_53,A3SS,chr14,+,GENE_0053,9115522,9115630,9116522,sample_4_Aligned.sortedByCoord.out,0.855703461404624,15,12,27,high
A3SS_chr14_9115522_53,A3SS,chr14,+,GENE_0053,9115522,9115630,9116522,sample_5_Aligned.sortedByCoord.out,0.6236404917593718,19,18,37,high
A3SS_chr14_9115522_53,A3SS,chr14,+,GENE_0053,9115522,9115630,9116522,sample_6_Aligned.sortedByCoord.out,0.5317203165602482,23,10,33,high
A3SS_chr18_44367909_54,A3SS,chr18,+,GENE_0054,44367909,44368052,44368909,sample_1_Aligned.sortedByCoord.out,0.566074894999034,16,12,28,high
A3SS_chr18_44367909_54,A3SS,chr18,+,GENE_0054,44367909,44368052,44368909,sample_2_Aligned.sortedByCoord.out,0.617510398210908,19,16,35,high
A3SS_chr18_44367909_54,A3SS,chr18,+,GENE_0054,44367909,44368052,44368909,sample_3_Aligned.sortedByCoord.out,0.15706329215220927,18,16,34,high
A3SS_chr18_44367909_54,A3SS,chr18,+,GENE_0054,44367909,44368052,44368909,sample_4_Aligned.sortedByCoord.out,0.6686241372065456,13,16,29,high
A3SS_chr18_44367909_54,A3SS,chr18,+,GENE_0054,44367909,44368052,44368909,sample_5_Aligned.sortedByCoord.out,0.7326119183426152,11,24,35,high
A3SS_chr18_44367909_54,A3SS,chr18,+,GENE_0054,44367909,44368052,44368909,sample_6_Aligned.sortedByCoord.out,0.28105297879594177,19,12,31,high
A3SS_chr15_48656675_55,A3SS,chr15,+,GENE_0055,48656675,48656746,48657675,sample_1_Aligned.sortedByCoord.out,0.3482266395915368,19,9,28,high
A3SS_chr15_48656675_55,A3SS,chr15,+,GENE_0055,48656675,48656746,48657675,sample_2_Aligned.sortedByCoord.out,0.23462501587959222,22,17,39,high
A3SS_chr15_48656675_55,A3SS,chr15,+,GENE_0055,48656675,48656746,48657675,sample_3_Aligned.sortedByCoord.out,0.703269783820122,19,12,31,high
A3SS_chr15_48656675_55,A3SS,chr15,+,GENE_0055,48656675,48656746,48657675,sample_4_Aligned.sortedByCoord.out,0.29045088552067083,16,14,30,high
A3SS_chr15_48656675_55,A3SS,chr15,+,GENE_0055,48656675,48656746,48657675,sample_5_Aligned.sortedByCoord.out,0.8231651892391919,23,15,38,high
A3SS_chr15_48656675_55,A3SS,chr15,+,GENE_0055,48656675,48656746,48657675,sample_6_Aligned.sortedByCoord.out,0.3004704674332848,14,21,35,high
A3SS_chr3_31325595_56,A3SS,chr3,-,GENE_0056,31325595,31325718,31326595,sample_1_Aligned.sortedByCoord.out,0.6708731511492834,16,15,31,high
A3SS_chr3_31325595_56,A3SS,chr3,-,GENE_0056,31325595,31325718,31326595,sample_2_Aligned.sortedByCoord.out,0.602772676229411,23,17,40,high
A3SS_chr3_31325595_56,A3SS,chr3,-,GENE_0056,31325595,31325718,31326595,sample_3_Aligned.sortedByCoord.out,0.9178546366768205,24,15,39,high
A3SS_chr3_31325595_56,A3SS,chr3,-,GENE_0056,31325595,31325718,31326595,sample_4_Aligned.sortedByCoord.out,0.11827619833332058,24,11,35,high
A3SS_chr3_31325595_56,A3SS,chr3,-,GENE_0056,31325595,31325718,31326595,sample_5_Aligned.sortedByCoord.out,0.2516334184436021,22,15,37,high
A3SS_chr3_31325595_56,A3SS,chr3,-,GENE_0056,31325595,31325718,31326595,sample_6_Aligned.sortedByCoord.out,0.45092614679066895,20,7,27,high
A3SS_chr10_22490530_57,A3SS,chr10,+,GENE_0057,22490530,22490629,22491530,sample_1_Aligned.sortedByCoord.out,0.44811688032430247,20,15,35,high
A3SS_chr10_22490530_57,A3SS,chr10,+,GENE_0057,22490530,22490629,22491530,sample_2_Aligned.sortedByCoord.out,0.2178632405452839,15,10,25,high
A3SS_chr10_22490530_57,A3SS,chr10,+,GENE_0057,22490530,22490629,22491530,sample_3_Aligned.sortedByCoord.out,0.3088516458247932,28,16,44,high
A3SS_chr10_22490530_57,A3SS,chr10,+,GENE_0057,22490530,22490629,22491530,sample_4_Aligned.sortedByCoord.out,0.38851675112163736,25,9,34,high
A3SS_chr10_22490530_57,A3SS,chr10,+,GENE_0057,22490530,22490629,22491530,sample_5_Aligned.sortedByCoord.out,0.09004505847757746,21,13,34,high
A3SS_chr10_22490530_57,A3SS,chr10,+,GENE_0057,22490530,22490629,22491530,sample_6_Aligned.sortedByCoord.out,0.6775787345051572,25,18,43,high
A3SS_chr9_38291280_58,A3SS,chr9,-,GENE_0058,38291280,38291407,38292280,sample_1_Aligned.sortedByCoord.out,0.26954328044718207,17,16,33,high
A3SS_chr9_38291280_58,A3SS,chr9,-,GENE_0058,38291280,38291407,38292280,sample_2_Aligned.sortedByCoord.out,0.6547636820073413,21,12,33,high
A3SS_chr9_38291280_58,A3SS,chr9,-,GENE_0058,38291280,38291407,38292280,sample_3_Aligned.sortedByCoord.out,0.647994711113905,23,17,40,high
A3SS_chr9_38291280_58,A3SS,chr9,-,GENE_0058,38291280,38291407,38292280,sample_4_Aligned.sortedByCoord.out,0.7713701069242168,19,12,31,high
A3SS_chr9_38291280_58,A3SS,chr9,-,GENE_0058,38291280,38291407,38292280,sample_5_Aligned.sortedByCoord.out,0.24362528136433048,15,13,28,high
A3SS_chr9_38291280_58,A3SS,chr9,-,GENE_0058,38291280,38291407,38292280,sample_6_Aligned.sortedByCoord.out,0.45342537016481715,16,18,34,high
A3SS_chr9_5918283_59,A3SS,chr9,+,GENE_0059,5918283,5918365,5919283,sample_1_Aligned.sortedByCoord.out,0.8712870792938995,14,21,35,high
A3SS_chr9_5918283_59,A3SS,chr9,+,GENE_0059,5918283,5918365,5919283,sample_2_Aligned.sortedByCoord.out,0.49056627479539694,20,8,28,high
A3SS_chr9_5918283_59,A3SS,chr9,+,GENE_0059,5918283,5918365,5919283,sample_3_Aligned.sortedByCoord.out,0.09808962022314284,28,8,36,high
A3SS_chr9_5918283_59,A3SS,chr9,+,GENE_0059,5918283,5918365,5919283,sample_4_Aligned.sortedByCoord.out,0.3372713374411708,21,18,39,high
A3SS_chr9_5918283_59,A3SS,chr9,+,GENE_0059,5918283,5918365,5919283,sample_5_Aligned.sortedByCoord.out,0.5668998990370163,17,20,37,high
A3SS_chr9_5918283_59,A3SS,chr9,+,GENE_0059,5918283,5918365,5919283,sample_6_Aligned.sortedByCoord.out,0.9155392799873693,17,12,29,high
A3SS_chr7_25587670_60,A3SS,chr7,-,GENE_0060,25587670,25587868,25588670,sample_1_Aligned.sortedByCoord.out,0.5521437377108607,20,7,27,high
A3SS_chr7_25587670_60,A3SS,chr7,-,GENE_0060,25587670,25587868,25588670,sample_2_Aligned.sortedByCoord.out,0.35959296916054667,18,5,23,high
A3SS_chr7_25587670_60,A3SS,chr7,-,GENE_0060,25587670,25587868,25588670,sample_3_Aligned.sortedByCoord.out,0.8762121040997963,20,18,38,high
A3SS_chr7_25587670_60,A3SS,chr7,-,GENE_0060,25587670,25587868,25588670,sample_4_Aligned.sortedByCoord.out,0.5568484663140101,22,9,31,high
A3SS_chr7_25587670_60,A3SS,chr7,-,GENE_0060,25587670,25587868,25588670,sample_5_Aligned.sortedByCoord.out,0.3492498168441919,10,20,30,high
A3SS_chr7_25587670_60,A3SS,chr7,-,GENE_0060,25587670,25587868,25588670,sample_6_Aligned.sortedByCoord.out,0.35839681946670954,24,13,37,high
A3SS_chr8_20927802_61,A3SS,chr8,+,GENE_0061,20927802,20927881,20928802,sample_1_Aligned.sortedByCoord.out,0.3546515153160227,20,19,39,high
A3SS_chr8_20927802_61,A3SS,chr8,+,GENE_0061,20927802,20927881,20928802,sample_2_Aligned.sortedByCoord.out,0.675560212778017,20,13,33,high
A3SS_chr8_20927802_61,A3SS,chr8,+,GENE_0061,20927802,20927881,20928802,sample_3_Aligned.sortedByCoord.out,0.03237023347334664,22,13,35,high
A3SS_chr8_20927802_61,A3SS,chr8,+,GENE_0061,20927802,20927881,20928802,sample_4_Aligned.sortedByCoord.out,0.49292913399397403,17,12,29,high
A3SS_chr8_20927802_61,A3SS,chr8,+,GENE_0061,20927802,20927881,20928802,sample_5_Aligned.sortedByCoord.out,0.7895711072992792,26,16,42,high
A3SS_chr8_20927802_61,A3SS,chr8,+,GENE_0061,20927802,20927881,20928802,sample_6_Aligned.sortedByCoord.out,0.6771555208359658,23,12,35,high
A3SS_chr15_17441787_62,A3SS,chr15,+,GENE_0062,17441787,17441925,17442787,sample_1_Aligned.sortedByCoord.out,0.5303363274292829,14,9,23,high
A3SS_chr15_17441787_62,A3SS,chr15,+,GENE_0062,17441787,17441925,17442787,sample_2_Aligned.sortedByCoord.out,0.18216876258644393,17,19,36,high
A3SS_chr15_17441787_62,A3SS,chr15,+,GENE_0062,17441787,17441925,17442787,sample_3_Aligned.sortedByCoord.out,0.6677545818068912,16,16,32,high
A3SS_chr15_17441787_62,A3SS,chr15,+,GENE_0062,17441787,17441925,17442787,sample_4_Aligned.sortedByCoord.out,0.46911416632755565,15,8,23,high
A3SS_chr15_17441787_62,A3SS,chr15,+,GENE_0062,17441787,17441925,17442787,sample_5_Aligned.sortedByCoord.out,0.8915680531359731,16,16,32,high
A3SS_chr15_17441787_62,A3SS,chr15,+,GENE_0062,17441787,17441925,17442787,sample_6_Aligned.sortedByCoord.out,0.4526667152241785,25,11,36,high
A3SS_chr4_49416534_63,A3SS,chr4,-,GENE_0063,49416534,49416699,49417534,sample_1_Aligned.sortedByCoord.out,0.7139435371076239,16,19,35,high
A3SS_chr4_49416534_63,A3SS,chr4,-,GENE_0063,49416534,49416699,49417534,sample_2_Aligned.sortedByCoord.out,0.04249403312440603,15,14,29,high
A3SS_chr4_49416534_63,A3SS,chr4,-,GENE_0063,49416534,49416699,49417534,sample_3_Aligned.sortedByCoord.out,0.15858979326998635,21,8,29,high
A3SS_chr4_49416534_63,A3SS,chr4,-,GENE_0063,49416534,49416699,49417534,sample_4_Aligned.sortedByCoord.out,0.7786018693063874,27,17,44,high
A3SS_chr4_49416534_63,A3SS,chr4,-,GENE_0063,49416534,49416699,49417534,sample_5_Aligned.sortedByCoord.out,0.4128192403513685,20,20,40,high
A3SS_chr4_49416534_63,A3SS,chr4,-,GENE_0063,49416534,49416699,49417534,sample_6_Aligned.sortedByCoord.out,0.7097753857886401,23,10,33,high
A3SS_chr15_46404722_64,A3SS,chr15,-,GENE_0064,46404722,46404915,46405722,sample_1_Aligned.sortedByCoord.out,0.49053161281262386,20,18,38,high
A3SS_chr15_46404722_64,A3SS,chr15,-,GENE_0064,46404722,46404915,46405722,sample_2_Aligned.sortedByCoord.out,0.5978338902559588,17,11,28,high
A3SS_chr15_46404722_64,A3SS,chr15,-,GENE_0064,46404722,46404915,46405722,sample_3_Aligned.sortedByCoord.out,0.730560078760397,27,22,49,high
A3SS_chr15_46404722_64,A3SS,chr15,-,GENE_0064,46404722,46404915,46405722,sample_4_Aligned.sortedByCoord.out,0.40110502411365484,21,16,37,high
A3SS_chr15_46404722_64,A3SS,chr15,-,GENE_0064,46404722,46404915,46405722,sample_5_Aligned.sortedByCoord.out,0.376199681117148,22,13,35,high
A3SS_chr15_46404722_64,A3SS,chr15,-,GENE_0064,46404722,46404915,46405722,sample_6_Aligned.sortedByCoord.out,0.19797186218898805,24,21,45,high
A3SS_chr2_17877840_65,A3SS,chr2,+,GENE_0065,17877840,17877941,17878840,sample_1_Aligned.sortedByCoord.out,0.7531067662459332,15,16,31,high
A3SS_chr2_17877840_65,A3SS,chr2,+,GENE_0065,17877840,17877941,17878840,sample_2_Aligned.sortedByCoord.out,0.6736997598684576,21,14,35,high
A3SS_chr2_17877840_65,A3SS,chr2,+,GENE_0065,17877840,17877941,17878840,sample_3_Aligned.sortedByCoord.out,0.2205102658888941,21,10,31,high
A3SS_chr2_17877840_65,A3SS,chr2,+,GENE_0065,17877840,17877941,17878840,sample_4_Aligned.sortedByCoord.out,0.06026577994619007,18,16,34,high
A3SS_chr2_17877840_65,A3SS,chr2,+,GENE_0065,17877840,17877941,17878840,sample_5_Aligned.sortedByCoord.out,0.8890827197298784,27,16,43,high
A3SS_chr2_17877840_65,A3SS,chr2,+,GENE_0065,17877840,17877941,17878840,sample_6_Aligned.sortedByCoord.out,0.3483298741746114,23,20,43,high
A3SS_chr20_34817571_66,A3SS,chr20,-,GENE_0066,34817571,34817754,34818571,sample_1_Aligned.sortedByCoord.out,0.7517818991994637,17,18,35,high
A3SS_chr20_34817571_66,A3SS,chr20,-,GENE_0066,34817571,34817754,34818571,sample_2_Aligned.sortedByCoord.out,0.4941143383010277,23,14,37,high
A3SS_chr20_34817571_66,A3SS,chr20,-,GENE_0066,34817571,34817754,34818571,sample_3_Aligned.sortedByCoord.out,0.4348916455860434,30,20,50,high
A3SS_chr20_34817571_66,A3SS,chr20,-,GENE_0066,34817571,34817754,34818571,sample_4_Aligned.sortedByCoord.out,0.2272323861299517,21,13,34,high
A3SS_chr20_34817571_66,A3SS,chr20,-,GENE_0066,34817571,34817754,34818571,sample_5_Aligned.sortedByCoord.out,0.4461885179850318,23,17,40,high
A3SS_chr20_34817571_66,A3SS,chr20,-,GENE_0066,34817571,34817754,34818571,sample_6_Aligned.sortedByCoord.out,0.5468192836465537,14,14,28,high
A3SS_chr18_35220603_67,A3SS,chr18,+,GENE_0067,35220603,35220745,35221603,sample_1_Aligned.sortedByCoord.out,0.7499411659399573,21,17,38,high
A3SS_chr18_35220603_67,A3SS,chr18,+,GENE_0067,35220603,35220745,35221603,sample_2_Aligned.sortedByCoord.out,0.8869634151290425,21,7,28,high
A3SS_chr18_35220603_67,A3SS,chr18,+,GENE_0067,35220603,35220745,35221603,sample_3_Aligned.sortedByCoord.out,0.6740924445393865,20,17,37,high
A3SS_chr18_35220603_67,A3SS,chr18,+,GENE_0067,35220603,35220745,35221603,sample_4_Aligned.sortedByCoord.out,0.8329997105683478,28,14,42,high
A3SS_chr18_35220603_67,A3SS,chr18,+,GENE_0067,35220603,35220745,35221603,sample_5_Aligned.sortedByCoord.out,0.4444416308115316,18,14,32,high
A3SS_chr18_35220603_67,A3SS,chr18,+,GENE_0067,35220603,35220745,35221603,sample_6_Aligned.sortedByCoord.out,0.8675164689505267,23,16,39,high
A3SS_chr7_35690164_68,A3SS,chr7,-,GENE_0068,35690164,35690277,35691164,sample_1_Aligned.sortedByCoord.out,0.16819230050938735,17,19,36,high
A3SS_chr7_35690164_68,A3SS,chr7,-,GENE_0068,35690164,35690277,35691164,sample_2_Aligned.sortedByCoord.out,0.527991439769017,23,13,36,high
A3SS_chr7_35690164_68,A3SS,chr7,-,GENE_0068,35690164,35690277,35691164,sample_3_Aligned.sortedByCoord.out,0.26634707909778055,19,9,28,high
A3SS_chr7_35690164_68,A3SS,chr7,-,GENE_0068,35690164,35690277,35691164,sample_4_Aligned.sortedByCoord.out,0.74548652543058,29,15,44,high
A3SS_chr7_35690164_68,A3SS,chr7,-,GENE_0068,35690164,35690277,35691164,sample_5_Aligned.sortedByCoord.out,0.6826826836944172,17,20,37,high
A3SS_chr7_35690164_68,A3SS,chr7,-,GENE_0068,35690164,35690277,35691164,sample_6_Aligned.sortedByCoord.out,0.5579108113545892,24,20,44,high
A3SS_chr5_3791879_69,A3SS,chr5,+,GENE_0069,3791879,3791993,3792879,sample_1_Aligned.sortedByCoord.out,0.6703985018774952,22,19,41,high
A3SS_chr5_3791879_69,A3SS,chr5,+,GENE_0069,3791879,3791993,3792879,sample_2_Aligned.sortedByCoord.out,0.7778983250859097,18,14,32,high
A3SS_chr5_3791879_69,A3SS,chr5,+,GENE_0069,3791879,3791993,3792879,sample_3_Aligned.sortedByCoord.out,0.16570513274387125,16,10,26,high
A3SS_chr5_3791879_69,A3SS,chr5,+,GENE_0069,3791879,3791993,3792879,sample_4_Aligned.sortedByCoord.out,0.6560849332409115,24,11,35,high
A3SS_chr5_3791879_69,A3SS,chr5,+,GENE_0069,3791879,3791993,3792879,sample_5_Aligned.sortedByCoord.out,0.3415029144242168,24,13,37,high
A3SS_chr5_3791879_69,A3SS,chr5,+,GENE_0069,3791879,3791993,3792879,sample_6_Aligned.sortedByCoord.out,0.29120514993303087,21,27,48,high
A3SS_chr4_6731996_70,A3SS,chr4,-,GENE_0070,6731996,6732167,6732996,sample_1_Aligned.sortedByCoord.out,0.5856465417626763,23,22,45,high
A3SS_chr4_6731996_70,A3SS,chr4,-,GENE_0070,6731996,6732167,6732996,sample_2_Aligned.sortedByCoord.out,0.27195300767403635,17,15,32,high
A3SS_chr4_6731996_70,A3SS,chr4,-,GENE_0070,6731996,6732167,6732996,sample_3_Aligned.sortedByCoord.out,0.5207144917899139,14,15,29,high
A3SS_chr4_6731996_70,A3SS,chr4,-,GENE_0070,6731996,6732167,6732996,sample_4_Aligned.sortedByCoord.out,0.8848002772370435,19,15,34,high
A3SS_chr4_6731996_70,A3SS,chr4,-,GENE_0070,6731996,6732167,6732996,sample_5_Aligned.sortedByCoord.out,0.46329621020986933,19,12,31,high
A3SS_chr4_6731996_70,A3SS,chr4,-,GENE_0070,6731996,6732167,6732996,sample_6_Aligned.sortedByCoord.out,0.5825233289440638,26,15,41,high
A3SS_chr8_40261052_71,A3SS,chr8,-,GENE_0071,40261052,40261194,40262052,sample_1_Aligned.sortedByCoord.out,0.5849917799235907,19,13,32,high
A3SS_chr8_40261052_71,A3SS,chr8,-,GENE_0071,40261052,40261194,40262052,sample_2_Aligned.sortedByCoord.out,0.5675057010262742,17,24,41,high
A3SS_chr8_40261052_71,A3SS,chr8,-,GENE_0071,40261052,40261194,40262052,sample_3_Aligned.sortedByCoord.out,0.5931667732931811,11,21,32,high
A3SS_chr8_40261052_71,A3SS,chr8,-,GENE_0071,40261052,40261194,40262052,sample_4_Aligned.sortedByCoord.out,0.1958888198110638,18,14,32,high
A3SS_chr8_40261052_71,A3SS,chr8,-,GENE_0071,40261052,40261194,40262052,sample_5_Aligned.sortedByCoord.out,0.3752707328817749,27,20,47,high
A3SS_chr8_40261052_71,A3SS,chr8,-,GENE_0071,40261052,40261194,40262052,sample_6_Aligned.sortedByCoord.out,0.22352442217915017,9,15,24,high
A3SS_chr5_22751899_72,A3SS,chr5,-,GENE_0072,22751899,22752038,22752899,sample_1_Aligned.sortedByCoord.out,0.6970845445970449,25,14,39,high
A3SS_chr5_22751899_72,A3SS,chr5,-,GENE_0072,22751899,22752038,22752899,sample_2_Aligned.sortedByCoord.out,0.862821355603171,16,12,28,high
A3SS_chr5_22751899_72,A3SS,chr5,-,GENE_0072,22751899,22752038,22752899,sample_3_Aligned.sortedByCoord.out,0.1560691672622288,14,12,26,high
A3SS_chr5_22751899_72,A3SS,chr5,-,GENE_0072,22751899,22752038,22752899,sample_4_Aligned.sortedByCoord.out,0.7283278699158001,18,11,29,high
A3SS_chr5_22751899_72,A3SS,chr5,-,GENE_0072,22751899,22752038,22752899,sample_5_Aligned.sortedByCoord.out,0.8285067371841232,22,6,28,high
A3SS_chr5_22751899_72,A3SS,chr5,-,GENE_0072,22751899,22752038,22752899,sample_6_Aligned.sortedByCoord.out,0.4461757434857209,28,8,36,high
A3SS_chr15_18488518_73,A3SS,chr15,+,GENE_0073,18488518,18488610,18489518,sample_1_Aligned.sortedByCoord.out,0.896278569294362,13,8,21,high
A3SS_chr15_18488518_73,A3SS,chr15,+,GENE_0073,18488518,18488610,18489518,sample_2_Aligned.sortedByCoord.out,0.8550852751308934,20,14,34,high
A3SS_chr15_18488518_73,A3SS,chr15,+,GENE_0073,18488518,18488610,18489518,sample_3_Aligned.sortedByCoord.out,0.23640078827488858,15,13,28,high
A3SS_chr15_18488518_73,A3SS,chr15,+,GENE_0073,18488518,18488610,18489518,sample_4_Aligned.sortedByCoord.out,0.19491776637613017,16,13,29,high
A3SS_chr15_18488518_73,A3SS,chr15,+,GENE_0073,18488518,18488610,18489518,sample_5_Aligned.sortedByCoord.out,0.1320288255562752,29,15,44,high
A3SS_chr15_18488518_73,A3SS,chr15,+,GENE_0073,18488518,18488610,18489518,sample_6_Aligned.sortedByCoord.out,0.22340602226376738,16,14,30,high
A3SS_chr19_32263411_74,A3SS,chr19,+,GENE_0074,32263411,32263478,32264411,sample_1_Aligned.sortedByCoord.out,0.5166686803852937,15,14,29,high
A3SS_chr19_32263411_74,A3SS,chr19,+,GENE_0074,32263411,32263478,32264411,sample_2_Aligned.sortedByCoord.out,0.6842276302252088,13,16,29,high
A3SS_chr19_32263411_74,A3SS,chr19,+,GENE_0074,32263411,32263478,32264411,sample_3_Aligned.sortedByCoord.out,0.29048334895315586,18,14,32,high
A3SS_chr19_32263411_74,A3SS,chr19,+,GENE_0074,32263411,32263478,32264411,sample_4_Aligned.sortedByCoord.out,0.48656785182871426,25,10,35,high
A3SS_chr19_32263411_74,A3SS,chr19,+,GENE_0074,32263411,32263478,32264411,sample_5_Aligned.sortedByCoord.out,0.7089360682413838,16,16,32,high
A3SS_chr19_32263411_74,A3SS,chr19,+,GENE_0074,32263411,32263478,32264411,sample_6_Aligned.sortedByCoord.out,0.5853284767596035,24,15,39,high
A3SS_chr16_36896404_75,A3SS,chr16,-,GENE_0075,36896404,36896527,36897404,sample_1_Aligned.sortedByCoord.out,0.3372611951719678,19,13,32,high
A3SS_chr16_36896404_75,A3SS,chr16,-,GENE_0075,36896404,36896527,36897404,sample_2_Aligned.sortedByCoord.out,0.5012308834202598,11,24,35,high
A3SS_chr16_36896404_75,A3SS,chr16,-,GENE_0075,36896404,36896527,36897404,sample_3_Aligned.sortedByCoord.out,0.6594254812606162,18,12,30,high
A3SS_chr16_36896404_75,A3SS,chr16,-,GENE_0075,36896404,36896527,36897404,sample_4_Aligned.sortedByCoord.out,0.5402417599140849,18,15,33,high
A3SS_chr16_36896404_75,A3SS,chr16,-,GENE_0075,36896404,36896527,36897404,sample_5_Aligned.sortedByCoord.out,0.14904967058200416,19,12,31,high
A3SS_chr16_36896404_75,A3SS,chr16,-,GENE_0075,36896404,36896527,36897404,sample_6_Aligned.sortedByCoord.out,0.2253547430766889,25,15,40,high
A3SS_chr15_41817033_76,A3SS,chr15,+,GENE_0076,41817033,41817092,41818033,sample_1_Aligned.sortedByCoord.out,0.309447477475772,19,19,38,high
A3SS_chr15_41817033_76,A3SS,chr15,+,GENE_0076,41817033,41817092,41818033,sample_2_Aligned.sortedByCoord.out,0.26757605396264694,19,14,33,high
A3SS_chr15_41817033_76,A3SS,chr15,+,GENE_0076,41817033,41817092,41818033,sample_3_Aligned.sortedByCoord.out,0.8081219684579752,27,12,39,high
A3SS_chr15_41817033_76,A3SS,chr15,+,GENE_0076,41817033,41817092,41818033,sample_4_Aligned.sortedByCoord.out,0.625520098692433,21,14,35,high
A3SS_chr15_41817033_76,A3SS,chr15,+,GENE_0076,41817033,41817092,41818033,sample_5_Aligned.sortedByCoord.out,0.7936392882296819,21,13,34,high
A3SS_chr15_41817033_76,A3SS,chr15,+,GENE_0076,41817033,41817092,41818033,sample_6_Aligned.sortedByCoord.out,0.5628205120003935,21,19,40,high
A3SS_chr3_34147225_77,A3SS,chr3,-,GENE_0077,34147225,34147308,34148225,sample_1_Aligned.sortedByCoord.out,0.26662584734199746,22,12,34,high
A3SS_chr3_34147225_77,A3SS,chr3,-,GENE_0077,34147225,34147308,34148225,sample_2_Aligned.sortedByCoord.out,0.7621128198202488,27,7,34,high
A3SS_chr3_34147225_77,A3SS,chr3,-,GENE_0077,34147225,34147308,34148225,sample_3_Aligned.sortedByCoord.out,0.28445155144004886,23,17,40,high
A3SS_chr3_34147225_77,A3SS,chr3,-,GENE_0077,34147225,34147308,34148225,sample_4_Aligned.sortedByCoord.out,0.8785641104008144,14,16,30,high
A3SS_chr3_34147225_77,A3SS,chr3,-,GENE_0077,34147225,34147308,34148225,sample_5_Aligned.sortedByCoord.out,0.09387961593120275,22,14,36,high
A3SS_chr3_34147225_77,A3SS,chr3,-,GENE_0077,34147225,34147308,34148225,sample_6_Aligned.sortedByCoord.out,0.8523856258833927,23,16,39,high
A3SS_chr14_3412011_78,A3SS,chr14,+,GENE_0078,3412011,3412131,3413011,sample_1_Aligned.sortedByCoord.out,0.7076616521663984,17,20,37,high
A3SS_chr14_3412011_78,A3SS,chr14,+,GENE_0078,3412011,3412131,3413011,sample_2_Aligned.sortedByCoord.out,0.2748601968550725,13,20,33,high
A3SS_chr14_3412011_78,A3SS,chr14,+,GENE_0078,3412011,3412131,3413011,sample_3_Aligned.sortedByCoord.out,0.8757240506659724,23,8,31,high
A3SS_chr14_3412011_78,A3SS,chr14,+,GENE_0078,3412011,3412131,3413011,sample_4_Aligned.sortedByCoord.out,0.3814094526045728,21,13,34,high
A3SS_chr14_3412011_78,A3SS,chr14,+,GENE_0078,3412011,3412131,3413011,sample_5_Aligned.sortedByCoord.out,0.25198527799109083,15,20,35,high
A3SS_chr14_3412011_78,A3SS,chr14,+,GENE_0078,3412011,3412131,3413011,sample_6_Aligned.sortedByCoord.out,0.26419570925085367,18,18,36,high
A3SS_chr22_22334744_79,A3SS,chr22,+,GENE_0079,22334744,22334814,22335744,sample_1_Aligned.sortedByCoord.out,0.28773863554923945,23,17,40,high
A3SS_chr22_22334744_79,A3SS,chr22,+,GENE_0079,22334744,22334814,22335744,sample_2_Aligned.sortedByCoord.out,0.24726427055907452,16,15,31,high
A3SS_chr22_22334744_79,A3SS,chr22,+,GENE_0079,22334744,22334814,22335744,sample_3_Aligned.sortedByCoord.out,0.3000064586097635,17,18,35,high
A3SS_chr22_22334744_79,A3SS,chr22,+,GENE_0079,22334744,22334814,22335744,sample_4_Aligned.sortedByCoord.out,0.3442418329117858,16,15,31,high
A3SS_chr22_22334744_79,A3SS,chr22,+,GENE_0079,22334744,22334814,22335744,sample_5_Aligned.sortedByCoord.out,0.4081893657948385,18,16,34,high
A3SS_chr22_22334744_79,A3SS,chr22,+,GENE_0079,22334744,22334814,22335744,sample_6_Aligned.sortedByCoord.out,0.6678736633402391,18,14,32,high
A3SS_chr20_12670477_80,A3SS,chr20,-,GENE_0080,12670477,12670620,12671477,sample_1_Aligned.sortedByCoord.out,0.32339973834512054,16,12,28,high
A3SS_chr20_12670477_80,A3SS,chr20,-,GENE_0080,12670477,12670620,12671477,sample_2_Aligned.sortedByCoord.out,0.5101506101071458,13,12,25,high
A3SS_chr20_12670477_80,A3SS,chr20,-,GENE_0080,12670477,12670620,12671477,sample_3_Aligned.sortedByCoord.out,0.25789888704481834,16,19,35,high
A3SS_chr20_12670477_80,A3SS,chr20,-,GENE_0080,12670477,12670620,12671477,sample_4_Aligned.sortedByCoord.out,0.17069324939698413,17,14,31,high
A3SS_chr20_12670477_80,A3SS,chr20,-,GENE_0080,12670477,12670620,12671477,sample_5_Aligned.sortedByCoord.out,0.5990692081003085,10,9,19,high
A3SS_chr20_12670477_80,A3SS,chr20,-,GENE_0080,12670477,12670620,12671477,sample_6_Aligned.sortedByCoord.out,0.6880753912598455,15,14,29,high
A3SS_chr8_1911684_81,A3SS,chr8,+,GENE_0081,1911684,1911747,1912684,sample_1_Aligned.sortedByCoord.out,0.05071385784532337,17,13,30,high
A3SS_chr8_1911684_81,A3SS,chr8,+,GENE_0081,1911684,1911747,1912684,sample_2_Aligned.sortedByCoord.out,0.3385722120783418,23,11,34,high
A3SS_chr8_1911684_81,A3SS,chr8,+,GENE_0081,1911684,1911747,1912684,sample_3_Aligned.sortedByCoord.out,0.21823395580680788,22,16,38,high
A3SS_chr8_1911684_81,A3SS,chr8,+,GENE_0081,1911684,1911747,1912684,sample_4_Aligned.sortedByCoord.out,0.41990794956412736,19,18,37,high
A3SS_chr8_1911684_81,A3SS,chr8,+,GENE_0081,1911684,1911747,1912684,sample_5_Aligned.sortedByCoord.out,0.40817729885574466,20,18,38,high
A3SS_chr8_1911684_81,A3SS,chr8,+,GENE_0081,1911684,1911747,1912684,sample_6_Aligned.sortedByCoord.out,0.6041888702686541,30,11,41,high
A3SS_chr14_14457300_82,A3SS,chr14,+,GENE_0082,14457300,14457420,14458300,sample_1_Aligned.sortedByCoord.out,0.7091057843883125,12,13,25,high
A3SS_chr14_14457300_82,A3SS,chr14,+,GENE_0082,14457300,14457420,14458300,sample_2_Aligned.sortedByCoord.out,0.14359869736305206,27,15,42,high
A3SS_chr14_14457300_82,A3SS,chr14,+,GENE_0082,14457300,14457420,14458300,sample_3_Aligned.sortedByCoord.out,0.35654366224660217,20,14,34,high
A3SS_chr14_14457300_82,A3SS,chr14,+,GENE_0082,14457300,14457420,14458300,sample_4_Aligned.sortedByCoord.out,0.541427596535289,24,16,40,high
A3SS_chr14_14457300_82,A3SS,chr14,+,GENE_0082,14457300,14457420,14458300,sample_5_Aligned.sortedByCoord.out,0.8986853937186494,17,14,31,high
A3SS_chr14_14457300_82,A3SS,chr14,+,GENE_0082,14457300,14457420,14458300,sample_6_Aligned.sortedByCoord.out,0.7512135497942107,21,17,38,high
A3SS_chr14_25101586_83,A3SS,chr14,-,GENE_0083,25101586,25101777,25102586,sample_1_Aligned.sortedByCoord.out,0.5270251293048248,19,14,33,high
A3SS_chr14_25101586_83,A3SS,chr14,-,GENE_0083,25101586,25101777,25102586,sample_2_Aligned.sortedByCoord.out,0.41460349938501184,22,11,33,high
A3SS_chr14_25101586_83,A3SS,chr14,-,GENE_0083,25101586,25101777,25102586,sample_3_Aligned.sortedByCoord.out,0.4301390309815499,20,10,30,high
A3SS_chr14_25101586_83,A3SS,chr14,-,GENE_0083,25101586,25101777,25102586,sample_4_Aligned.sortedByCoord.out,0.8221338758005721,20,16,36,high
A3SS_chr14_25101586_83,A3SS,chr14,-,GENE_0083,25101586,25101777,25102586,sample_5_Aligned.sortedByCoord.out,0.8700904066097139,17,21,38,high
A3SS_chr14_25101586_83,A3SS,chr14,-,GENE_0083,25101586,25101777,25102586,sample_6_Aligned.sortedByCoord.out,0.47720916504869587,25,17,42,high
A3SS_chr10_46231181_84,A3SS,chr10,+,GENE_0084,46231181,46231279,46232181,sample_1_Aligned.sortedByCoord.out,0.5968764205548042,25,12,37,high
A3SS_chr10_46231181_84,A3SS,chr10,+,GENE_0084,46231181,46231279,46232181,sample_2_Aligned.sortedByCoord.out,0.5860294107752557,18,16,34,high
A3SS_chr10_46231181_84,A3SS,chr10,+,GENE_0084,46231181,46231279,46232181,sample_3_Aligned.sortedByCoord.out,0.7656091293096823,21,12,33,high
A3SS_chr10_46231181_84,A3SS,chr10,+,GENE_0084,46231181,46231279,46232181,sample_4_Aligned.sortedByCoord.out,0.6241152171619021,25,10,35,high
A3SS_chr10_46231181_84,A3SS,chr10,+,GENE_0084,46231181,46231279,46232181,sample_5_Aligned.sortedByCoord.out,0.42115326911653184,23,16,39,high
A3SS_chr10_46231181_84,A3SS,chr10,+,GENE_0084,46231181,46231279,46232181,sample_6_Aligned.sortedByCoord.out,0.5544373471698643,17,20,37,high
A3SS_chr2_31859729_85,A3SS,chr2,-,GENE_0085,31859729,31859852,31860729,sample_1_Aligned.sortedByCoord.out,0.23358798448292162,29,20,49,high
A3SS_chr2_31859729_85,A3SS,chr2,-,GENE_0085,31859729,31859852,31860729,sample_2_Aligned.sortedByCoord.out,0.47512443373312657,19,12,31,high
A3SS_chr2_31859729_85,A3SS,chr2,-,GENE_0085,31859729,31859852,31860729,sample_3_Aligned.sortedByCoord.out,0.3361232017466313,13,17,30,high
A3SS_chr2_31859729_85,A3SS,chr2,-,GENE_0085,31859729,31859852,31860729,sample_4_Aligned.sortedByCoord.out,0.9294817073901146,15,12,27,high
A3SS_chr2_31859729_85,A3SS,chr2,-,GENE_0085,31859729,31859852,31860729,sample_5_Aligned.sortedByCoord.out,0.05333364416765596,18,24,42,high
A3SS_chr2_31859729_85,A3SS,chr2,-,GENE_0085,31859729,31859852,31860729,sample_6_Aligned.sortedByCoord.out,0.48331378487499477,18,19,37,high
A3SS_chr2_25924182_86,A3SS,chr2,+,GENE_0086,25924182,25924314,25925182,sample_1_Aligned.sortedByCoord.out,0.16962225210957205,27,12,39,high
A3SS_chr2_25924182_86,A3SS,chr2,+,GENE_0086,25924182,25924314,25925182,sample_2_Aligned.sortedByCoord.out,0.5809077679048326,19,16,35,high
A3SS_chr2_25924182_86,A3SS,chr2,+,GENE_0086,25924182,25924314,25925182,sample_3_Aligned.sortedByCoord.out,0.682419670824765,26,14,40,high
A3SS_chr2_25924182_86,A3SS,chr2,+,GENE_0086,25924182,25924314,25925182,sample_4_Aligned.sortedByCoord.out,0.7396431852206111,18,13,31,high
A3SS_chr2_25924182_86,A3SS,chr2,+,GENE_0086,25924182,25924314,25925182,sample_5_Aligned.sortedByCoord.out,0.42728741985487423,19,11,30,high
A3SS_chr2_25924182_86,A3SS,chr2,+,GENE_0086,25924182,25924314,25925182,sample_6_Aligned.sortedByCoord.out,0.19615252216626766,20,14,34,high
A3SS_chr5_40026908_87,A3SS,chr5,-,GENE_0087,40026908,40027059,40027908,sample_1_Aligned.sortedByCoord.out,0.5086249289807402,17,17,34,high
A3SS_chr5_40026908_87,A3SS,chr5,-,GENE_0087,40026908,40027059,40027908,sample_2_Aligned.sortedByCoord.out,0.5997290315641723,18,13,31,high
A3SS_chr5_40026908_87,A3SS,chr5,-,GENE_0087,40026908,40027059,40027908,sample_3_Aligned.sortedByCoord.out,0.6400388182041948,27,14,41,high
A3SS_chr5_40026908_87,A3SS,chr5,-,GENE_0087,40026908,40027059,40027908,sample_4_Aligned.sortedByCoord.out,0.5682842262908057,13,12,25,high
A3SS_chr5_40026908_87,A3SS,chr5,-,GENE_0087,40026908,40027059,40027908,sample_5_Aligned.sortedByCoord.out,0.6207443602117961,19,12,31,high
A3SS_chr5_40026908_87,A3SS,chr5,-,GENE_0087,40026908,40027059,40027908,sample_6_Aligned.sortedByCoord.out,0.5043636302999012,15,18,33,high
A3SS_chr13_33835702_88,A3SS,chr13,+,GENE_0088,33835702,33835856,33836702,sample_1_Aligned.sortedByCoord.out,0.22490458303038333,13,15,28,high
A3SS_chr13_33835702_88,A3SS,chr13,+,GENE_0088,33835702,33835856,33836702,sample_2_Aligned.sortedByCoord.out,0.30824364178890834,22,18,40,high
A3SS_chr13_33835702_88,A3SS,chr13,+,GENE_0088,33835702,33835856,33836702,sample_3_Aligned.sortedByCoord.out,0.6857815521775232,25,20,45,high
A3SS_chr13_33835702_88,A3SS,chr13,+,GENE_0088,33835702,33835856,33836702,sample_4_Aligned.sortedByCoord.out,0.5270601563857847,22,9,31,high
A3SS_chr13_33835702_88,A3SS,chr13,+,GENE_0088,33835702,33835856,33836702,sample_5_Aligned.sortedByCoord.out,0.27333996498694696,21,16,37,high
A3SS_chr13_33835702_88,A3SS,chr13,+,GENE_0088,33835702,33835856,33836702,sample_6_Aligned.sortedByCoord.out,0.648889111395849,23,22,45,high
A3SS_chr2_26831995_89,A3SS,chr2,+,GENE_0089,26831995,26832062,26832995,sample_1_Aligned.sortedByCoord.out,0.9459639745599211,16,12,28,high
A3SS_chr2_26831995_89,A3SS,chr2,+,GENE_0089,26831995,26832062,26832995,sample_2_Aligned.sortedByCoord.out,0.2932456556209537,26,17,43,high
A3SS_chr2_26831995_89,A3SS,chr2,+,GENE_0089,26831995,26832062,26832995,sample_3_Aligned.sortedByCoord.out,0.7736656870131241,14,11,25,high
A3SS_chr2_26831995_89,A3SS,chr2,+,GENE_0089,26831995,26832062,26832995,sample_4_Aligned.sortedByCoord.out,0.47942539356966535,27,21,48,high
A3SS_chr2_26831995_89,A3SS,chr2,+,GENE_0089,26831995,26832062,26832995,sample_5_Aligned.sortedByCoord.out,0.8684459547785451,18,9,27,high
A3SS_chr2_26831995_89,A3SS,chr2,+,GENE_0089,26831995,26832062,26832995,sample_6_Aligned.sortedByCoord.out,0.23511786453140154,22,14,36,high
A3SS_chr11_44893607_90,A3SS,chr11,+,GENE_0090,44893607,44893750,44894607,sample_1_Aligned.sortedByCoord.out,0.4903119051525773,25,16,41,high
A3SS_chr11_44893607_90,A3SS,chr11,+,GENE_0090,44893607,44893750,44894607,sample_2_Aligned.sortedByCoord.out,0.4161697771243419,18,11,29,high
A3SS_chr11_44893607_90,A3SS,chr11,+,GENE_0090,44893607,44893750,44894607,sample_3_Aligned.sortedByCoord.out,0.5412853404893353,16,12,28,high
A3SS_chr11_44893607_90,A3SS,chr11,+,GENE_0090,44893607,44893750,44894607,sample_4_Aligned.sortedByCoord.out,0.8131273281102996,13,18,31,high
A3SS_chr11_44893607_90,A3SS,chr11,+,GENE_0090,44893607,44893750,44894607,sample_5_Aligned.sortedByCoord.out,0.3832565677678529,24,15,39,high
A3SS_chr11_44893607_90,A3SS,chr11,+,GENE_0090,44893607,44893750,44894607,sample_6_Aligned.sortedByCoord.out,0.4501657767586048,17,13,30,high
A3SS_chr6_1858012_91,A3SS,chr6,+,GENE_0091,1858012,1858101,1859012,sample_1_Aligned.sortedByCoord.out,0.3783704451744871,32,19,51,high
A3SS_chr6_1858012_91,A3SS,chr6,+,GENE_0091,1858012,1858101,1859012,sample_2_Aligned.sortedByCoord.out,0.2099663853940234,13,12,25,high
A3SS_chr6_1858012_91,A3SS,chr6,+,GENE_0091,1858012,1858101,1859012,sample_3_Aligned.sortedByCoord.out,0.0950904268593638,16,14,30,high
A3SS_chr6_1858012_91,A3SS,chr6,+,GENE_0091,1858012,1858101,1859012,sample_4_Aligned.sortedByCoord.out,0.24337354203510475,18,7,25,high
A3SS_chr6_1858012_91,A3SS,chr6,+,GENE_0091,1858012,1858101,1859012,sample_5_Aligned.sortedByCoord.out,0.4358803007326151,13,15,28,high
A3SS_chr6_1858012_91,A3SS,chr6,+,GENE_0091,1858012,1858101,1859012,sample_6_Aligned.sortedByCoord.out,0.8364776980722411,18,18,36,high
A3SS_chr20_10647909_92,A3SS,chr20,-,GENE_0092,10647909,10648103,10648909,sample_1_Aligned.sortedByCoord.out,0.657465303886087,19,12,31,high
A3SS_chr20_10647909_92,A3SS,chr20,-,GENE_0092,10647909,10648103,10648909,sample_2_Aligned.sortedByCoord.out,0.3667578461800537,15,19,34,high
A3SS_chr20_10647909_92,A3SS,chr20,-,GENE_0092,10647909,10648103,10648909,sample_3_Aligned.sortedByCoord.out,0.35137556210463305,18,16,34,high
A3SS_chr20_10647909_92,A3SS,chr20,-,GENE_0092,10647909,10648103,10648909,sample_4_Aligned.sortedByCoord.out,0.8019573140194739,14,13,27,high
A3SS_chr20_10647909_92,A3SS,chr20,-,GENE_0092,10647909,10648103,10648909,sample_5_Aligned.sortedByCoord.out,0.25951230430315453,21,14,35,high
A3SS_chr20_10647909_92,A3SS,chr20,-,GENE_0092,10647909,10648103,10648909,sample_6_Aligned.sortedByCoord.out,0.6982196059907265,22,18,40,high
A3SS_chr22_11000232_93,A3SS,chr22,-,GENE_0093,11000232,11000328,11001232,sample_1_Aligned.sortedByCoord.out,0.645845242006398,21,21,42,high
A3SS_chr22_11000232_93,A3SS,chr22,-,GENE_0093,11000232,11000328,11001232,sample_2_Aligned.sortedByCoord.out,0.544527278383796,14,18,32,high
A3SS_chr22_11000232_93,A3SS,chr22,-,GENE_0093,11000232,11000328,11001232,sample_3_Aligned.sortedByCoord.out,0.6783554230206813,23,21,44,high
A3SS_chr22_11000232_93,A3SS,chr22,-,GENE_0093,11000232,11000328,11001232,sample_4_Aligned.sortedByCoord.out,0.44972349088632935,20,10,30,high
A3SS_chr22_11000232_93,A3SS,chr22,-,GENE_0093,11000232,11000328,11001232,sample_5_Aligned.sortedByCoord.out,0.872488021807316,23,21,44,high
A3SS_chr22_11000232_93,A3SS,chr22,-,GENE_0093,11000232,11000328,11001232,sample_6_Aligned.sortedByCoord.out,0.3359368579639585,21,15,36,high
A3SS_chr14_20252100_94,A3SS,chr14,-,GENE_0094,20252100,20252247,20253100,sample_1_Aligned.sortedByCoord.out,0.2640965786544554,23,21,44,high
A3SS_chr14_20252100_94,A3SS,chr14,-,GENE_0094,20252100,20252247,20253100,sample_2_Aligned.sortedByCoord.out,0.7137128530253414,18,12,30,high
A3SS_chr14_20252100_94,A3SS,chr14,-,GENE_0094,20252100,20252247,20253100,sample_3_Aligned.sortedByCoord.out,0.7326685228153779,16,19,35,high
A3SS_chr14_20252100_94,A3SS,chr14,-,GENE_0094,20252100,20252247,20253100,sample_4_Aligned.sortedByCoord.out,0.5694279969949386,17,20,37,high
A3SS_chr14_20252100_94,A3SS,chr14,-,GENE_0094,20252100,20252247,20253100,sample_5_Aligned.sortedByCoord.out,0.7735643632886571,19,7,26,high
A3SS_chr14_20252100_94,A3SS,chr14,-,GENE_0094,20252100,20252247,20253100,sample_6_Aligned.sortedByCoord.out,0.3359789904542029,20,15,35,high
