event_id,event_type,chromosome,strand,gene_name,exon1_end,intron_start,intron_end,exon2_start,sample,psi,inclusion_reads,exclusion_reads,total_reads,confidence
RI_chr17_43058005_0,RI,chr17,+,GENE_0000,43058005,43058006,43058311,43058364,sample_1_Aligned.sortedByCoord.out,0.6934151043434086,14,19,33,high
RI_chr17_43058005_0,RI,chr17,+,GENE_0000,43058005,43058006,43058311,43058364,sample_2_Aligned.sortedByCoord.out,0.6227901430150431,14,12,26,high
RI_chr17_43058005_0,RI,chr17,+,GENE_0000,43058005,43058006,43058311,43058364,sample_3_Aligned.sortedByCoord.out,0.5124286538721443,30,15,45,high
RI_chr17_43058005_0,RI,chr17,+,GENE_0000,43058005,43058006,43058311,43058364,sample_4_Aligned.sortedByCoord.out,0.5061814067290971,16,16,32,high
RI_chr17_43058005_0,RI,chr17,+,GENE_0000,43058005,43058006,43058311,43058364,sample_5_Aligned.sortedByCoord.out,0.7553663740179529,19,18,37,high
RI_chr17_43058005_0,RI,chr17,+,GENE_0000,43058005,43058006,43058311,43058364,sample_6_Aligned.sortedByCoord.out,0.593517862779336,22,15,37,high
RI_chr13_15505992_1,RI,chr13,-,GENE_0001,15505992,15505993,15506761,15507140,sample_1_Aligned.sortedByCoord.out,0.6021668385620188,19,12,31,high
RI_chr13_15505992_1,RI,chr13,-,GENE_0001,15505992,15505993,15506761,15507140,sample_2_Aligned.sortedByCoord.out,0.6519165131173651,22,18,40,high
RI_chr13_15505992_1,RI,chr13,-,GENE_0001,15505992,15505993,15506761,15507140,sample_3_Aligned.sortedByCoord.out,0.6045152223165524,22,16,38,high
RI_chr13_15505992_1,RI,chr13,-,GENE_0001,15505992,15505993,15506761,15507140,sample_4_Aligned.sortedByCoord.out,0.43766886975956887,17,17,34,high
RI_chr13_15505992_1,RI,chr13,-,GENE_0001,15505992,15505993,15506761,15507140,sample_5_Aligned.sortedByCoord.out,0.3456009122316788,24,13,37,high
RI_chr13_15505992_1,RI,chr13,-,GENE_0001,15505992,15505993,15506761,15507140,sample_6_Aligned.sortedByCoord.out,0.32686998947347556,24,9,33,high
RI_chr20_7173746_2,RI,chr20,-,GENE_0002,7173746,7173747,7174787,7175058,sample_1_Aligned.sortedByCoord.out,0.6911597665841395,20,12,32,high
RI_chr20_7173746_2,RI,chr20,-,GENE_0002,7173746,7173747,7174787,7175058,sample_2_Aligned.sortedByCoord.out,0.9246726468262134,21,19,40,high
RI_chr20_7173746_2,RI,chr20,-,GENE_0002,7173746,7173747,7174787,7175058,sample_3_Aligned.sortedByCoord.out,0.503545467761529,23,19,42,high
RI_chr20_7173746_2,RI,chr20,-,GENE_0002,7173746,7173747,7174787,7175058,sample_4_Aligned.sortedByCoord.out,0.46565790946177105,19,18,37,high
RI_chr20_7173746_2,RI,chr20,-,GENE_0002,7173746,7173747,7174787,7175058,sample_5_Aligned.sortedByCoord.out,0.7688458740895316,25,16,41,high
RI_chr20_7173746_2,RI,chr20,-,GENE_0002,7173746,7173747,7174787,7175058,sample_6_Aligned.sortedByCoord.out,0.926016617048441,25,14,39,high
RI_chr16_33580668_3,RI,chr16,+,GENE_0003,33580668,33580669,33581074,33581661,sample_1_Aligned.sortedByCoord.out,0.4897960531326323,23,14,37,high
RI_chr16_33580668_3,RI,chr16,+,GENE_0003,33580668,33580669,33581074,33581661,sample_2_Aligned.sortedByCoord.out,0.40945145858781,21,15,36,high
RI_chr16_33580668_3,RI,chr16,+,GENE_0003,33580668,33580669,33581074,33581661,sample_3_Aligned.sortedByCoord.out,0.5827255238875714,14,20,34,high
RI_chr16_33580668_3,RI,chr16,+,GENE_0003,33580668,33580669,33581074,33581661,sample_4_Aligned.sortedByCoord.out,0.15957897793364506,11,15,26,high
RI_chr16_33580668_3,RI,chr16,+,GENE_0003,33580668,33580669,33581074,33581661,sample_5_Aligned.sortedByCoord.out,0.44893419570719534,18,11,29,high
RI_chr16_33580668_3,RI,chr16,+,GENE_0003,33580668,33580669,33581074,33581661,sample_6_Aligned.sortedByCoord.out,0.05908728177077322,23,18,41,high
RI_chr3_17605606_4,RI,chr3,-,GENE_0004,17605606,17605607,17607236,17606110,sample_1_Aligned.sortedByCoord.out,0.4459675016195492,26,10,36,high
RI_chr3_17605606_4,RI,chr3,-,GENE_0004,17605606,17605607,17607236,17606110,sample_2_Aligned.sortedByCoord.out,0.6685987552935604,25,17,42,high
RI_chr3_17605606_4,RI,chr3,-,GENE_0004,17605606,17605607,17607236,17606110,sample_3_Aligned.sortedByCoord.out,0.5110462652121691,21,22,43,high
RI_chr3_17605606_4,RI,chr3,-,GENE_0004,17605606,17605607,17607236,17606110,sample_4_Aligned.sortedByCoord.out,0.6501476735259502,27,16,43,high
RI_chr3_17605606_4,RI,chr3,-,GENE_0004,17605606,17605607,17607236,17606110,sample_5_Aligned.sortedByCoord.out,0.6786588681990294,23,18,41,high
RI_chr3_17605606_4,RI,chr3,-,GENE_0004,17605606,17605607,17607236,17606110,sample_6_Aligned.sortedByCoord.out,0.07065177988733894,23,15,38,high
RI_chr3_36098976_5,RI,chr3,-,GENE_0005,36098976,36098977,36099862,36100096,sample_1_Aligned.sortedByCoord.out,0.5378785123627531,24,15,39,high
RI_chr3_36098976_5,RI,chr3,-,GENE_0005,36098976,36098977,36099862,36100096,sample_2_Aligned.sortedByCoord.out,0.5724539969350678,24,14,38,high
RI_chr3_36098976_5,RI,chr3,-,GENE_0005,36098976,36098977,36099862,36100096,sample_3_Aligned.sortedByCoord.out,0.6326343385270246,19,23,42,high
RI_chr3_36098976_5,RI,chr3,-,GENE_0005,36098976,36098977,36099862,36100096,sample_4_Aligned.sortedByCoord.out,0.31091023461210104,21,16,37,high
RI_chr3_36098976_5,RI,chr3,-,GENE_0005,36098976,36098977,36099862,36100096,sample_5_Aligned.sortedByCoord.out,0.17131552039085335,15,13,28,high
RI_chr3_36098976_5,RI,chr3,-,GENE_0005,36098976,36098977,36099862,36100096,sample_6_Aligned.sortedByCoord.out,0.7536912708611019,19,12,31,high
RI_chr8_1870552_6,RI,chr8,+,GENE_0006,1870552,1870553,1871884,1871073,sample_1_Aligned.sortedByCoord.out,0.41299481080806855,18,17,35,high
RI_chr8_1870552_6,RI,chr8,+,GENE_0006,1870552,1870553,1871884,1871073,sample_2_Aligned.sortedByCoord.out,0.6713983979767915,17,21,38,high
RI_chr8_1870552_6,RI,chr8,+,GENE_0006,1870552,1870553,1871884,1871073,sample_3_Aligned.sortedByCoord.out,0.7660793008444402,14,19,33,high
RI_chr8_1870552_6,RI,chr8,+,GENE_0006,1870552,1870553,1871884,1871073,sample_4_Aligned.sortedByCoord.out,0.6718222976498334,18,14,32,high
RI_chr8_1870552_6,RI,chr8,+,GENE_0006,1870552,1870553,1871884,1871073,sample_5_Aligned.sortedByCoord.out,0.8106745659912342,20,12,32,high
RI_chr8_1870552_6,RI,chr8,+,GENE_0006,1870552,1870553,1871884,1871073,sample_6_Aligned.sortedByCoord.out,0.06797691866436209,16,19,35,high
RI_chr18_47783416_7,RI,chr18,-,GENE_0007,47783416,47783417,47784872,47784377,sample_1_Aligned.sortedByCoord.out,0.4965812714967987,25,15,40,high
RI_chr18_47783416_7,RI,chr18,-,GENE_0007,47783416,47783417,47784872,47784377,sample_2_Aligned.sortedByCoord.out,0.2753930280076952,16,18,34,high
RI_chr18_47783416_7,RI,chr18,-,GENE_0007,47783416,47783417,47784872,47784377,sample_3_Aligned.sortedByCoord.out,0.9002646447775443,19,10,29,high
RI_chr18_47783416_7,RI,chr18,-,GENE_0007,47783416,47783417,47784872,47784377,sample_4_Aligned.sortedByCoord.out,0.7582885811626028,15,17,32,high
RI_chr18_47783416_7,RI,chr18,-,GENE_0007,47783416,47783417,47784872,47784377,sample_5_Aligned.sortedByCoord.out,0.5275497018107207,22,14,36,high
RI_chr18_47783416_7,RI,chr18,-,GENE_0007,47783416,47783417,47784872,47784377,sample_6_Aligned.sortedByCoord.out,0.6372227785704437,21,11,32,high
RI_chr3_37836321_8,RI,chr3,+,GENE_0008,37836321,37836322,37838103,37836448,sample_1_Aligned.sortedByCoord.out,0.7470734242928575,22,15,37,high
RI_chr3_37836321_8,RI,chr3,+,GENE_0008,37836321,37836322,37838103,37836448,sample_2_Aligned.sortedByCoord.out,0.5624849549601509,30,14,44,high
RI_chr3_37836321_8,RI,chr3,+,GENE_0008,37836321,37836322,37838103,37836448,sample_3_Aligned.sortedByCoord.out,0.1918964553770672,20,14,34,high
RI_chr3_37836321_8,RI,chr3,+,GENE_0008,37836321,37836322,37838103,37836448,sample_4_Aligned.sortedByCoord.out,0.5957412518280977,16,21,37,high
RI_chr3_37836321_8,RI,chr3,+,GENE_0008,37836321,37836322,37838103,37836448,sample_5_Aligned.sortedByCoord.out,0.6016404957914455,29,12,41,high
RI_chr3_37836321_8,RI,chr3,+,GENE_0008,37836321,37836322,37838103,37836448,sample_6_Aligned.sortedByCoord.out,0.5254436774890878,23,19,42,high
RI_chr1_34102520_9,RI,chr1,-,GENE_0009,34102520,34102521,34103353,34103191,sample_1_Aligned.sortedByCoord.out,0.18141102954496283,30,14,44,high
RI_chr1_34102520_9,RI,chr1,-,GENE_0009,34102520,34102521,34103353,34103191,sample_2_Aligned.sortedByCoord.out,0.513489472751043,19,25,44,high
RI_chr1_34102520_9,RI,chr1,-,GENE_0009,34102520,34102521,34103353,34103191,sample_3_Aligned.sortedByCoord.out,0.10561447648089034,20,14,34,high
RI_chr1_34102520_9,RI,chr1,-,GENE_0009,34102520,34102521,34103353,34103191,sample_4_Aligned.sortedByCoord.out,0.37531889321753276,14,19,33,high
RI_chr1_34102520_9,RI,chr1,-,GENE_0009,34102520,34102521,34103353,34103191,sample_5_Aligned.sortedByCoord.out,0.34621772534597284,23,10,33,high
RI_chr1_34102520_9,RI,chr1,-,GENE_0009,34102520,34102521,34103353,34103191,sample_6_Aligned.sortedByCoord.out,0.8479515937152289,22,18,40,high
RI_chr4_32023429_10,RI,chr4,-,GENE_0010,32023429,32023430,32023941,32024589,sample_1_Aligned.sortedByCoord.out,0.3118851231157678,17,10,27,high
RI_chr4_32023429_10,RI,chr4,-,GENE_0010,32023429,32023430,32023941,32024589,sample_2_Aligned.sortedByCoord.out,0.4600953105535429,17,12,29,high
RI_chr4_32023429_10,RI,chr4,-,GENE_0010,32023429,32023430,32023941,32024589,sample_3_Aligned.sortedByCoord.out,0.45191332148691704,18,16,34,high
RI_chr4_32023429_10,RI,chr4,-,GENE_0010,32023429,32023430,32023941,32024589,sample_4_Aligned.sortedByCoord.out,0.2212481200658344,19,13,32,high
RI_chr4_32023429_10,RI,chr4,-,GENE_0010,32023429,32023430,32023941,32024589,sample_5_Aligned.sortedByCoord.out,0.32274253495331484,20,17,37,high
RI_chr4_32023429_10,RI,chr4,-,GENE_0010,32023429,32023430,32023941,32024589,sample_6_Aligned.sortedByCoord.out,0.2525093554597611,17,9,26,high
RI_chr3_20916728_11,RI,chr3,-,GENE_0011,20916728,20916729,20916842,20918565,sample_1_Aligned.sortedByCoord.out,0.19377172222225103,23,15,38,high
RI_chr3_20916728_11,RI,chr3,-,GENE_0011,20916728,20916729,20916842,20918565,sample_2_Aligned.sortedByCoord.out,0.9173988183221774,18,10,28,high
RI_chr3_20916728_11,RI,chr3,-,GENE_0011,20916728,20916729,20916842,20918565,sample_3_Aligned.sortedByCoord.out,0.4683475037595538,24,18,42,high
RI_chr3_20916728_11,RI,chr3,-,GENE_0011,20916728,20916729,20916842,20918565,sample_4_Aligned.sortedByCoord.out,0.683287091982636,23,16,39,high
RI_chr3_20916728_11,RI,chr3,-,GENE_0011,20916728,20916729,20916842,20918565,sample_5_Aligned.sortedByCoord.out,0.4806567413884691,15,19,34,high
RI_chr3_20916728_11,RI,chr3,-,GENE_0011,20916728,20916729,20916842,20918565,sample_6_Aligned.sortedByCoord.out,0.29335311193536784,19,16,35,high
RI_chr18_31061010_12,RI,chr18,-,GENE_0012,31061010,31061011,31062074,31061284,sample_1_Aligned.sortedByCoord.out,0.26348847223198907,12,13,25,high
RI_chr18_31061010_12,RI,chr18,-,GENE_0012,31061010,31061011,31062074,31061284,sample_2_Aligned.sortedByCoord.out,0.4361785297174862,20,13,33,high
RI_chr18_31061010_12,RI,chr18,-,GENE_0012,31061010,31061011,31062074,31061284,sample_3_Aligned.sortedByCoord.out,0.17410965468497003,23,11,34,high
RI_chr18_31061010_12,RI,chr18,-,GENE_0012,31061010,31061011,31062074,31061284,sample_4_Aligned.sortedByCoord.out,0.4726660251839213,20,10,30,high
RI_chr18_31061010_12,RI,chr18,-,GENE_0012,31061010,31061011,31062074,31061284,sample_5_Aligned.sortedByCoord.out,0.15399186572266899,17,14,31,high
RI_chr18_31061010_12,RI,chr18,-,GENE_0012,31061010,31061011,31062074,31061284,sample_6_Aligned.sortedByCoord.out,0.658369940262109,29,16,45,high
RI_chr22_40466632_13,RI,chr22,+,GENE_0013,40466632,40466633,40467009,40466981,sample_1_Aligned.sortedByCoord.out,0.7616873648201781,20,18,38,high
RI_chr22_40466632_13,RI,chr22,+,GENE_0013,40466632,40466633,40467009,40466981,sample_2_Aligned.sortedByCoord.out,0.3452676328742599,23,15,38,high
RI_chr22_40466632_13,RI,chr22,+,GENE_0013,40466632,40466633,40467009,40466981,sample_3_Aligned.sortedByCoord.out,0.5190653144337825,21,14,35,high
RI_chr22_40466632_13,RI,chr22,+,GENE_0013,40466632,40466633,40467009,40466981,sample_4_Aligned.sortedByCoord.out,0.2642265869223158,13,16,29,high
RI_chr22_40466632_13,RI,chr22,+,GENE_0013,40466632,40466633,40467009,40466981,sample_5_Aligned.sortedByCoord.out,0.618925553163775,17,11,28,high
RI_chr22_40466632_13,RI,chr22,+,GENE_0013,40466632,40466633,40467009,40466981,sample_6_Aligned.sortedByCoord.out,0.8228791981688556,24,22,46,high
RI_chr4_5376202_14,RI,chr4,-,GENE_0014,5376202,5376203,5377137,5377167,sample_1_Aligned.sortedByCoord.out,0.45247784069242797,21,14,35,high
RI_chr4_5376202_14,RI,chr4,-,GENE_0014,5376202,5376203,5377137,5377167,sample_2_Aligned.sortedByCoord.out,0.17419954818100478,27,19,46,high
RI_chr4_5376202_14,RI,chr4,-,GENE_0014,5376202,5376203,5377137,5377167,sample_3_Aligned.sortedByCoord.out,0.31663605520697524,21,15,36,high
RI_chr4_5376202_14,RI,chr4,-,GENE_0014,5376202,5376203,5377137,5377167,sample_4_Aligned.sortedByCoord.out,0.3661329264851618,26,11,37,high
RI_chr4_5376202_14,RI,chr4,-,GENE_0014,5376202,5376203,5377137,5377167,sample_5_Aligned.sortedByCoord.out,0.7390963152214435,23,21,44,high
RI_chr4_5376202_14,RI,chr4,-,GENE_0014,5376202,5376203,5377137,5377167,sample_6_Aligned.sortedByCoord.out,0.37570277113418943,21,11,32,high
RI_chr7_29393520_15,RI,chr7,+,GENE_0015,29393520,29393521,29395429,29393941,sample_1_Aligned.sortedByCoord.out,0.5720352011010134,16,18,34,high
RI_chr7_29393520_15,RI,chr7,+,GENE_0015,29393520,29393521,29395429,29393941,sample_2_Aligned.sortedByCoord.out,0.5102292515759387,24,13,37,high
RI_chr7_29393520_15,RI,chr7,+,GENE_0015,29393520,29393521,29395429,29393941,sample_3_Aligned.sortedByCoord.out,0.5309933190445181,23,16,39,high
RI_chr7_29393520_15,RI,chr7,+,GENE_0015,29393520,29393521,29395429,29393941,sample_4_Aligned.sortedByCoord.out,0.24734353804635031,22,19,41,high
RI_chr7_29393520_15,RI,chr7,+,GENE_0015,29393520,29393521,29395429,29393941,sample_5_Aligned.sortedByCoord.out,0.9296152995462261,24,15,39,high
RI_chr7_29393520_15,RI,chr7,+,GENE_0015,29393520,29393521,29395429,29393941,sample_6_Aligned.sortedByCoord.out,0.12467980588350001,25,7,32,high
RI_chr5_26063161_16,RI,chr5,+,GENE_0016,26063161,26063162,26063805,26063710,sample_1_Aligned.sortedByCoord.out,0.36123938893052576,21,11,32,high
RI_chr5_26063161_16,RI,chr5,+,GENE_0016,26063161,26063162,26063805,26063710,sample_2_Aligned.sortedByCoord.out,0.47389684133958293,17,15,32,high
RI_chr5_26063161_16,RI,chr5,+,GENE_0016,26063161,26063162,26063805,26063710,sample_3_Aligned.sortedByCoord.out,0.3197982870537949,18,13,31,high
RI_chr5_26063161_16,RI,chr5,+,GENE_0016,26063161,26063162,26063805,26063710,sample_4_Aligned.sortedByCoord.out,0.7474108393178585,20,16,36,high
RI_chr5_26063161_16,RI,chr5,+,GENE_0016,26063161,26063162,26063805,26063710,sample_5_Aligned.sortedByCoord.out,0.12070221060983406,19,10,29,high
RI_chr5_26063161_16,RI,chr5,+,GENE_0016,26063161,26063162,26063805,26063710,sample_6_Aligned.sortedByCoord.out,0.22609593225896973,14,13,27,high
RI_chr12_19006039_17,RI,chr12,+,GENE_0017,19006039,19006040,19006275,19006505,sample_1_Aligned.sortedByCoord.out,0.49617325161142484,20,9,29,high
RI_chr12_19006039_17,RI,chr12,+,GENE_0017,19006039,19006040,19006275,19006505,sample_2_Aligned.sortedByCoord.out,0.33607439077413237,23,14,37,high
RI_chr12_19006039_17,RI,chr12,+,GENE_0017,19006039,19006040,19006275,19006505,sample_3_Aligned.sortedByCoord.out,0.2247032504077092,16,14,30,high
RI_chr12_19006039_17,RI,chr12,+,GENE_0017,19006039,19006040,19006275,19006505,sample_4_Aligned.sortedByCoord.out,0.5328624791645615,19,11,30,high
RI_chr12_19006039_17,RI,chr12,+,GENE_0017,19006039,19006040,19006275,19006505,sample_5_Aligned.sortedByCoord.out,0.8530265867011292,29,18,47,high
RI_chr12_19006039_17,RI,chr12,+,GENE_0017,19006039,19006040,19006275,19006505,sample_6_Aligned.sortedByCoord.out,0.28840087800905156,21,18,39,high
RI_chr17_34482442_18,RI,chr17,-,GENE_0018,34482442,34482443,34484282,34484273,sample_1_Aligned.sortedByCoord.out,0.3240426245673564,23,10,33,high
RI_chr17_34482442_18,RI,chr17,-,GENE_0018,34482442,34482443,34484282,34484273,sample_2_Aligned.sortedByCoord.out,0.5852438210499957,24,16,40,high
RI_chr17_34482442_18,RI,chr17,-,GENE_0018,34482442,34482443,34484282,34484273,sample_3_Aligned.sortedByCoord.out,0.6648142887633556,18,14,32,high
RI_chr17_34482442_18,RI,chr17,-,GENE_0018,34482442,34482443,34484282,34484273,sample_4_Aligned.sortedByCoord.out,0.7211923651878981,25,19,44,high
RI_chr17_34482442_18,RI,chr17,-,GENE_0018,34482442,34482443,34484282,34484273,sample_5_Aligned.sortedByCoord.out,0.2675212632753496,20,13,33,high
RI_chr17_34482442_18,RI,chr17,-,GENE_0018,34482442,34482443,34484282,34484273,sample_6_Aligned.sortedByCoord.out,0.8473840885409568,26,20,46,high
RI_chr4_26942372_19,RI,chr4,-,GENE_0019,26942372,26942373,26944321,26943405,sample_1_Aligned.sortedByCoord.out,0.8420983824553565,23,15,38,high
RI_chr4_26942372_19,RI,chr4,-,GENE_0019,26942372,26942373,26944321,26943405,sample_2_Aligned.sortedByCoord.out,0.22227591881546985,21,12,33,high
RI_chr4_26942372_19,RI,chr4,-,GENE_0019,26942372,26942373,26944321,26943405,sample_3_Aligned.sortedByCoord.out,0.2772756579990064,21,16,37,high
RI_chr4_26942372_19,RI,chr4,-,GENE_0019,26942372,26942373,26944321,26943405,sample_4_Aligned.sortedByCoord.out,0.8563875839511393,13,14,27,high
RI_chr4_26942372_19,RI,chr4,-,GENE_0019,26942372,26942373,26944321,26943405,sample_5_Aligned.sortedByCoord.out,0.104737776304398,19,15,34,high
RI_chr4_26942372_19,RI,chr4,-,GENE_0019,26942372,26942373,26944321,26943405,sample_6_Aligned.sortedByCoord.out,0.4126503450861734,20,8,28,high
RI_chr5_38590988_20,RI,chr5,-,GENE_0020,38590988,38590989,38592028,38592392,sample_1_Aligned.sortedByCoord.out,0.01126570373282761,26,14,40,high
RI_chr5_38590988_20,RI,chr5,-,GENE_0020,38590988,38590989,38592028,38592392,sample_2_Aligned.sortedByCoord.out,0.29809889682324847,26,12,38,high
RI_chr5_38590988_20,RI,chr5,-,GENE_0020,38590988,38590989,38592028,38592392,sample_3_Aligned.sortedByCoord.out,0.5102954335147435,20,8,28,high
RI_chr5_38590988_20,RI,chr5,-,GENE_0020,38590988,38590989,38592028,38592392,sample_4_Aligned.sortedByCoord.out,0.7005915159254975,20,22,42,high
RI_chr5_38590988_20,RI,chr5,-,GENE_0020,38590988,38590989,38592028,38592392,sample_5_Aligned.sortedByCoord.out,0.5414827404772847,15,11,26,high
RI_chr5_38590988_20,RI,chr5,-,GENE_0020,38590988,38590989,38592028,38592392,sample_6_Aligned.sortedByCoord.out,0.6984046614601838,23,21,44,high
RI_chr7_38635067_21,RI,chr7,+,GENE_0021,38635067,38635068,38636838,38636618,sample_1_Aligned.sortedByCoord.out,0.8517616179026942,18,12,30,high
RI_chr7_38635067_21,RI,chr7,+,GENE_0021,38635067,38635068,38636838,38636618,sample_2_Aligned.sortedByCoord.out,0.5873794624431203,20,16,36,high
RI_chr7_38635067_21,RI,chr7,+,GENE_0021,38635067,38635068,38636838,38636618,sample_3_Aligned.sortedByCoord.out,0.36578850025848403,21,19,40,high
RI_chr7_38635067_21,RI,chr7,+,GENE_0021,38635067,38635068,38636838,38636618,sample_4_Aligned.sortedByCoord.out,0.17343985248770136,13,18,31,high
RI_chr7_38635067_21,RI,chr7,+,GENE_0021,38635067,38635068,38636838,38636618,sample_5_Aligned.sortedByCoord.out,0.528577372647183,12,13,25,high
RI_chr7_38635067_21,RI,chr7,+,GENE_0021,38635067,38635068,38636838,38636618,sample_6_Aligned.sortedByCoord.out,0.4952415428634306,24,15,39,high
RI_chr5_17339622_22,RI,chr5,+,GENE_0022,17339622,17339623,17340679,17341049,sample_1_Aligned.sortedByCoord.out,0.22296147396315247,19,12,31,high
RI_chr5_17339622_22,RI,chr5,+,GENE_0022,17339622,17339623,17340679,17341049,sample_2_Aligned.sortedByCoord.out,0.4640095431717091,15,10,25,high
RI_chr5_17339622_22,RI,chr5,+,GENE_0022,17339622,17339623,17340679,17341049,sample_3_Aligned.sortedByCoord.out,0.15906671115103346,12,21,33,high
RI_chr5_17339622_22,RI,chr5,+,GENE_0022,17339622,17339623,17340679,17341049,sample_4_Aligned.sortedByCoord.out,0.2483960865594415,19,15,34,high
RI_chr5_17339622_22,RI,chr5,+,GENE_0022,17339622,17339623,17340679,17341049,sample_5_Aligned.sortedByCoord.out,0.654780825171584,28,18,46,high
RI_chr5_17339622_22,RI,chr5,+,GENE_0022,17339622,17339623,17340679,17341049,sample_6_Aligned.sortedByCoord.out,0.5101835344214244,20,17,37,high
RI_chr1_6167155_23,RI,chr1,-,GENE_0023,6167155,6167156,6168734,6167550,sample_1_Aligned.sortedByCoord.out,0.9624986644275831,15,16,31,high
RI_chr1_6167155_23,RI,chr1,-,GENE_0023,6167155,6167156,6168734,6167550,sample_2_Aligned.sortedByCoord.out,0.29848247699323194,22,10,32,high
RI_chr1_6167155_23,RI,chr1,-,GENE_0023,6167155,6167156,6168734,6167550,sample_3_Aligned.sortedByCoord.out,0.7842815457563991,18,19,37,high
RI_chr1_6167155_23,RI,chr1,-,GENE_0023,6167155,6167156,6168734,6167550,sample_4_Aligned.sortedByCoord.out,0.7937792734487831,20,14,34,high
RI_chr1_6167155_23,RI,chr1,-,GENE_0023,6167155,6167156,6168734,6167550,sample_5_Aligned.sortedByCoord.out,0.3771918200187658,22,11,33,high
RI_chr1_6167155_23,RI,chr1,-,GENE_0023,6167155,6167156,6168734,6167550,sample_6_Aligned.sortedByCoord.out,0.5303503614520134,16,11,27,high
RI_chr17_46673802_24,RI,chr17,+,GENE_0024,46673802,46673803,46675705,46675655,sample_1_Aligned.sortedByCoord.out,0.39059847289742206,25,9,34,high
RI_chr17_46673802_24,RI,chr17,+,GENE_0024,46673802,46673803,46675705,46675655,sample_2_Aligned.sortedByCoord.out,0.1443214831162109,18,15,33,high
RI_chr17_46673802_24,RI,chr17,+,GENE_0024,46673802,46673803,46675705,46675655,sample_3_Aligned.sortedByCoord.out,0.8263445260756195,25,21,46,high
RI_chr17_46673802_24,RI,chr17,+,GENE_0024,46673802,46673803,46675705,46675655,sample_4_Aligned.sortedByCoord.out,0.8847330366704149,7,19,26,high
RI_chr17_46673802_24,RI,chr17,+,GENE_0024,46673802,46673803,46675705,46675655,sample_5_Aligned.sortedByCoord.out,0.7315452432991124,19,17,36,high
RI_chr17_46673802_24,RI,chr17,+,GENE_0024,46673802,46673803,46675705,46675655,sample_6_Aligned.sortedByCoord.out,0.581029265671457,24,18,42,high
RI_chr4_7856453_25,RI,chr4,+,GENE_0025,7856453,7856454,7856714,7856983,sample_1_Aligned.sortedByCoord.out,0.8715915628873605,21,13,34,high
RI_chr4_7856453_25,RI,chr4,+,GENE_0025,7856453,7856454,7856714,7856983,sample_2_Aligned.sortedByCoord.out,0.7103893319009201,19,8,27,high
RI_chr4_7856453_25,RI,chr4,+,GENE_0025,7856453,7856454,7856714,7856983,sample_3_Aligned.sortedByCoord.out,0.4825904055130522,20,9,29,high
RI_chr4_7856453_25,RI,chr4,+,GENE_0025,7856453,7856454,7856714,7856983,sample_4_Aligned.sortedByCoord.out,0.03052084267960437,23,9,32,high
RI_chr4_7856453_25,RI,chr4,+,GENE_0025,7856453,7856454,7856714,7856983,sample_5_Aligned.sortedByCoord.out,0.16558825477464673,16,16,32,high
RI_chr4_7856453_25,RI,chr4,+,GENE_0025,7856453,7856454,7856714,7856983,sample_6_Aligned.sortedByCoord.out,0.8037647257834256,14,17,31,high
RI_chr13_15301594_26,RI,chr13,-,GENE_0026,15301594,15301595,15302783,15301940,sample_1_Aligned.sortedByCoord.out,0.36103765660243503,22,14,36,high
RI_chr13_15301594_26,RI,chr13,-,GENE_0026,15301594,15301595,15302783,15301940,sample_2_Aligned.sortedByCoord.out,0.19680089783719254,18,12,30,high
RI_chr13_15301594_26,RI,chr13,-,GENE_0026,15301594,15301595,15302783,15301940,sample_3_Aligned.sortedByCoord.out,0.5005300218480553,21,17,38,high
RI_chr13_15301594_26,RI,chr13,-,GENE_0026,15301594,15301595,15302783,15301940,sample_4_Aligned.sortedByCoord.out,0.3428761064556027,17,17,34,high
RI_chr13_15301594_26,RI,chr13,-,GENE_0026,15301594,15301595,15302783,15301940,sample_5_Aligned.sortedByCoord.out,0.2516636481854312,19,15,34,high
RI_chr13_15301594_26,RI,chr13,-,GENE_0026,15301594,15301595,15302783,15301940,sample_6_Aligned.sortedByCoord.out,0.2986936239012373,19,15,34,high
RI_chr12_20207698_27,RI,chr12,-,GENE_0027,20207698,20207699,20207933,20208155,sample_1_Aligned.sortedByCoord.out,0.6821843874454765,22,21,43,high
RI_chr12_20207698_27,RI,chr12,-,GENE_0027,20207698,20207699,20207933,20208155,sample_2_Aligned.sortedByCoord.out,0.06966929812576611,20,15,35,high
RI_chr12_20207698_27,RI,chr12,-,GENE_0027,20207698,20207699,20207933,20208155,sample_3_Aligned.sortedByCoord.out,0.3613665402880327,18,16,34,high
RI_chr12_20207698_27,RI,chr12,-,GENE_0027,20207698,20207699,20207933,20208155,sample_4_Aligned.sortedByCoord.out,0.6872137765225181,16,22,38,high
RI_chr12_20207698_27,RI,chr12,-,GENE_0027,20207698,20207699,20207933,20208155,sample_5_Aligned.sortedByCoord.out,0.42977668699813926,23,17,40,high
RI_chr12_20207698_27,RI,chr12,-,GENE_0027,20207698,20207699,20207933,20208155,sample_6_Aligned.sortedByCoord.out,0.4864507390559365,20,19,39,high
RI_chr8_34298376_28,RI,chr8,-,GENE_0028,34298376,34298377,34299275,34299033,sample_1_Aligned.sortedByCoord.out,0.5779350219699457,21,10,31,high
RI_chr8_34298376_28,RI,chr8,-,GENE_0028,34298376,34298377,34299275,34299033,sample_2_Aligned.sortedByCoord.out,0.07455106388783189,23,16,39,high
RI_chr8_34298376_28,RI,chr8,-,GENE_0028,34298376,34298377,34299275,34299033,sample_3_Aligned.sortedByCoord.out,0.8583719086673247,21,16,37,high
RI_chr8_34298376_28,RI,chr8,-,GENE_0028,34298376,34298377,34299275,34299033,sample_4_Aligned.sortedByCoord.out,0.5590254884739523,17,18,35,high
RI_chr8_34298376_28,RI,chr8,-,GENE_0028,34298376,34298377,34299275,34299033,sample_5_Aligned.sortedByCoord.out,0.9152394941506804,29,18,47,high
RI_chr8_34298376_28,RI,chr8,-,GENE_0028,34298376,34298377,34299275,34299033,sample_6_Aligned.sortedByCoord.out,0.27924668224088406,20,10,30,high
RI_chr7_7734919_29,RI,chr7,-,GENE_0029,7734919,7734920,7736274,7736090,sample_1_Aligned.sortedByCoord.out,0.5338889858217352,23,17,40,high
RI_chr7_7734919_29,RI,chr7,-,GENE_0029,7734919,7734920,7736274,7736090,sample_2_Aligned.sortedByCoord.out,0.22517006806449588,25,9,34,high
RI_chr7_7734919_29,RI,chr7,-,GENE_0029,7734919,7734920,7736274,7736090,sample_3_Aligned.sortedByCoord.out,0.5554383899474583,18,15,33,high
RI_chr7_7734919_29,RI,chr7,-,GENE_0029,7734919,7734920,7736274,7736090,sample_4_Aligned.sortedByCoord.out,0.5464151365898401,17,18,35,high
RI_chr7_7734919_29,RI,chr7,-,GENE_0029,7734919,7734920,7736274,7736090,sample_5_Aligned.sortedByCoord.out,0.7798897068259715,19,9,28,high
RI_chr7_7734919_29,RI,chr7,-,GENE_0029,7734919,7734920,7736274,7736090,sample_6_Aligned.sortedByCoord.out,0.3198187584737485,22,8,30,high
RI_chr8_48236111_30,RI,chr8,-,GENE_0030,48236111,48236112,48237623,48237375,sample_1_Aligned.sortedByCoord.out,0.436899144650641,24,18,42,high
RI_chr8_48236111_30,RI,chr8,-,GENE_0030,48236111,48236112,48237623,48237375,sample_2_Aligned.sortedByCoord.out,0.7213007683398206,18,16,34,high
RI_chr8_48236111_30,RI,chr8,-,GENE_0030,48236111,48236112,48237623,48237375,sample_3_Aligned.sortedByCoord.out,0.5629853427096702,17,17,34,high
RI_chr8_48236111_30,RI,chr8,-,GENE_0030,48236111,48236112,48237623,48237375,sample_4_Aligned.sortedByCoord.out,0.6741956448621695,19,19,38,high
RI_chr8_48236111_30,RI,chr8,-,GENE_0030,48236111,48236112,48237623,48237375,sample_5_Aligned.sortedByCoord.out,0.8067084350162909,16,13,29,high
RI_chr8_48236111_30,RI,chr8,-,GENE_0030,48236111,48236112,48237623,48237375,sample_6_Aligned.sortedByCoord.out,0.4105132678633619,17,12,29,high
RI_chr14_31502489_31,RI,chr14,+,GENE_0031,31502489,31502490,31502831,31503630,sample_1_Aligned.sortedByCoord.out,0.9039658200477314,13,15,28,high
RI_chr14_31502489_31,RI,chr14,+,GENE_0031,31502489,31502490,31502831,31503630,sample_2_Aligned.sortedByCoord.out,0.79684291659945,19,11,30,high
RI_chr14_31502489_31,RI,chr14,+,GENE_0031,31502489,31502490,31502831,31503630,sample_3_Aligned.sortedByCoord.out,0.7817494067104558,15,18,33,high
RI_chr14_31502489_31,RI,chr14,+,GENE_0031,31502489,31502490,31502831,31503630,sample_4_Aligned.sortedByCoord.out,0.24318576369999015,23,17,40,high
RI_chr14_31502489_31,RI,chr14,+,GENE_0031,31502489,31502490,31502831,31503630,sample_5_Aligned.sortedByCoord.out,0.43260032748998556,23,13,36,high
RI_chr14_31502489_31,RI,chr14,+,GENE_0031,31502489,31502490,31502831,31503630,sample_6_Aligned.sortedByCoord.out,0.5534280700214481,17,14,31,high
RI_chr13_42152367_32,RI,chr13,+,GENE_0032,42152367,42152368,42153011,42153209,sample_1_Aligned.sortedByCoord.out,0.1217876969259338,18,17,35,high
RI_chr13_42152367_32,RI,chr13,+,GENE_0032,42152367,42152368,42153011,42153209,sample_2_Aligned.sortedByCoord.out,0.7803578342255914,14,14,28,high
RI_chr13_42152367_32,RI,chr13,+,GENE_0032,42152367,42152368,42153011,42153209,sample_3_Aligned.sortedByCoord.out,0.6410182236733595,12,18,30,high
RI_chr13_42152367_32,RI,chr13,+,GENE_0032,42152367,42152368,42153011,42153209,sample_4_Aligned.sortedByCoord.out,0.9250637718110949,20,15,35,high
RI_chr13_42152367_32,RI,chr13,+,GENE_0032,42152367,42152368,42153011,42153209,sample_5_Aligned.sortedByCoord.out,0.24182826882743808,29,16,45,high
RI_chr13_42152367_32,RI,chr13,+,GENE_0032,42152367,42152368,42153011,42153209,sample_6_Aligned.sortedByCoord.out,0.2828696861318314,20,11,31,high
RI_chr7_5947388_33,RI,chr7,+,GENE_0033,5947388,5947389,5947536,5948219,sample_1_Aligned.sortedByCoord.out,0.896329697150123,20,14,34,high
RI_chr7_5947388_33,RI,chr7,+,GENE_0033,5947388,5947389,5947536,5948219,sample_2_Aligned.sortedByCoord.out,0.14166993813688258,23,13,36,high
RI_chr7_5947388_33,RI,chr7,+,GENE_0033,5947388,5947389,5947536,5948219,sample_3_Aligned.sortedByCoord.out,0.6881076371899365,17,12,29,high
RI_chr7_5947388_33,RI,chr7,+,GENE_0033,5947388,5947389,5947536,5948219,sample_4_Aligned.sortedByCoord.out,0.6769811171387415,26,17,43,high
RI_chr7_5947388_33,RI,chr7,+,GENE_0033,5947388,5947389,5947536,5948219,sample_5_Aligned.sortedByCoord.out,0.4510195106966783,21,17,38,high
RI_chr7_5947388_33,RI,chr7,+,GENE_0033,5947388,5947389,5947536,5948219,sample_6_Aligned.sortedByCoord.out,0.3768480048713658,21,14,35,high
RI_chr5_29279718_34,RI,chr5,-,GENE_0034,29279718,29279719,29281709,29281647,sample_1_Aligned.sortedByCoord.out,0.7413385784348618,21,13,34,high
RI_chr5_29279718_34,RI,chr5,-,GENE_0034,29279718,29279719,29281709,29281647,sample_2_Aligned.sortedByCoord.out,0.5415007476043582,27,12,39,high
RI_chr5_29279718_34,RI,chr5,-,GENE_0034,29279718,29279719,29281709,29281647,sample_3_Aligned.sortedByCoord.out,0.5764716376463842,24,16,40,high
RI_chr5_29279718_34,RI,chr5,-,GENE_0034,29279718,29279719,29281709,29281647,sample_4_Aligned.sortedByCoord.out,0.5003109933039327,19,18,37,high
RI_chr5_29279718_34,RI,chr5,-,GENE_0034,29279718,29279719,29281709,29281647,sample_5_Aligned.sortedByCoord.out,0.878188494211046,17,13,30,high
RI_chr5_29279718_34,RI,chr5,-,GENE_0034,29279718,29279719,29281709,29281647,sample_6_Aligned.sortedByCoord.out,0.6350805937417898,25,9,34,high
RI_chr22_34664961_35,RI,chr22,+,GENE_0035,34664961,34664962,34666685,34666035,sample_1_Aligned.sortedByCoord.out,0.6396189280540915,22,13,35,high
RI_chr22_34664961_35,RI,chr22,+,GENE_0035,34664961,34664962,34666685,34666035,sample_2_Aligned.sortedByCoord.out,0.26668314093562234,13,15,28,high
RI_chr22_34664961_35,RI,chr22,+,GENE_0035,34664961,34664962,34666685,34666035,sample_3_Aligned.sortedByCoord.out,0.12537874032074087,18,13,31,high
RI_chr22_34664961_35,RI,chr22,+,GENE_0035,34664961,34664962,34666685,34666035,sample_4_Aligned.sortedByCoord.out,0.15085937478949515,17,6,23,high
RI_chr22_34664961_35,RI,chr22,+,GENE_0035,34664961,34664962,34666685,34666035,sample_5_Aligned.sortedByCoord.out,0.17079696017427914,25,15,40,high
RI_chr22_34664961_35,RI,chr22,+,GENE_0035,34664961,34664962,34666685,34666035,sample_6_Aligned.sortedByCoord.out,0.9181336977875068,15,17,32,high
RI_chr20_1901443_36,RI,chr20,-,GENE_0036,1901443,1901444,1902515,1901813,sample_1_Aligned.sortedByCoord.out,0.14073852776382414,14,7,21,high
RI_chr20_1901443_36,RI,chr20,-,GENE_0036,1901443,1901444,1902515,1901813,sample_2_Aligned.sortedByCoord.out,0.2749175317698411,20,13,33,high
RI_chr20_1901443_36,RI,chr20,-,GENE_0036,1901443,1901444,1902515,1901813,sample_3_Aligned.sortedByCoord.out,0.6334032363927299,21,18,39,high
RI_chr20_1901443_36,RI,chr20,-,GENE_0036,1901443,1901444,1902515,1901813,sample_4_Aligned.sortedByCoord.out,0.5538781179165437,20,10,30,high
RI_chr20_1901443_36,RI,chr20,-,GENE_0036,1901443,1901444,1902515,1901813,sample_5_Aligned.sortedByCoord.out,0.46061523859602593,23,10,33,high
RI_chr20_1901443_36,RI,chr20,-,GENE_0036,1901443,1901444,1902515,1901813,sample_6_Aligned.sortedByCoord.out,0.4464711957718293,19,16,35,high
RI_chr18_11118607_37,RI,chr18,+,GENE_0037,11118607,11118608,11119586,11119628,sample_1_Aligned.sortedByCoord.out,0.3499850387165081,19,19,38,high
RI_chr18_11118607_37,RI,chr18,+,GENE_0037,11118607,11118608,11119586,11119628,sample_2_Aligned.sortedByCoord.out,0.5495964941521546,18,7,25,high
RI_chr18_11118607_37,RI,chr18,+,GENE_0037,11118607,11118608,11119586,11119628,sample_3_Aligned.sortedByCoord.out,0.8955506405396253,18,14,32,high
RI_chr18_11118607_37,RI,chr18,+,GENE_0037,11118607,11118608,11119586,11119628,sample_4_Aligned.sortedByCoord.out,0.6230196009569057,25,15,40,high
RI_chr18_11118607_37,RI,chr18,+,GENE_0037,11118607,11118608,11119586,11119628,sample_5_Aligned.sortedByCoord.out,0.8249662103241666,25,12,37,high
RI_chr18_11118607_37,RI,chr18,+,GENE_0037,11118607,11118608,11119586,11119628,sample_6_Aligned.sortedByCoord.out,0.10650715913207368,18,17,35,high
RI_chr14_2578153_38,RI,chr14,+,GENE_0038,2578153,2578154,2579346,2578953,sample_1_Aligned.sortedByCoord.out,0.8703696856230293,16,15,31,high
RI_chr14_2578153_38,RI,chr14,+,GENE_0038,2578153,2578154,2579346,2578953,sample_2_Aligned.sortedByCoord.out,0.22764575312090432,22,14,36,high
RI_chr14_2578153_38,RI,chr14,+,GENE_0038,2578153,2578154,2579346,2578953,sample_3_Aligned.sortedByCoord.out,0.26801120687689894,28,11,39,high
RI_chr14_2578153_38,RI,chr14,+,GENE_0038,2578153,2578154,2579346,2578953,sample_4_Aligned.sortedByCoord.out,0.5264146926153761,21,17,38,high
RI_chr14_2578153_38,RI,chr14,+,GENE_0038,2578153,2578154,2579346,2578953,sample_5_Aligned.sortedByCoord.out,0.26161324454481655,17,21,38,high
RI_chr14_2578153_38,RI,chr14,+,GENE_0038,2578153,2578154,2579346,2578953,sample_6_Aligned.sortedByCoord.out,0.4965459845989437,12,11,23,high
RI_chr2_45683356_39,RI,chr2,+,GENE_0039,45683356,45683357,45683639,45684166,sample_1_Aligned.sortedByCoord.out,0.685983821713681,21,18,39,high
RI_chr2_45683356_39,RI,chr2,+,GENE_0039,45683356,45683357,45683639,45684166,sample_2_Aligned.sortedByCoord.out,0.3688412773778561,18,14,32,high
RI_chr2_45683356_39,RI,chr2,+,GENE_0039,45683356,45683357,45683639,45684166,sample_3_Aligned.sortedByCoord.out,0.4173191404344517,22,19,41,high
RI_chr2_45683356_39,RI,chr2,+,GENE_0039,45683356,45683357,45683639,45684166,sample_4_Aligned.sortedByCoord.out,0.311627075678523,18,13,31,high
RI_chr2_45683356_39,RI,chr2,+,GENE_0039,45683356,45683357,45683639,45684166,sample_5_Aligned.sortedByCoord.out,0.806711661671787,15,9,24,high
RI_chr2_45683356_39,RI,chr2,+,GENE_0039,45683356,45683357,45683639,45684166,sample_6_Aligned.sortedByCoord.out,0.2757580143926833,13,18,31,high
RI_chr1_5111148_40,RI,chr1,-,GENE_0040,5111148,5111149,5113078,5112947,sample_1_Aligned.sortedByCoord.out,0.648132603971202,22,15,37,high
RI_chr1_5111148_40,RI,chr1,-,GENE_0040,5111148,5111149,5113078,5112947,sample_2_Aligned.sortedByCoord.out,0.8111083620283904,19,21,40,high
RI_chr1_5111148_40,RI,chr1,-,GENE_0040,5111148,5111149,5113078,5112947,sample_3_Aligned.sortedByCoord.out,0.7018252549878019,22,11,33,high
RI_chr1_5111148_40,RI,chr1,-,GENE_0040,5111148,5111149,5113078,5112947,sample_4_Aligned.sortedByCoord.out,0.4329683975852264,19,15,34,high
RI_chr1_5111148_40,RI,chr1,-,GENE_0040,5111148,5111149,5113078,5112947,sample_5_Aligned.sortedByCoord.out,0.44137290195439255,16,15,31,high
RI_chr1_5111148_40,RI,chr1,-,GENE_0040,5111148,5111149,5113078,5112947,sample_6_Aligned.sortedByCoord.out,0.41652023020227574,18,15,33,high
RI_chr6_8534775_41,RI,chr6,-,GENE_0041,8534775,8534776,8536621,8536653,sample_1_Aligned.sortedByCoord.out,0.5730609994392445,22,14,36,high
RI_chr6_8534775_41,RI,chr6,-,GENE_0041,8534775,8534776,8536621,8536653,sample_2_Aligned.sortedByCoord.out,0.5546518722458891,23,15,38,high
RI_chr6_8534775_41,RI,chr6,-,GENE_0041,8534775,8534776,8536621,8536653,sample_3_Aligned.sortedByCoord.out,0.7617634458611071,17,15,32,high
RI_chr6_8534775_41,RI,chr6,-,GENE_0041,8534775,8534776,8536621,8536653,sample_4_Aligned.sortedByCoord.out,0.5627877110338789,30,8,38,high
RI_chr6_8534775_41,RI,chr6,-,GENE_0041,8534775,8534776,8536621,8536653,sample_5_Aligned.sortedByCoord.out,0.12522968572878723,29,10,39,high
RI_chr6_8534775_41,RI,chr6,-,GENE_0041,8534775,8534776,8536621,8536653,sample_6_Aligned.sortedByCoord.out,0.6653864008236384,17,20,37,high
RI_chr6_31453085_42,RI,chr6,+,GENE_0042,31453085,31453086,31453918,31454718,sample_1_Aligned.sortedByCoord.out,0.4767659776626158,17,15,32,high
RI_chr6_31453085_42,RI,chr6,+,GENE_0042,31453085,31453086,31453918,31454718,sample_2_Aligned.sortedByCoord.out,0.3827480047653925,23,14,37,high
RI_chr6_31453085_42,RI,chr6,+,GENE_0042,31453085,31453086,31453918,31454718,sample_3_Aligned.sortedByCoord.out,0.33088328273100576,19,15,34,high
RI_chr6_31453085_42,RI,chr6,+,GENE_0042,31453085,31453086,31453918,31454718,sample_4_Aligned.sortedByCoord.out,0.7234134725141435,22,16,38,high
RI_chr6_31453085_42,RI,chr6,+,GENE_0042,31453085,31453086,31453918,31454718,sample_5_Aligned.sortedByCoord.out,0.386107984062302,24,13,37,high
RI_chr6_31453085_42,RI,chr6,+,GENE_0042,31453085,31453086,31453918,31454718,sample_6_Aligned.sortedByCoord.out,0.19431012317323496,20,14,34,high
RI_chr1_34578486_43,RI,chr1,+,GENE_0043,34578486,34578487,34579172,34579798,sample_1_Aligned.sortedByCoord.out,0.5835613667672334,22,15,37,high
RI_chr1_34578486_43,RI,chr1,+,GENE_0043,34578486,34578487,34579172,34579798,sample_2_Aligned.sortedByCoord.out,0.8881646489081462,16,14,30,high
RI_chr1_34578486_43,RI,chr1,+,GENE_0043,34578486,34578487,34579172,34579798,sample_3_Aligned.sortedByCoord.out,0.3490813427713186,23,11,34,high
RI_chr1_34578486_43,RI,chr1,+,GENE_0043,34578486,34578487,34579172,34579798,sample_4_Aligned.sortedByCoord.out,0.36960077010057996,14,18,32,high
RI_chr1_34578486_43,RI,chr1,+,GENE_0043,34578486,34578487,34579172,34579798,sample_5_Aligned.sortedByCoord.out,0.0831894462216431,12,14,26,high
RI_chr1_34578486_43,RI,chr1,+,GENE_0043,34578486,34578487,34579172,34579798,sample_6_Aligned.sortedByCoord.out,0.3456699155098921,24,10,34,high
RI_chr4_35130272_44,RI,chr4,-,GENE_0044,35130272,35130273,35130723,35131540,sample_1_Aligned.sortedByCoord.out,0.5279848496241669,27,8,35,high
RI_chr4_35130272_44,RI,chr4,-,GENE_0044,35130272,35130273,35130723,35131540,sample_2_Aligned.sortedByCoord.out,0.3736514215243263,17,11,28,high
RI_chr4_35130272_44,RI,chr4,-,GENE_0044,35130272,35130273,35130723,35131540,sample_3_Aligned.sortedByCoord.out,0.3752502336412709,25,14,39,high
RI_chr4_35130272_44,RI,chr4,-,GENE_0044,35130272,35130273,35130723,35131540,sample_4_Aligned.sortedByCoord.out,0.2527747586023856,16,15,31,high
RI_chr4_35130272_44,RI,chr4,-,GENE_0044,35130272,35130273,35130723,35131540,sample_5_Aligned.sortedByCoord.out,0.5091951578995524,16,13,29,high
RI_chr4_35130272_44,RI,chr4,-,GENE_0044,35130272,35130273,35130723,35131540,sample_6_Aligned.sortedByCoord.out,0.760539969852984,21,13,34,high
RI_chr1_24925178_45,RI,chr1,-,GENE_0045,24925178,24925179,24926827,24926201,sample_1_Aligned.sortedByCoord.out,0.41820706224284127,14,15,29,high
RI_chr1_24925178_45,RI,chr1,-,GENE_0045,24925178,24925179,24926827,24926201,sample_2_Aligned.sortedByCoord.out,0.44803863270268296,23,13,36,high
RI_chr1_24925178_45,RI,chr1,-,GENE_0045,24925178,24925179,24926827,24926201,sample_3_Aligned.sortedByCoord.out,0.08684603850211658,10,13,23,high
RI_chr1_24925178_45,RI,chr1,-,GENE_0045,24925178,24925179,24926827,24926201,sample_4_Aligned.sortedByCoord.out,0.20214027858866332,21,9,30,high
RI_chr1_24925178_45,RI,chr1,-,GENE_0045,24925178,24925179,24926827,24926201,sample_5_Aligned.sortedByCoord.out,0.20790964543652202,24,14,38,high
RI_chr1_24925178_45,RI,chr1,-,GENE_0045,24925178,24925179,24926827,24926201,sample_6_Aligned.sortedByCoord.out,0.3224317872597938,22,6,28,high
RI_chr22_25839659_46,RI,chr22,+,GENE_0046,25839659,25839660,25840396,25840472,sample_1_Aligned.sortedByCoord.out,0.5420743136768197,18,10,28,high
RI_chr22_25839659_46,RI,chr22,+,GENE_0046,25839659,25839660,25840396,25840472,sample_2_Aligned.sortedByCoord.out,0.33955195147846656,22,18,40,high
RI_chr22_25839659_46,RI,chr22,+,GENE_0046,25839659,25839660,25840396,25840472,sample_3_Aligned.sortedByCoord.out,0.1288834372089563,27,15,42,high
RI_chr22_25839659_46,RI,chr22,+,GENE_0046,25839659,25839660,25840396,25840472,sample_4_Aligned.sortedByCoord.out,0.13509364791593523,20,15,35,high
RI_chr22_25839659_46,RI,chr22,+,GENE_0046,25839659,25839660,25840396,25840472,sample_5_Aligned.sortedByCoord.out,0.6711574927141034,15,17,32,high
RI_chr22_25839659_46,RI,chr22,+,GENE_0046,25839659,25839660,25840396,25840472,sample_6_Aligned.sortedByCoord.out,0.30338370412339893,16,19,35,high
RI_chr18_25926947_47,RI,chr18,-,GENE_0047,25926947,25926948,25927716,25928237,sample_1_Aligned.sortedByCoord.out,0.35369411163922426,19,25,44,high
RI_chr18_25926947_47,RI,chr18,-,GENE_0047,25926947,25926948,25927716,25928237,sample_2_Aligned.sortedByCoord.out,0.5542826185518773,22,24,46,high
RI_chr18_25926947_47,RI,chr18,-,GENE_0047,25926947,25926948,25927716,25928237,sample_3_Aligned.sortedByCoord.out,0.8901166738288965,20,12,32,high
RI_chr18_25926947_47,RI,chr18,-,GENE_0047,25926947,25926948,25927716,25928237,sample_4_Aligned.sortedByCoord.out,0.5853464139709357,18,9,27,high
RI_chr18_25926947_47,RI,chr18,-,GENE_0047,25926947,25926948,25927716,25928237,sample_5_Aligned.sortedByCoord.out,0.5766928045530223,12,15,27,high
RI_chr18_25926947_47,RI,chr18,-,GENE_0047,25926947,25926948,25927716,25928237,sample_6_Aligned.sortedByCoord.out,0.5582687032453206,23,13,36,high
RI_chr22_44526788_48,RI,chr22,-,GENE_0048,44526788,44526789,44527122,44528670,sample_1_Aligned.sortedByCoord.out,0.28388638091998963,21,15,36,high
RI_chr22_44526788_48,RI,chr22,-,GENE_0048,44526788,44526789,44527122,44528670,sample_2_Aligned.sortedByCoord.out,0.7474827901431729,14,18,32,high
RI_chr22_44526788_48,RI,chr22,-,GENE_0048,44526788,44526789,44527122,44528670,sample_3_Aligned.sortedByCoord.out,0.958908988591897,9,15,24,high
RI_chr22_44526788_48,RI,chr22,-,GENE_0048,44526788,44526789,44527122,44528670,sample_4_Aligned.sortedByCoord.out,0.053903336203225835,21,13,34,high
RI_chr22_44526788_48,RI,chr22,-,GENE_0048,44526788,44526789,44527122,44528670,sample_5_Aligned.sortedByCoord.out,0.473072337254911,23,21,44,high
RI_chr22_44526788_48,RI,chr22,-,GENE_0048,44526788,44526789,44527122,44528670,sample_6_Aligned.sortedByCoord.out,0.08942430446754686,23,19,42,high
RI_chr19_40693529_49,RI,chr19,-,GENE_0049,40693529,40693530,40694260,40694362,sample_1_Aligned.sortedByCoord.out,0.7686715506517316,21,11,32,high
RI_chr19_40693529_49,RI,chr19,-,GENE_0049,40693529,40693530,40694260,40694362,sample_2_Aligned.sortedByCoord.out,0.23551113760177253,19,15,34,high
RI_chr19_40693529_49,RI,chr19,-,GENE_0049,40693529,40693530,40694260,40694362,sample_3_Aligned.sortedByCoord.out,0.5085718299306186,12,11,23,high
RI_chr19_40693529_49,RI,chr19,-,GENE_0049,40693529,40693530,40694260,40694362,sample_4_Aligned.sortedByCoord.out,0.7266199311113358,18,19,37,high
RI_chr19_40693529_49,RI,chr19,-,GENE_0049,40693529,40693530,40694260,40694362,sample_5_Aligned.sortedByCoord.out,0.461248158320204,19,10,29,high
RI_chr19_40693529_49,RI,chr19,-,GENE_0049,40693529,40693530,40694260,40694362,sample_6_Aligned.sortedByCoord.out,0.6490828040407498,26,16,42,high
RI_chr5_43611585_50,RI,chr5,-,GENE_0050,43611585,43611586,43612338,43612400,sample_1_Aligned.sortedByCoord.out,0.3233050010466719,20,10,30,high
RI_chr5_43611585_50,RI,chr5,-,GENE_0050,43611585,43611586,43612338,43612400,sample_2_Aligned.sortedByCoord.out,0.4268554187544153,25,25,50,high
RI_chr5_43611585_50,RI,chr5,-,GENE_0050,43611585,43611586,43612338,43612400,sample_3_Aligned.sortedByCoord.out,0.6826251124484222,13,17,30,high
RI_chr5_43611585_50,RI,chr5,-,GENE_0050,43611585,43611586,43612338,43612400,sample_4_Aligned.sortedByCoord.out,0.2749622485541219,23,9,32,high
RI_chr5_43611585_50,RI,chr5,-,GENE_0050,43611585,43611586,43612338,43612400,sample_5_Aligned.sortedByCoord.out,0.6983937633069,20,15,35,high
RI_chr5_43611585_50,RI,chr5,-,GENE_0050,43611585,43611586,43612338,43612400,sample_6_Aligned.sortedByCoord.out,0.46835185049927464,18,17,35,high
RI_chr15_45564811_51,RI,chr15,-,GENE_0051,45564811,45564812,45565289,45565748,sample_1_Aligned.sortedByCoord.out,0.7842779517067658,21,23,44,high
RI_chr15_45564811_51,RI,chr15,-,GENE_0051,45564811,45564812,45565289,45565748,sample_2_Aligned.sortedByCoord.out,0.813604850487345,26,15,41,high
RI_chr15_45564811_51,RI,chr15,-,GENE_0051,45564811,45564812,45565289,45565748,sample_3_Aligned.sortedByCoord.out,0.2060220644932287,15,18,33,high
RI_chr15_45564811_51,RI,chr15,-,GENE_0051,45564811,45564812,45565289,45565748,sample_4_Aligned.sortedByCoord.out,0.9608547288987034,16,18,34,high
RI_chr15_45564811_51,RI,chr15,-,GENE_0051,45564811,45564812,45565289,45565748,sample_5_Aligned.sortedByCoord.out,0.31852794240397597,14,17,31,high
RI_chr15_45564811_51,RI,chr15,-,GENE_0051,45564811,45564812,45565289,45565748,sample_6_Aligned.sortedByCoord.out,0.5889346847220942,13,12,25,high
RI_chr1_6779747_52,RI,chr1,-,GENE_0052,6779747,6779748,6780114,6780379,sample_1_Aligned.sortedByCoord.out,0.15747694857052685,20,15,35,high
RI_chr1_6779747_52,RI,chr1,-,GENE_0052,6779747,6779748,6780114,6780379,sample_2_Aligned.sortedByCoord.out,0.10120610671511929,20,16,36,high
RI_chr1_6779747_52,RI,chr1,-,GENE_0052,6779747,6779748,6780114,6780379,sample_3_Aligned.sortedByCoord.out,0.6606344040834825,28,10,38,high
RI_chr1_6779747_52,RI,chr1,-,GENE_0052,6779747,6779748,6780114,6780379,sample_4_Aligned.sortedByCoord.out,0.40464950580995007,22,16,38,high
RI_chr1_6779747_52,RI,chr1,-,GENE_0052,6779747,6779748,6780114,6780379,sample_5_Aligned.sortedByCoord.out,0.4783371071196819,19,17,36,high
RI_chr1_6779747_52,RI,chr1,-,GENE_0052,6779747,6779748,6780114,6780379,sample_6_Aligned.sortedByCoord.out,0.1616852907807399,19,17,36,high
RI_chr22_34076392_53,RI,chr22,-,GENE_0053,34076392,34076393,34077686,34077310,sample_1_Aligned.sortedByCoord.out,0.9503428252943756,23,11,34,high
RI_chr22_34076392_53,RI,chr22,-,GENE_0053,34076392,34076393,34077686,34077310,sample_2_Aligned.sortedByCoord.out,0.9602449411931351,15,18,33,high
RI_chr22_34076392_53,RI,chr22,-,GENE_0053,34076392,34076393,34077686,34077310,sample_3_Aligned.sortedByCoord.out,0.32318810803574366,13,15,28,high
RI_chr22_34076392_53,RI,chr22,-,GENE_0053,34076392,34076393,34077686,34077310,sample_4_Aligned.sortedByCoord.out,0.37651073558374887,15,18,33,high
RI_chr22_34076392_53,RI,chr22,-,GENE_0053,34076392,34076393,34077686,34077310,sample_5_Aligned.sortedByCoord.out,0.6635166256664845,28,12,40,high
RI_chr22_34076392_53,RI,chr22,-,GENE_0053,34076392,34076393,34077686,34077310,sample_6_Aligned.sortedByCoord.out,0.8168855082986864,14,13,27,high
RI_chr5_24702687_54,RI,chr5,+,GENE_0054,24702687,24702688,24704578,24702906,sample_1_Aligned.sortedByCoord.out,0.8653067648048279,21,17,38,high
RI_chr5_24702687_54,RI,chr5,+,GENE_0054,24702687,24702688,24704578,24702906,sample_2_Aligned.sortedByCoord.out,0.3790555675548041,15,14,29,high
RI_chr5_24702687_54,RI,chr5,+,GENE_0054,24702687,24702688,24704578,24702906,sample_3_Aligned.sortedByCoord.out,0.2523984861120514,18,16,34,high
RI_chr5_24702687_54,RI,chr5,+,GENE_0054,24702687,24702688,24704578,24702906,sample_4_Aligned.sortedByCoord.out,0.6232311964265101,24,19,43,high
RI_chr5_24702687_54,RI,chr5,+,GENE_0054,24702687,24702688,24704578,24702906,sample_5_Aligned.sortedByCoord.out,0.6533445945573088,15,21,36,high
RI_chr5_24702687_54,RI,chr5,+,GENE_0054,24702687,24702688,24704578,24702906,sample_6_Aligned.sortedByCoord.out,0.41191251306428245,16,17,33,high
RI_chr2_34051538_55,RI,chr2,+,GENE_0055,34051538,34051539,34052619,34053200,sample_1_Aligned.sortedByCoord.out,0.15525347419631316,18,16,34,high
RI_chr2_34051538_55,RI,chr2,+,GENE_0055,34051538,34051539,34052619,34053200,sample_2_Aligned.sortedByCoord.out,0.7841273346522417,26,12,38,high
RI_chr2_34051538_55,RI,chr2,+,GENE_0055,34051538,34051539,34052619,34053200,sample_3_Aligned.sortedByCoord.out,0.3736327914663396,20,17,37,high
RI_chr2_34051538_55,RI,chr2,+,GENE_0055,34051538,34051539,34052619,34053200,sample_4_Aligned.sortedByCoord.out,0.707084921696127,21,7,28,high
RI_chr2_34051538_55,RI,chr2,+,GENE_0055,34051538,34051539,34052619,34053200,sample_5_Aligned.sortedByCoord.out,0.09412232261622593,24,8,32,high
RI_chr2_34051538_55,RI,chr2,+,GENE_0055,34051538,34051539,34052619,34053200,sample_6_Aligned.sortedByCoord.out,0.49685840941200005,21,16,37,high
RI_chr14_17288497_56,RI,chr14,+,GENE_0056,17288497,17288498,17290143,17288923,sample_1_Aligned.sortedByCoord.out,0.5476127971394548,29,16,45,high
RI_chr14_17288497_56,RI,chr14,+,GENE_0056,17288497,17288498,17290143,17288923,sample_2_Aligned.sortedByCoord.out,0.398035673807313,21,14,35,high
RI_chr14_17288497_56,RI,chr14,+,GENE_0056,17288497,17288498,17290143,17288923,sample_3_Aligned.sortedByCoord.out,0.6382844570831718,17,14,31,high
RI_chr14_17288497_56,RI,chr14,+,GENE_0056,17288497,17288498,17290143,17288923,sample_4_Aligned.sortedByCoord.out,0.8140546205858401,16,20,36,high
RI_chr14_17288497_56,RI,chr14,+,GENE_0056,17288497,17288498,17290143,17288923,sample_5_Aligned.sortedByCoord.out,0.9251201592204615,15,14,29,high
RI_chr14_17288497_56,RI,chr14,+,GENE_0056,17288497,17288498,17290143,17288923,sample_6_Aligned.sortedByCoord.out,0.5135344122899353,21,13,34,high
RI_chr20_45258717_57,RI,chr20,+,GENE_0057,45258717,45258718,45259351,45258848,sample_1_Aligned.sortedByCoord.out,0.7939695978655404,21,17,38,high
RI_chr20_45258717_57,RI,chr20,+,GENE_0057,45258717,45258718,45259351,45258848,sample_2_Aligned.sortedByCoord.out,0.30043349127451124,15,16,31,high
RI_chr20_45258717_57,RI,chr20,+,GENE_0057,45258717,45258718,45259351,45258848,sample_3_Aligned.sortedByCoord.out,0.059254784796101134,18,18,36,high
RI_chr20_45258717_57,RI,chr20,+,GENE_0057,45258717,45258718,45259351,45258848,sample_4_Aligned.sortedByCoord.out,0.5309363926488945,22,12,34,high
RI_chr20_45258717_57,RI,chr20,+,GENE_0057,45258717,45258718,45259351,45258848,sample_5_Aligned.sortedByCoord.out,0.7656153259772716,20,15,35,high
RI_chr20_45258717_57,RI,chr20,+,GENE_0057,45258717,45258718,45259351,45258848,sample_6_Aligned.sortedByCoord.out,0.302631284559856,21,14,35,high
RI_chr17_5868121_58,RI,chr17,-,GENE_0058,5868121,5868122,5868554,5869121,sample_1_Aligned.sortedByCoord.out,0.2977128109957549,14,15,29,high
RI_chr17_5868121_58,RI,chr17,-,GENE_0058,5868121,5868122,5868554,5869121,sample_2_Aligned.sortedByCoord.out,0.5698242820823092,20,16,36,high
RI_chr17_5868121_58,RI,chr17,-,GENE_0058,5868121,5868122,5868554,5869121,sample_3_Aligned.sortedByCoord.out,0.7649066538573477,18,17,35,high
RI_chr17_5868121_58,RI,chr17,-,GENE_0058,5868121,5868122,5868554,5869121,sample_4_Aligned.sortedByCoord.out,0.31114210582797097,29,9,38,high
RI_chr17_5868121_58,RI,chr17,-,GENE_0058,5868121,5868122,5868554,5869121,sample_5_Aligned.sortedByCoord.out,0.7018667773630893,23,16,39,high
RI_chr17_5868121_58,RI,chr17,-,GENE_0058,5868121,5868122,5868554,5869121,sample_6_Aligned.sortedByCoord.out,0.3268097239551588,22,12,34,high
RI_chr21_45132586_59,RI,chr21,-,GENE_0059,45132586,45132587,45133172,45133657,sample_1_Aligned.sortedByCoord.out,0.8098544852641681,12,20,32,high
RI_chr21_45132586_59,RI,chr21,-,GENE_0059,45132586,45132587,45133172,45133657,sample_2_Aligned.sortedByCoord.out,0.5491015340132573,11,15,26,high
RI_chr21_45132586_59,RI,chr21,-,GENE_0059,45132586,45132587,45133172,45133657,sample_3_Aligned.sortedByCoord.out,0.175154954597458,25,9,34,high
RI_chr21_45132586_59,RI,chr21,-,GENE_0059,45132586,45132587,45133172,45133657,sample_4_Aligned.sortedByCoord.out,0.4450755494126487,25,16,41,high
RI_chr21_45132586_59,RI,chr21,-,GENE_0059,45132586,45132587,45133172,45133657,sample_5_Aligned.sortedByCoord.out,0.5746225647255594,22,24,46,high
RI_chr21_45132586_59,RI,chr21,-,GENE_0059,45132586,45132587,45133172,45133657,sample_6_Aligned.sortedByCoord.out,0.03427981652125119,17,11,28,high
RI_chr4_15405605_60,RI,chr4,-,GENE_0060,15405605,15405606,15407055,15406132,sample_1_Aligned.sortedByCoord.out,0.3276963333417477,14,10,24,high
RI_chr4_15405605_60,RI,chr4,-,GENE_0060,15405605,15405606,15407055,15406132,sample_2_Aligned.sortedByCoord.out,0.19789624338431513,20,18,38,high
RI_chr4_15405605_60,RI,chr4,-,GENE_0060,15405605,15405606,15407055,15406132,sample_3_Aligned.sortedByCoord.out,0.9464636081159858,24,27,51,high
RI_chr4_15405605_60,RI,chr4,-,GENE_0060,15405605,15405606,15407055,15406132,sample_4_Aligned.sortedByCoord.out,0.3065734065502262,19,20,39,high
RI_chr4_15405605_60,RI,chr4,-,GENE_0060,15405605,15405606,15407055,15406132,sample_5_Aligned.sortedByCoord.out,0.3730810202291107,23,16,39,high
RI_chr4_15405605_60,RI,chr4,-,GENE_0060,15405605,15405606,15407055,15406132,sample_6_Aligned.sortedByCoord.out,0.8966876829088035,23,12,35,high
RI_chr22_23646099_61,RI,chr22,+,GENE_0061,23646099,23646100,23647075,23647379,sample_1_Aligned.sortedByCoord.out,0.20432549795662922,20,17,37,high
RI_chr22_23646099_61,RI,chr22,+,GENE_0061,23646099,23646100,23647075,23647379,sample_2_Aligned.sortedByCoord.out,0.539257948647538,24,20,44,high
RI_chr22_23646099_61,RI,chr22,+,GENE_0061,23646099,23646100,23647075,23647379,sample_3_Aligned.sortedByCoord.out,0.9094613219208881,18,21,39,high
RI_chr22_23646099_61,RI,chr22,+,GENE_0061,23646099,23646100,23647075,23647379,sample_4_Aligned.sortedByCoord.out,0.5330955509788893,18,12,30,high
RI_chr22_23646099_61,RI,chr22,+,GENE_0061,23646099,23646100,23647075,23647379,sample_5_Aligned.sortedByCoord.out,0.6423551977973941,14,16,30,high
RI_chr22_23646099_61,RI,chr22,+,GENE_0061,23646099,23646100,23647075,23647379,sample_6_Aligned.sortedByCoord.out,0.36490502137681985,21,14,35,high
RI_chr8_47705802_62,RI,chr8,+,GENE_0062,47705802,47705803,47706746,47706665,sample_1_Aligned.sortedByCoord.out,0.41241718086638784,14,21,35,high
RI_chr8_47705802_62,RI,chr8,+,GENE_0062,47705802,47705803,47706746,47706665,sample_2_Aligned.sortedByCoord.out,0.3589479753805405,25,8,33,high
RI_chr8_47705802_62,RI,chr8,+,GENE_0062,47705802,47705803,47706746,47706665,sample_3_Aligned.sortedByCoord.out,0.6321922097061314,15,6,21,high
RI_chr8_47705802_62,RI,chr8,+,GENE_0062,47705802,47705803,47706746,47706665,sample_4_Aligned.sortedByCoord.out,0.994286799449036,21,21,42,high
RI_chr8_47705802_62,RI,chr8,+,GENE_0062,47705802,47705803,47706746,47706665,sample_5_Aligned.sortedByCoord.out,0.8889922959925335,18,15,33,high
RI_chr8_47705802_62,RI,chr8,+,GENE_0062,47705802,47705803,47706746,47706665,sample_6_Aligned.sortedByCoord.out,0.23316500882320165,29,14,43,high
RI_chr17_49274215_63,RI,chr17,-,GENE_0063,49274215,49274216,49275331,49275065,sample_1_Aligned.sortedByCoord.out,0.09697218548819125,20,12,32,high
RI_chr17_49274215_63,RI,chr17,-,GENE_0063,49274215,49274216,49275331,49275065,sample_2_Aligned.sortedByCoord.out,0.796137894620534,22,12,34,high
RI_chr17_49274215_63,RI,chr17,-,GENE_0063,49274215,49274216,49275331,49275065,sample_3_Aligned.sortedByCoord.out,0.25542737306174107,23,19,42,high
RI_chr17_49274215_63,RI,chr17,-,GENE_0063,49274215,49274216,49275331,49275065,sample_4_Aligned.sortedByCoord.out,0.5616583488349233,22,21,43,high
RI_chr17_49274215_63,RI,chr17,-,GENE_0063,49274215,49274216,49275331,49275065,sample_5_Aligned.sortedByCoord.out,0.776787066918734,23,18,41,high
RI_chr17_49274215_63,RI,chr17,-,GENE_0063,49274215,49274216,49275331,49275065,sample_6_Aligned.sortedByCoord.out,0.16782202277083988,18,14,32,high
