,sample_1,sample_2,sample_3,sample_4,sample_5,sample_6
gene_1,951,893,825,941,798,896
gene_2,817,889,844,1050,960,688
gene_3,866,851,897,881,834,853
gene_4,969,1050,888,1027,901,910
gene_5,950,957,829,861,851,815
gene_6,736,942,870,773,1032,762
gene_7,880,869,867,899,801,899
gene_8,971,890,889,847,834,984
gene_9,866,858,893,4902,3871,3925
gene_10,862,982,924,154,195,191
gene_11,971,964,1130,768,876,741
gene_12,1086,950,910,981,809,975
gene_13,971,870,814,883,869,923
gene_14,922,835,1092,706,906,872
gene_15,970,817,958,3900,3743,4154
gene_16,910,937,811,1129,900,806
gene_17,888,794,844,3415,3664,3645
gene_18,933,806,922,909,1155,826
gene_19,811,861,950,912,819,1060
gene_20,783,1016,961,897,923,901
gene_21,1082,948,928,1012,782,718
gene_22,739,839,917,829,803,801
gene_23,1117,940,909,866,788,1046
gene_24,1198,979,882,829,926,803
gene_25,957,1054,888,814,913,787
gene_26,886,950,767,866,803,885
gene_27,983,787,899,850,894,875
gene_28,1009,865,944,1107,796,1050
gene_29,878,846,1030,879,979,795
gene_30,806,1039,960,970,1106,813
gene_31,893,1029,858,776,843,815
gene_32,1089,964,1174,874,836,851
gene_33,981,713,768,1037,827,962
gene_34,837,976,971,769,757,934
gene_35,848,927,902,722,919,785
gene_36,935,981,863,3078,2807,2789
gene_37,801,961,948,851,980,836
gene_38,894,984,973,1004,942,933
gene_39,928,934,938,858,1003,806
gene_40,891,994,879,1020,804,856
gene_41,985,940,891,1166,993,822
gene_42,1087,1109,949,4427,3388,3778
gene_43,1002,1112,989,908,904,943
gene_44,892,927,906,998,876,901
gene_45,743,930,844,1096,883,841
gene_46,760,810,787,1074,960,991
gene_47,849,1002,937,828,796,965
gene_48,915,782,823,843,804,881
gene_49,991,880,1034,863,826,868
gene_50,1076,881,894,743,938,1042
gene_51,929,782,910,897,976,676
gene_52,852,895,965,821,897,1066
gene_53,949,890,989,740,1005,646
gene_54,905,842,994,982,1015,961
gene_55,918,968,1034,3987,4231,4323
gene_56,788,793,986,858,1018,1216
gene_57,1023,909,738,871,772,952
gene_58,843,996,874,888,828,991
gene_59,830,934,811,774,896,1019
gene_60,841,768,911,979,907,864
gene_61,874,870,854,2294,2494,2075
gene_62,885,774,969,1093,1013,821
gene_63,978,869,1028,936,896,940
gene_64,805,979,886,850,872,915
gene_65,773,902,825,686,900,903
gene_66,856,816,833,990,975,888
gene_67,1035,854,805,782,1034,934
gene_68,1024,977,925,4382,4054,3453
gene_69,956,1026,895,1015,906,860
gene_70,924,1165,861,2405,2785,3017
gene_71,874,881,1070,879,723,1028
gene_72,1052,1067,811,924,793,888
gene_73,833,1111,1064,1021,920,854
gene_74,747,658,807,224,191,189
gene_75,1037,919,736,1040,776,847
gene_76,727,1043,828,906,818,671
gene_77,895,806,856,853,896,761
gene_78,894,1183,994,3287,3432,2924
gene_79,823,965,904,980,1054,1116
gene_80,896,1017,985,191,199,181
gene_81,893,911,957,891,793,875
gene_82,1004,955,989,880,965,938
gene_83,797,1017,874,848,953,1090
gene_84,936,956,994,926,939,1035
gene_85,894,823,845,1055,844,845
gene_86,822,799,731,865,956,892
gene_87,904,975,795,868,711,784
gene_88,900,949,943,926,893,839
gene_89,1053,836,1020,887,979,739
gene_90,788,890,831,867,858,923
gene_91,849,911,1023,879,873,942
gene_92,937,879,697,965,970,1082
gene_93,959,899,917,863,721,1016
gene_94,987,923,874,879,955,932
gene_95,793,793,926,958,928,988
gene_96,891,871,916,817,883,800
gene_97,964,752,661,890,942,922
gene_98,774,792,889,899,897,967
gene_99,911,864,861,845,893,940
gene_100,892,1031,940,825,767,1040
gene_101,934,796,868,825,993,989
gene_102,773,804,909,861,885,815
gene_103,845,888,979,938,808,806
gene_104,896,1098,877,793,801,951
gene_105,768,967,901,875,838,995
gene_106,822,946,1078,899,1104,870
gene_107,710,933,868,961,812,782
gene_108,823,931,954,898,673,928
gene_109,886,824,768,827,858,1051
gene_110,859,1009,864,952,885,1046
gene_111,865,864,822,896,796,800
gene_112,991,896,893,800,940,903
gene_113,759,980,790,1029,821,778
gene_114,995,851,722,796,862,885
gene_115,1033,999,951,1113,955,920
gene_116,835,913,917,860,1038,996
gene_117,806,857,879,976,963,780
gene_118,985,1157,776,1021,849,1033
gene_119,832,973,987,911,1174,995
gene_120,886,881,950,3236,2914,2030
gene_121,952,947,810,767,783,851
gene_122,814,949,781,911,844,783
gene_123,954,1049,822,869,933,992
gene_124,872,921,787,813,983,822
gene_125,963,981,880,863,879,963
gene_126,796,799,831,1059,891,921
gene_127,1002,745,789,711,951,905
gene_128,924,744,797,859,965,1062
gene_129,905,874,944,3381,4979,3957
gene_130,955,990,1052,859,938,904
gene_131,940,829,839,934,917,958
gene_132,852,811,869,860,842,839
gene_133,826,799,865,904,921,821
gene_134,1113,1017,892,765,775,882
gene_135,1093,1039,896,832,828,922
gene_136,825,918,910,4778,4276,4276
gene_137,664,839,968,921,867,944
gene_138,758,990,838,907,881,1079
gene_139,1092,1008,823,934,907,875
gene_140,903,801,854,1045,812,804
gene_141,727,888,1003,938,949,952
gene_142,745,1135,981,282,313,383
gene_143,877,992,743,693,702,865
gene_144,703,858,870,866,1015,824
gene_145,1002,789,929,850,909,977
gene_146,1003,942,879,931,875,1002
gene_147,848,1039,789,916,923,934
gene_148,817,896,743,1002,754,1016
gene_149,969,696,926,841,652,870
gene_150,823,955,859,901,787,846
gene_151,790,881,871,947,880,963
gene_152,793,852,1017,789,809,936
gene_153,909,797,774,3127,2436,2647
gene_154,901,986,1022,974,991,1018
gene_155,909,914,822,1029,721,1034
gene_156,998,944,935,837,1032,892
gene_157,946,942,890,746,812,981
gene_158,997,770,799,1004,793,834
gene_159,836,767,910,877,1018,1033
gene_160,1113,1012,958,904,890,1072
gene_161,883,880,958,859,850,870
gene_162,816,878,946,1003,918,810
gene_163,956,772,884,812,1063,1028
gene_164,947,752,918,795,1004,1012
gene_165,1032,926,998,1068,892,870
gene_166,1018,857,831,2854,2533,2410
gene_167,894,815,1008,803,851,763
gene_168,953,912,993,931,895,891
gene_169,1113,988,865,196,268,186
gene_170,901,877,952,883,921,971
gene_171,742,893,940,875,827,915
gene_172,958,880,910,888,1002,949
gene_173,846,944,911,893,933,1008
gene_174,980,962,888,943,800,788
gene_175,923,895,1158,1113,855,928
gene_176,774,882,779,939,725,888
gene_177,1009,894,899,932,804,1004
gene_178,799,824,787,871,951,895
gene_179,987,984,929,849,746,745
gene_180,921,961,854,910,879,965
gene_181,992,928,972,913,1084,1003
gene_182,1036,810,816,840,931,1018
gene_183,789,778,814,958,719,869
gene_184,922,1021,863,873,922,831
gene_185,934,924,850,871,965,981
gene_186,874,864,940,2466,2183,2251
gene_187,836,950,1079,3187,2936,3163
gene_188,948,718,741,855,743,878
gene_189,637,813,772,950,858,873
gene_190,865,855,779,611,892,973
gene_191,836,939,1079,949,834,812
gene_192,694,857,961,831,1010,920
gene_193,905,889,866,916,886,986
gene_194,1014,805,863,2189,2701,2359
gene_195,985,1016,993,1042,850,912
gene_196,946,891,896,2876,3005,3204
gene_197,891,877,1174,832,995,730
gene_198,818,808,883,845,879,928
gene_199,699,979,911,888,1062,895
gene_200,900,771,923,757,965,856
gene_201,737,970,720,904,772,888
gene_202,835,865,783,927,762,741
gene_203,930,870,912,917,1074,828
gene_204,742,949,839,900,929,715
gene_205,964,973,801,904,943,959
gene_206,956,788,834,894,939,829
gene_207,936,998,874,972,817,680
gene_208,1046,765,950,803,881,965
gene_209,983,964,910,1046,1002,934
gene_210,961,1022,862,943,999,956
gene_211,764,973,985,822,959,1036
gene_212,742,949,939,843,844,790
gene_213,857,1009,898,816,955,836
gene_214,873,962,966,843,763,1038
gene_215,1028,870,874,857,777,1026
gene_216,892,936,841,943,889,934
gene_217,887,978,1041,871,827,980
gene_218,779,822,773,3274,3624,4616
gene_219,951,1100,900,857,1046,737
gene_220,1006,990,788,943,950,928
gene_221,1026,948,878,881,1048,1014
gene_222,994,888,1009,938,806,896
gene_223,861,837,837,871,815,922
gene_224,778,875,947,896,907,899
gene_225,706,865,929,723,846,755
gene_226,989,710,1071,820,895,897
gene_227,932,943,783,916,751,851
gene_228,949,880,1012,4614,4100,3625
gene_229,775,945,1052,1001,842,1026
gene_230,808,911,828,780,912,829
gene_231,1010,914,1065,945,790,917
gene_232,851,998,918,866,938,1055
gene_233,883,982,823,875,798,711
gene_234,847,992,902,1206,858,869
gene_235,841,870,851,888,908,929
gene_236,838,915,1009,943,1057,955
gene_237,756,867,850,834,916,724
gene_238,818,918,885,1014,984,1116
gene_239,765,1131,853,111,108,112
gene_240,883,785,742,97,105,109
gene_241,907,912,879,2953,2881,2633
gene_242,821,881,908,874,912,778
gene_243,927,950,1059,746,868,883
gene_244,801,986,961,910,846,914
gene_245,1058,929,970,3576,2800,3694
gene_246,979,912,806,812,779,1075
gene_247,936,860,992,1170,721,803
gene_248,1037,941,773,773,969,922
gene_249,825,1009,885,922,990,898
gene_250,901,973,904,962,805,1056
gene_251,983,964,743,758,908,755
gene_252,856,889,925,903,939,949
gene_253,731,758,787,1049,709,925
gene_254,761,1031,832,927,946,794
gene_255,802,727,959,815,869,905
gene_256,846,793,804,856,766,901
gene_257,862,883,1165,1011,823,835
gene_258,880,864,945,773,883,871
gene_259,932,930,936,820,1048,822
gene_260,798,963,1083,998,894,772
gene_261,889,982,921,799,808,919
gene_262,1005,846,899,862,944,913
gene_263,905,946,916,1057,945,883
gene_264,1072,952,851,972,909,919
gene_265,959,767,862,991,917,793
gene_266,1015,963,810,1131,774,844
gene_267,980,818,1113,905,883,939
gene_268,981,883,1008,911,943,750
gene_269,845,804,943,886,928,830
gene_270,894,775,1000,894,888,939
gene_271,934,734,926,1845,2380,2815
gene_272,815,690,1010,857,995,879
gene_273,1009,1035,831,866,847,724
gene_274,817,960,925,2499,2635,2644
gene_275,697,833,890,825,853,921
gene_276,820,936,821,3081,3494,3903
gene_277,886,684,1088,805,990,806
gene_278,800,831,753,3489,4261,3003
gene_279,915,758,887,134,119,153
gene_280,996,1066,983,723,909,944
gene_281,989,866,854,192,162,172
gene_282,998,791,1102,179,172,177
gene_283,773,844,988,999,797,846
gene_284,910,935,900,987,1020,910
gene_285,1084,764,1080,901,978,939
gene_286,886,774,813,915,960,795
gene_287,1016,833,1053,786,1059,886
gene_288,900,990,1041,743,898,912
gene_289,900,973,836,908,900,798
gene_290,901,792,979,796,842,836
gene_291,1108,1005,1021,892,893,811
gene_292,918,830,873,705,896,873
gene_293,868,920,1153,971,829,934
gene_294,847,874,862,2854,3005,2667
gene_295,926,931,1029,2459,2219,2353
gene_296,1041,1027,886,915,1172,878
gene_297,829,764,813,858,781,915
gene_298,800,898,728,897,859,943
gene_299,888,917,977,898,860,908
gene_300,746,917,919,768,874,959
gene_301,918,901,919,832,839,1027
gene_302,830,677,925,920,886,895
gene_303,786,849,853,751,846,844
gene_304,762,906,920,701,938,1033
gene_305,982,979,1025,897,808,971
gene_306,1051,950,1002,867,963,967
gene_307,787,954,757,919,913,943
gene_308,898,1029,922,930,1108,836
gene_309,867,915,815,4115,3751,3800
gene_310,877,761,955,2862,2815,3274
gene_311,926,919,823,897,838,940
gene_312,854,907,985,830,813,1151
gene_313,950,824,803,769,907,928
gene_314,869,816,882,875,889,923
gene_315,1001,887,1047,876,770,946
gene_316,950,988,821,336,300,284
gene_317,744,784,876,878,944,933
gene_318,910,1048,886,912,927,957
gene_319,1019,878,794,990,1036,1049
gene_320,796,860,797,716,902,827
gene_321,755,899,940,771,1086,820
gene_322,800,776,836,982,919,1033
gene_323,763,835,862,901,842,848
gene_324,824,910,1015,893,815,844
gene_325,994,740,928,796,861,895
gene_326,846,792,692,994,765,899
gene_327,1081,882,912,945,1114,998
gene_328,748,1077,846,867,937,980
gene_329,987,888,950,849,1024,912
gene_330,891,791,956,802,756,806
gene_331,976,860,996,931,980,931
gene_332,1070,744,989,1129,827,798
gene_333,896,958,1150,3859,4201,3873
gene_334,806,900,1102,829,861,924
gene_335,865,932,847,925,927,968
gene_336,818,942,931,891,946,907
gene_337,988,788,897,969,934,981
gene_338,932,929,797,1027,804,715
gene_339,901,940,872,996,905,833
gene_340,879,916,958,1133,1095,840
gene_341,937,907,1003,931,786,1010
gene_342,1050,964,890,837,857,958
gene_343,788,826,819,1006,877,911
gene_344,1195,1005,894,3601,4169,4016
gene_345,872,1018,859,953,783,886
gene_346,987,974,885,918,930,766
gene_347,879,887,973,881,877,842
gene_348,916,786,809,945,770,1033
gene_349,838,961,861,777,846,878
gene_350,936,1058,917,881,1023,892
gene_351,814,897,1121,859,830,863
gene_352,1057,934,844,778,986,832
gene_353,816,717,1004,1042,914,1080
gene_354,757,897,960,739,794,899
gene_355,872,787,916,1075,903,903
gene_356,799,773,925,823,883,1013
gene_357,1131,980,969,819,808,865
gene_358,888,878,994,857,998,842
gene_359,804,825,824,801,899,1076
gene_360,898,902,1010,802,854,842
gene_361,844,895,891,1051,1013,896
gene_362,1178,972,960,2066,2602,2161
gene_363,990,960,1007,962,901,919
gene_364,865,827,905,827,933,1002
gene_365,882,686,942,991,889,941
gene_366,869,887,927,961,867,874
gene_367,861,878,855,927,790,823
gene_368,763,855,1046,5366,3839,4547
gene_369,919,980,823,807,768,852
gene_370,929,926,843,3223,3272,3651
gene_371,771,1074,936,3741,4116,4585
gene_372,786,938,757,996,903,1131
gene_373,882,864,849,869,872,768
gene_374,942,865,984,125,142,134
gene_375,1018,993,880,938,1091,980
gene_376,612,854,880,1028,929,1128
gene_377,960,952,827,814,890,926
gene_378,927,866,896,1037,757,884
gene_379,798,983,1070,1003,849,786
gene_380,994,990,785,3322,3536,3617
gene_381,953,882,896,1077,818,851
gene_382,948,835,932,806,763,1187
gene_383,860,1048,1099,1008,967,1000
gene_384,911,990,578,4263,3566,4255
gene_385,857,927,981,902,847,1104
gene_386,1016,1004,870,1023,849,811
gene_387,863,920,950,815,818,845
gene_388,816,1023,906,818,995,985
gene_389,771,894,828,6023,4050,4343
gene_390,901,930,979,892,909,842
gene_391,874,963,1106,1000,820,861
gene_392,864,781,792,790,1039,926
gene_393,866,952,977,1001,837,911
gene_394,860,945,914,816,807,962
gene_395,909,884,917,827,797,843
gene_396,818,1035,924,1001,943,885
gene_397,877,859,969,851,933,1008
gene_398,800,945,868,181,152,188
gene_399,901,897,965,1047,921,1030
gene_400,956,1054,823,867,897,1024
gene_401,726,917,920,3028,2273,3117
gene_402,1137,709,1061,946,824,953
gene_403,1165,933,869,988,876,797
gene_404,821,1000,926,736,1023,970
gene_405,1089,828,890,778,886,1072
gene_406,842,1017,1000,1104,897,772
gene_407,779,1043,944,851,1117,897
gene_408,1084,878,760,876,895,743
gene_409,887,852,903,729,836,957
gene_410,761,849,796,996,789,1006
gene_411,836,1081,985,887,1019,868
gene_412,895,934,998,385,325,350
gene_413,919,856,942,743,914,994
gene_414,825,978,867,899,909,888
gene_415,951,1019,783,162,144,175
gene_416,917,865,841,1156,795,942
gene_417,807,832,1015,927,775,865
gene_418,981,880,1013,324,263,262
gene_419,840,982,929,834,940,1013
gene_420,978,921,885,3786,4100,3888
gene_421,853,934,887,988,833,863
gene_422,917,1000,893,155,163,163
gene_423,917,973,866,849,933,874
gene_424,972,819,803,747,1083,947
gene_425,907,796,811,845,840,1078
gene_426,1034,996,901,137,160,150
gene_427,861,762,806,2153,1958,2474
gene_428,962,864,874,882,918,980
gene_429,895,845,833,352,427,327
gene_430,761,845,860,901,991,875
gene_431,994,896,883,851,827,1002
gene_432,752,882,791,818,1032,1161
gene_433,836,814,970,805,1025,892
gene_434,861,937,938,1011,788,924
gene_435,823,981,962,995,858,858
gene_436,884,945,938,1083,886,841
gene_437,864,885,969,2988,3342,3363
gene_438,950,818,770,830,825,990
gene_439,1028,930,837,767,869,861
gene_440,999,755,850,959,911,960
gene_441,792,952,890,998,708,847
gene_442,941,1009,979,980,781,842
gene_443,889,925,1053,766,1009,844
gene_444,956,879,1028,2197,2409,2371
gene_445,719,885,841,831,929,954
gene_446,814,914,873,3180,2628,2607
gene_447,990,907,808,863,855,814
gene_448,853,922,965,862,861,924
gene_449,871,904,936,4647,4036,3593
gene_450,794,890,780,3505,3643,3945
gene_451,942,1011,935,846,918,816
gene_452,736,969,823,939,876,919
gene_453,954,963,842,2880,2771,2768
gene_454,905,862,766,1054,898,800
gene_455,762,772,1039,959,901,956
gene_456,870,771,894,962,934,859
gene_457,1071,902,780,2597,2581,1838
gene_458,927,890,879,862,749,866
gene_459,847,791,1057,768,990,825
gene_460,892,1021,771,877,1042,871
gene_461,811,940,751,4114,4109,4665
gene_462,827,878,991,3621,4011,3708
gene_463,874,854,814,852,1066,923
gene_464,997,832,780,927,923,943
gene_465,963,998,938,907,834,838
gene_466,844,751,782,867,929,954
gene_467,988,855,1090,881,897,928
gene_468,863,846,924,971,889,799
gene_469,990,947,1015,821,813,966
gene_470,863,981,1066,851,821,935
gene_471,921,892,880,2997,4284,3241
gene_472,783,945,723,792,855,860
gene_473,962,788,837,876,992,914
gene_474,874,1110,1060,1009,1006,812
gene_475,793,975,933,1064,961,1041
gene_476,762,737,809,742,903,1010
gene_477,796,986,912,1025,881,946
gene_478,817,860,884,955,899,1099
gene_479,976,1010,839,833,834,1011
gene_480,931,920,768,829,959,1019
gene_481,1061,923,921,1069,851,840
gene_482,746,936,830,964,1164,910
gene_483,847,761,1019,2785,2758,2520
gene_484,887,838,888,4920,4081,4462
gene_485,923,909,836,1011,913,908
gene_486,846,895,870,946,822,954
gene_487,834,841,1005,844,970,913
gene_488,789,774,956,822,838,1026
gene_489,966,874,712,898,1001,809
gene_490,892,1024,882,993,790,886
gene_491,978,826,745,865,1021,982
gene_492,952,763,909,816,1149,1009
gene_493,843,864,1015,992,820,966
gene_494,877,956,957,906,1011,1019
gene_495,1032,843,810,192,217,194
gene_496,745,893,799,1053,687,947
gene_497,853,979,963,742,854,1042
gene_498,896,917,695,887,811,910
gene_499,820,1036,880,922,811,685
gene_500,772,777,615,947,867,745
gene_501,882,898,909,1042,997,995
gene_502,1032,738,767,975,856,879
gene_503,849,870,992,814,961,875
gene_504,865,789,958,300,289,297
gene_505,823,855,930,1033,963,832
gene_506,800,895,891,5086,4427,4543
gene_507,1008,953,1040,934,969,731
gene_508,821,767,915,867,919,1086
gene_509,743,792,855,872,752,675
gene_510,978,837,983,825,882,881
gene_511,895,1011,949,1001,896,824
gene_512,944,950,947,791,929,1040
gene_513,917,909,834,789,1046,912
gene_514,1078,729,966,867,883,846
gene_515,791,930,1107,936,819,704
gene_516,1035,1028,945,838,781,1019
gene_517,977,814,916,818,888,826
gene_518,979,1045,967,813,1022,898
gene_519,795,802,1038,888,845,976
gene_520,1070,755,978,967,899,863
gene_521,880,1032,893,859,839,918
gene_522,730,944,869,982,979,784
gene_523,868,1111,1009,857,949,888
gene_524,871,1072,855,1047,940,863
gene_525,924,898,795,1116,877,981
gene_526,916,1069,842,847,1128,1052
gene_527,1052,867,822,3311,2992,3330
gene_528,835,917,850,946,1015,925
gene_529,948,1158,883,864,904,792
gene_530,1041,856,974,865,957,843
gene_531,1021,801,793,929,916,925
gene_532,823,917,651,862,822,865
gene_533,968,882,908,844,939,860
gene_534,961,930,908,871,966,1150
gene_535,978,849,786,1063,889,789
gene_536,790,672,831,991,917,970
gene_537,1032,980,948,976,885,941
gene_538,912,1013,1057,926,970,1032
gene_539,923,939,740,1026,866,944
gene_540,861,856,909,876,816,828
gene_541,943,804,851,917,1156,874
gene_542,936,1075,738,1180,985,871
gene_543,892,981,1005,1041,866,1071
gene_544,990,938,809,755,883,765
gene_545,824,994,662,841,836,775
gene_546,1041,1127,861,227,293,280
gene_547,1057,848,1153,785,856,978
gene_548,930,914,1059,938,978,880
gene_549,755,975,899,872,869,1085
gene_550,960,1005,822,875,826,896
gene_551,1110,862,791,1002,875,771
gene_552,900,986,769,981,793,840
gene_553,674,949,1094,1072,832,934
gene_554,897,869,851,825,1125,763
gene_555,1002,883,779,849,879,995
gene_556,859,1112,962,844,940,944
gene_557,1044,1100,896,828,660,843
gene_558,998,919,1014,803,799,899
gene_559,1144,842,1018,926,739,935
gene_560,785,871,859,3443,3928,3865
gene_561,931,782,1108,1018,822,910
gene_562,958,1025,1012,886,932,903
gene_563,893,923,775,993,924,976
gene_564,957,1081,885,3728,4333,3949
gene_565,910,889,905,974,846,785
gene_566,914,913,1011,728,931,820
gene_567,921,803,886,723,839,975
gene_568,1116,954,981,827,908,1069
gene_569,953,771,888,962,933,805
gene_570,886,892,837,821,857,952
gene_571,866,948,1006,5060,4109,3959
gene_572,919,885,989,948,923,865
gene_573,745,856,984,127,147,121
gene_574,938,1016,808,701,937,935
gene_575,904,966,807,975,916,919
gene_576,950,776,940,860,938,960
gene_577,872,734,963,879,1038,934
gene_578,728,898,945,904,1007,896
gene_579,811,855,717,978,914,818
gene_580,922,853,936,875,843,841
gene_581,1058,907,908,1003,779,1044
gene_582,949,928,895,773,884,1014
gene_583,880,892,990,1040,866,867
gene_584,966,879,905,905,832,930
gene_585,869,944,898,755,857,871
gene_586,808,920,818,801,1008,925
gene_587,1036,825,903,868,907,1120
gene_588,1107,946,824,884,934,802
gene_589,1035,1016,955,1003,987,802
gene_590,1049,951,800,814,984,739
gene_591,793,942,951,248,302,297
gene_592,994,917,856,918,1213,1019
gene_593,899,769,830,898,719,1097
gene_594,795,1033,890,864,764,876
gene_595,848,915,906,981,680,926
gene_596,980,681,816,983,1109,890
gene_597,869,927,1041,942,819,1044
gene_598,923,799,953,788,917,930
gene_599,1055,778,843,717,1061,898
gene_600,939,897,731,958,830,914
gene_601,942,876,871,2918,2405,2461
gene_602,913,822,793,800,1019,906
gene_603,998,902,892,909,1097,899
gene_604,856,986,788,873,846,990
gene_605,1004,773,764,871,841,927
gene_606,903,761,755,799,991,818
gene_607,862,913,927,927,1114,1000
gene_608,832,864,897,857,850,832
gene_609,951,1040,959,957,1029,870
gene_610,1004,825,1034,120,118,101
gene_611,915,805,1184,809,818,882
gene_612,782,1053,920,828,856,947
gene_613,840,1030,901,844,956,776
gene_614,955,1040,865,808,872,984
gene_615,841,765,846,1074,1209,873
gene_616,857,961,981,3583,3461,4177
gene_617,1009,969,796,717,868,869
gene_618,1104,926,885,919,885,853
gene_619,737,907,967,205,204,201
gene_620,892,882,1019,794,1117,934
gene_621,942,1016,975,1066,817,842
gene_622,880,926,832,906,696,965
gene_623,899,1037,827,809,1042,951
gene_624,909,1020,944,858,889,816
gene_625,781,838,923,1047,772,901
gene_626,845,909,697,928,905,877
gene_627,934,881,877,2424,2652,2860
gene_628,758,930,1009,880,859,912
gene_629,969,912,782,3634,3344,2990
gene_630,900,992,1076,998,961,914
gene_631,1010,827,960,2507,2373,2453
gene_632,779,927,838,684,1035,852
gene_633,1097,974,946,953,950,814
gene_634,804,765,854,835,1008,867
gene_635,725,1028,897,874,721,950
gene_636,877,992,685,1065,1043,907
gene_637,1005,1009,1005,958,993,842
gene_638,903,828,880,781,933,846
gene_639,689,1008,861,935,950,960
gene_640,976,905,847,859,901,903
gene_641,826,866,878,915,698,850
gene_642,939,738,858,3699,4544,4183
gene_643,728,1066,947,966,883,1131
gene_644,1041,890,1051,910,937,898
gene_645,1025,849,933,831,934,842
gene_646,857,723,912,1057,806,914
gene_647,850,890,806,827,1094,903
gene_648,873,907,1056,869,698,838
gene_649,779,623,852,847,940,1000
gene_650,866,969,903,961,857,887
gene_651,928,801,825,992,866,1137
gene_652,868,822,768,813,1014,1010
gene_653,934,995,933,3843,3484,3934
gene_654,980,1064,906,2792,2261,2458
gene_655,953,852,1058,836,784,937
gene_656,969,850,1187,771,857,924
gene_657,1029,1107,900,1036,766,690
gene_658,926,781,743,910,880,941
gene_659,868,832,928,992,1072,903
gene_660,1031,758,811,2925,2705,3104
gene_661,893,1047,904,241,236,221
gene_662,986,972,871,986,928,871
gene_663,998,928,944,946,905,819
gene_664,728,1000,840,776,1048,856
gene_665,975,1131,1072,1018,774,853
gene_666,862,917,1025,667,918,910
gene_667,812,829,1003,862,770,848
gene_668,1093,813,699,866,856,838
gene_669,844,953,982,1001,937,866
gene_670,942,917,758,2697,3095,2267
gene_671,955,817,898,841,777,1035
gene_672,884,1031,1022,897,852,885
gene_673,934,836,942,776,938,838
gene_674,919,810,917,4104,4046,4456
gene_675,1035,1002,833,812,885,951
gene_676,849,925,970,885,798,934
gene_677,1069,1058,771,1044,965,1049
gene_678,778,836,749,2962,2923,2790
gene_679,914,1005,908,1046,1044,839
gene_680,1041,799,1041,878,856,819
gene_681,1039,924,799,731,833,1150
gene_682,930,642,1129,93,85,89
gene_683,835,878,850,252,265,239
gene_684,866,1002,782,995,1035,863
gene_685,710,982,1023,919,911,963
gene_686,859,1005,866,1006,900,899
gene_687,845,733,851,154,167,154
gene_688,802,917,807,936,767,741
gene_689,833,865,817,3487,3456,2691
gene_690,1029,1027,821,934,866,959
gene_691,815,723,762,833,863,993
gene_692,925,946,907,951,1103,910
gene_693,785,913,736,872,862,845
gene_694,908,968,825,1001,778,888
gene_695,974,798,940,3279,3572,4193
gene_696,1010,846,975,981,972,946
gene_697,785,933,773,910,905,956
gene_698,822,858,983,879,944,993
gene_699,853,865,947,775,933,1063
gene_700,845,798,989,874,809,871
gene_701,1060,928,843,812,735,994
gene_702,708,969,924,3552,3788,2970
gene_703,921,1040,1047,875,800,1037
gene_704,934,923,909,1123,941,1022
gene_705,819,848,1113,2188,1980,2208
gene_706,626,1082,847,1083,1121,939
gene_707,783,782,983,1015,899,861
gene_708,895,937,947,2977,2832,2980
gene_709,1013,841,989,950,965,858
gene_710,916,818,971,1023,1014,798
gene_711,884,895,809,128,136,138
gene_712,843,831,737,1055,643,916
gene_713,867,753,1127,994,853,832
gene_714,890,913,867,943,781,863
gene_715,800,845,819,817,800,1060
gene_716,975,820,769,956,922,892
gene_717,804,1118,840,954,912,816
gene_718,931,901,793,791,1005,921
gene_719,919,1046,921,1077,791,948
gene_720,860,813,906,3189,3071,2729
gene_721,800,924,997,892,838,905
gene_722,871,812,961,948,860,829
gene_723,876,1073,865,820,743,885
gene_724,960,995,1070,926,939,889
gene_725,895,967,759,2813,3182,3554
gene_726,1043,988,863,934,1172,874
gene_727,854,938,691,872,894,924
gene_728,701,936,779,3929,4389,3202
gene_729,821,913,832,100,91,103
gene_730,813,863,880,884,842,846
gene_731,888,819,946,2947,3435,2928
gene_732,725,801,873,650,836,988
gene_733,920,974,901,986,936,815
gene_734,840,1032,728,952,759,950
gene_735,828,824,704,957,857,850
gene_736,865,883,897,962,1081,896
gene_737,931,1052,860,1377,1040,755
gene_738,846,984,1087,844,920,922
gene_739,968,770,804,1013,926,874
gene_740,1094,841,806,757,827,870
gene_741,770,852,961,794,777,902
gene_742,822,769,998,960,986,935
gene_743,753,984,861,996,958,911
gene_744,757,886,867,767,904,941
gene_745,821,890,887,910,861,851
gene_746,944,1093,1070,1066,920,941
gene_747,822,853,999,288,303,339
gene_748,1097,732,791,826,953,893
gene_749,843,1071,857,1067,897,1018
gene_750,837,908,907,236,261,231
gene_751,1036,1037,808,879,755,880
gene_752,798,832,957,821,763,961
gene_753,780,953,950,835,880,905
gene_754,1055,834,1083,103,125,97
gene_755,1039,903,835,970,1043,891
gene_756,794,769,901,714,909,702
gene_757,1010,927,917,1041,755,727
gene_758,1011,975,840,3116,2675,3749
gene_759,744,867,897,82,93,116
gene_760,917,1033,911,894,827,964
gene_761,851,760,811,828,835,888
gene_762,1026,891,815,966,905,812
gene_763,755,989,796,907,917,879
gene_764,880,1045,845,810,776,965
gene_765,673,1016,905,1058,991,820
gene_766,890,959,863,3661,3805,4106
gene_767,894,919,1028,1057,939,862
gene_768,847,800,890,924,921,1104
gene_769,839,867,913,1043,780,909
gene_770,863,792,858,2399,2378,2654
gene_771,945,879,980,1138,767,950
gene_772,782,698,962,741,960,775
gene_773,888,893,822,791,1020,723
gene_774,808,896,800,840,974,792
gene_775,934,820,1005,944,828,973
gene_776,927,947,900,875,920,910
gene_777,880,983,915,888,936,1000
gene_778,1011,820,877,847,815,760
gene_779,863,850,923,353,367,344
gene_780,893,880,1050,880,860,899
gene_781,759,729,1004,885,817,1030
gene_782,955,899,913,821,932,986
gene_783,882,1027,751,851,1117,939
gene_784,899,827,892,962,1065,955
gene_785,865,905,852,933,759,1008
gene_786,995,933,692,935,951,839
gene_787,919,890,910,1187,979,877
gene_788,1019,927,809,3898,3814,3396
gene_789,829,875,878,939,994,956
gene_790,737,878,823,878,866,917
gene_791,919,967,730,941,900,897
gene_792,982,907,866,877,962,932
gene_793,841,861,915,926,895,863
gene_794,899,949,967,888,834,788
gene_795,1025,950,947,998,839,959
gene_796,946,859,938,869,992,655
gene_797,856,1029,738,952,900,857
gene_798,939,1072,968,869,818,1043
gene_799,891,880,821,3177,3365,4281
gene_800,960,860,806,980,1063,1050
gene_801,798,883,956,1011,897,865
gene_802,932,979,895,986,708,967
gene_803,893,1069,782,909,853,920
gene_804,919,975,808,870,974,796
gene_805,804,839,929,891,743,834
gene_806,1031,892,858,982,880,1045
gene_807,927,834,967,990,891,941
gene_808,1064,782,905,902,859,1017
gene_809,737,925,1003,870,841,949
gene_810,868,828,900,983,646,885
gene_811,898,821,900,3522,3667,4005
gene_812,858,752,952,2645,1985,1779
gene_813,951,740,832,126,138,113
gene_814,936,853,783,843,829,969
gene_815,1031,953,928,879,956,955
gene_816,900,1007,950,886,771,868
gene_817,1002,871,912,3489,3039,3605
gene_818,828,923,1090,808,839,977
gene_819,816,1088,900,923,821,846
gene_820,690,886,811,852,927,997
gene_821,1025,1018,830,2923,2385,2004
gene_822,946,986,1038,811,834,797
gene_823,1028,1039,951,3307,2769,2899
gene_824,879,804,917,856,1041,1048
gene_825,1054,1000,1051,898,820,730
gene_826,934,935,900,812,1101,676
gene_827,793,794,991,1046,1048,914
gene_828,897,894,920,935,837,885
gene_829,829,1101,836,829,901,923
gene_830,854,721,893,929,975,913
gene_831,905,833,970,748,884,844
gene_832,803,872,826,930,668,858
gene_833,931,918,702,803,923,970
gene_834,992,901,857,896,886,971
gene_835,905,818,965,831,964,776
gene_836,873,966,870,915,986,837
gene_837,797,835,1110,750,1026,1024
gene_838,841,942,956,855,744,806
gene_839,875,874,911,876,884,802
gene_840,824,963,858,747,930,942
gene_841,866,1024,847,842,876,878
gene_842,862,738,926,947,908,789
gene_843,947,976,914,963,956,933
gene_844,839,1020,867,816,799,895
gene_845,1076,907,835,978,1002,904
gene_846,854,959,819,4069,3754,4447
gene_847,949,890,966,3032,2863,2591
gene_848,968,1000,1017,945,856,997
gene_849,867,1000,856,824,965,878
gene_850,1033,945,741,966,943,842
gene_851,778,926,1020,883,845,732
gene_852,888,842,872,848,955,914
gene_853,910,1017,1004,896,867,851
gene_854,868,896,740,182,190,206
gene_855,1013,912,827,925,790,873
gene_856,933,989,934,827,741,917
gene_857,736,752,789,870,1143,948
gene_858,1073,822,838,944,949,851
gene_859,921,960,1008,871,808,1076
gene_860,931,876,798,835,859,1000
gene_861,996,889,771,904,954,897
gene_862,1098,737,926,1009,817,852
gene_863,957,858,943,945,815,1094
gene_864,1014,896,778,1001,862,1054
gene_865,910,764,1035,797,888,903
gene_866,908,860,1158,829,898,889
gene_867,671,941,831,807,937,944
gene_868,840,917,916,922,814,856
gene_869,827,871,993,4540,3704,4217
gene_870,865,916,840,919,851,989
gene_871,815,1056,849,1079,937,839
gene_872,992,742,953,684,1013,978
gene_873,766,870,819,997,969,815
gene_874,787,892,986,851,1006,1005
gene_875,813,880,867,802,829,820
gene_876,837,869,966,831,901,859
gene_877,737,818,977,922,790,930
gene_878,897,975,985,898,943,741
gene_879,744,808,879,4382,4382,4200
gene_880,933,765,888,800,740,785
gene_881,740,861,886,863,863,819
gene_882,816,951,846,843,876,778
gene_883,830,816,930,1021,815,817
gene_884,1033,1062,944,895,998,985
gene_885,777,949,831,2664,2526,2081
gene_886,961,810,1009,4734,4302,4351
gene_887,944,870,851,913,804,865
gene_888,843,852,776,842,990,918
gene_889,746,927,854,897,841,774
gene_890,951,744,996,2161,1956,2343
gene_891,737,805,704,1056,770,977
gene_892,880,789,821,1051,834,969
gene_893,780,981,888,903,1126,735
gene_894,828,954,939,876,844,1039
gene_895,952,982,815,345,249,257
gene_896,781,846,847,921,951,733
gene_897,948,889,667,2681,2939,2590
gene_898,932,993,1016,960,1020,881
gene_899,976,823,1084,810,867,768
gene_900,843,924,1009,919,995,881
gene_901,1093,781,802,940,1061,662
gene_902,993,1054,830,872,923,763
gene_903,943,839,927,2716,3195,3017
gene_904,901,856,943,972,953,951
gene_905,968,1061,840,1066,784,932
gene_906,664,845,1202,1030,1006,1054
gene_907,816,808,828,765,810,917
gene_908,985,1054,780,878,1036,944
gene_909,796,913,759,962,788,1044
gene_910,854,915,913,1036,1144,987
gene_911,923,819,955,952,805,929
gene_912,918,896,1080,1136,722,907
gene_913,978,906,787,907,900,935
gene_914,987,858,717,877,1022,790
gene_915,905,848,980,855,938,820
gene_916,867,891,843,1026,885,899
gene_917,956,898,917,122,107,100
gene_918,839,955,796,916,842,1025
gene_919,1043,937,770,856,929,955
gene_920,869,1116,1021,902,913,830
gene_921,996,901,1161,1152,932,966
gene_922,798,978,1062,865,1013,955
gene_923,811,1062,763,923,918,768
gene_924,1012,872,879,773,845,771
gene_925,1066,736,747,925,923,808
gene_926,1019,825,983,993,812,832
gene_927,847,916,924,878,874,819
gene_928,909,837,1023,973,794,825
gene_929,927,928,1124,873,1035,960
gene_930,852,955,912,1100,775,768
gene_931,898,861,880,850,940,897
gene_932,861,864,958,788,975,1035
gene_933,906,873,936,855,1061,844
gene_934,981,840,799,897,945,1003
gene_935,752,900,989,893,935,868
gene_936,1076,982,961,1092,897,865
gene_937,904,1016,878,725,911,900
gene_938,859,854,918,949,778,934
gene_939,860,892,902,1043,960,990
gene_940,890,924,918,1023,865,946
gene_941,888,801,879,941,848,764
gene_942,897,1024,1035,960,702,808
gene_943,889,787,857,836,788,764
gene_944,882,884,898,954,900,961
gene_945,944,807,837,787,773,812
gene_946,1072,928,942,948,924,1060
gene_947,942,881,834,917,1027,908
gene_948,788,720,870,832,813,962
gene_949,864,875,1105,837,762,784
gene_950,849,927,823,3026,2937,2625
gene_951,782,932,934,229,206,220
gene_952,796,802,996,3762,4086,4039
gene_953,892,1063,942,963,1008,871
gene_954,799,866,911,758,969,867
gene_955,985,778,861,3347,4428,3562
gene_956,874,834,919,828,903,912
gene_957,935,898,784,901,865,811
gene_958,1003,901,938,3895,2909,3046
gene_959,859,871,776,774,978,820
gene_960,948,1063,918,3144,3250,3450
gene_961,861,1131,829,338,319,329
gene_962,958,961,993,797,920,878
gene_963,957,909,882,859,826,928
gene_964,1004,759,1037,210,205,166
gene_965,977,977,969,740,997,897
gene_966,859,964,1039,357,265,267
gene_967,890,944,817,792,872,834
gene_968,916,720,1010,913,848,856
gene_969,953,738,831,888,980,805
gene_970,953,1028,869,887,974,993
gene_971,1081,903,905,889,893,959
gene_972,852,669,919,876,888,899
gene_973,863,805,939,930,677,1051
gene_974,825,1004,1014,3495,3026,3767
gene_975,792,958,908,124,120,136
gene_976,814,923,832,856,803,842
gene_977,1109,992,1189,928,983,831
gene_978,956,971,884,2861,2325,2387
gene_979,1007,996,850,823,1147,816
gene_980,908,767,923,1033,1036,928
gene_981,1084,859,1001,3384,3962,4771
gene_982,872,860,961,805,822,931
gene_983,888,849,971,841,733,911
gene_984,1032,804,887,849,1053,804
gene_985,975,1040,819,869,989,1045
gene_986,924,769,762,824,844,764
gene_987,987,955,779,786,870,901
gene_988,879,847,804,920,894,996
gene_989,821,811,954,822,914,940
gene_990,803,839,835,1003,855,781
gene_991,1032,878,1047,146,206,175
gene_992,778,878,1073,879,934,1030
gene_993,878,885,921,964,884,749
gene_994,937,896,931,951,1003,890
gene_995,911,1046,673,847,913,891
gene_996,978,841,912,1012,950,936
gene_997,954,811,704,1012,909,1086
gene_998,1069,882,859,2526,2848,3002
gene_999,799,856,1049,832,710,978
gene_1000,963,992,853,970,1038,935
gene_1001,920,871,946,341,285,320
gene_1002,776,866,994,872,949,762
gene_1003,876,854,1042,876,870,837
gene_1004,962,1021,817,753,747,942
gene_1005,993,1023,833,889,919,837
gene_1006,930,1124,881,836,934,879
gene_1007,914,803,814,851,946,1033
gene_1008,858,915,859,967,817,769
gene_1009,923,830,744,867,877,944
gene_1010,986,754,850,2276,2633,2498
gene_1011,845,902,976,957,992,849
gene_1012,920,789,994,912,998,1014
gene_1013,908,970,758,2977,3892,3203
gene_1014,801,842,939,804,916,1011
gene_1015,910,881,858,783,928,983
gene_1016,904,1083,825,2397,3408,2872
gene_1017,810,810,811,832,921,846
gene_1018,889,881,949,1004,1003,881
gene_1019,864,1007,940,1071,951,955
gene_1020,730,815,940,937,977,1039
gene_1021,925,883,1042,832,907,1118
gene_1022,942,847,970,932,902,959
gene_1023,797,824,837,866,1100,827
gene_1024,911,931,1032,1004,725,791
gene_1025,927,814,873,1045,896,727
gene_1026,773,863,814,1019,947,1000
gene_1027,945,770,827,707,839,970
gene_1028,826,888,1036,858,853,815
gene_1029,1086,1042,841,821,846,994
gene_1030,699,928,960,799,969,748
gene_1031,912,945,808,824,911,858
gene_1032,919,926,984,835,762,746
gene_1033,862,912,874,700,878,895
gene_1034,880,883,900,923,953,1022
gene_1035,1165,993,819,308,300,285
gene_1036,1045,1006,844,944,780,795
gene_1037,822,807,871,932,784,836
gene_1038,898,780,819,945,754,942
gene_1039,838,850,891,889,964,761
gene_1040,787,880,954,2297,2378,2470
gene_1041,1028,1013,870,822,914,911
gene_1042,786,999,867,880,678,866
gene_1043,832,780,880,711,894,792
gene_1044,1107,834,1028,102,87,120
gene_1045,891,909,798,847,851,1087
gene_1046,850,891,1147,3051,2340,2951
gene_1047,936,702,749,931,594,890
gene_1048,960,956,801,1153,922,890
gene_1049,899,1135,799,1174,953,890
gene_1050,805,909,885,879,952,900
gene_1051,1002,974,896,898,855,1022
gene_1052,1030,1080,878,818,942,914
gene_1053,865,920,841,920,816,796
gene_1054,950,803,785,943,909,827
gene_1055,986,848,922,755,743,1021
gene_1056,890,801,795,898,879,907
gene_1057,954,944,985,925,881,889
gene_1058,946,945,973,757,1086,817
gene_1059,826,789,1011,826,948,777
gene_1060,818,1063,1108,961,819,916
gene_1061,1080,880,906,931,995,775
gene_1062,1147,909,986,803,1137,805
gene_1063,879,800,875,848,1075,1017
gene_1064,1039,1005,941,793,958,809
gene_1065,947,955,1024,4882,4078,4162
gene_1066,859,803,850,1044,794,742
gene_1067,780,910,856,845,935,914
gene_1068,769,871,1022,926,963,843
gene_1069,825,828,873,899,916,990
gene_1070,975,790,997,2598,2897,3270
gene_1071,942,1056,974,646,953,1037
gene_1072,877,683,833,868,1053,863
gene_1073,793,875,855,797,863,825
gene_1074,768,813,787,4186,4523,4673
gene_1075,916,741,867,943,985,832
gene_1076,922,740,861,871,980,725
gene_1077,733,999,764,3863,2835,3232
gene_1078,888,824,1082,1011,1022,927
gene_1079,911,859,779,838,892,1166
gene_1080,985,837,900,3936,4430,4324
gene_1081,959,736,812,919,891,996
gene_1082,822,835,803,892,846,936
gene_1083,963,971,933,937,851,811
gene_1084,1043,913,1021,945,934,1021
gene_1085,805,1047,885,1058,949,768
gene_1086,920,1034,732,785,1105,872
gene_1087,887,789,819,3579,4013,2902
gene_1088,788,787,898,812,933,947
gene_1089,1022,747,971,896,938,973
gene_1090,800,798,823,751,1031,1040
gene_1091,939,996,930,972,1062,943
gene_1092,898,1183,889,3372,3494,3266
gene_1093,804,841,907,966,781,961
gene_1094,977,793,918,913,910,1068
gene_1095,878,1096,800,830,797,844
gene_1096,891,1044,859,811,816,837
gene_1097,815,879,859,842,845,961
gene_1098,897,921,933,955,988,948
gene_1099,829,820,746,1018,888,909
gene_1100,960,934,868,835,877,987
gene_1101,896,800,940,844,941,865
gene_1102,879,800,767,851,849,1081
gene_1103,956,925,1068,818,819,841
gene_1104,809,857,1077,223,227,227
gene_1105,824,835,745,959,812,922
gene_1106,1030,830,790,844,812,873
gene_1107,733,818,841,987,965,993
gene_1108,843,939,922,3383,3244,2992
gene_1109,757,773,769,1041,1007,968
gene_1110,895,990,923,811,826,824
gene_1111,943,972,780,1026,886,846
gene_1112,826,1105,798,787,957,875
gene_1113,881,951,1007,838,826,954
gene_1114,882,863,919,3283,3067,3815
gene_1115,950,909,975,789,821,938
gene_1116,985,872,1098,835,809,829
gene_1117,1109,957,871,2718,2964,2967
gene_1118,1024,901,954,967,939,852
gene_1119,943,829,944,685,935,978
gene_1120,826,885,927,3147,3682,2496
gene_1121,833,914,775,865,944,1067
gene_1122,934,1004,804,983,992,882
gene_1123,923,869,1018,882,906,937
gene_1124,1014,1035,997,984,927,1025
gene_1125,859,1004,889,946,886,951
gene_1126,997,1074,885,830,892,817
gene_1127,788,947,853,851,887,1007
gene_1128,936,913,793,1009,911,803
gene_1129,1030,917,1009,837,910,1041
gene_1130,920,802,893,866,777,833
gene_1131,1128,703,824,954,965,944
gene_1132,873,801,909,4414,4569,3689
gene_1133,1195,967,922,949,835,935
gene_1134,855,1006,760,1020,739,952
gene_1135,735,955,1010,990,910,973
gene_1136,962,834,1078,980,830,697
gene_1137,877,922,675,869,1005,899
gene_1138,810,786,1034,244,212,228
gene_1139,897,895,881,1088,996,703
gene_1140,1009,944,961,878,962,976
gene_1141,1135,1003,1004,725,1017,756
gene_1142,936,862,935,821,832,898
gene_1143,978,866,1072,956,923,1041
gene_1144,1041,915,845,906,868,937
gene_1145,930,1006,788,638,836,955
gene_1146,1023,841,878,725,739,867
gene_1147,810,953,849,872,908,788
gene_1148,795,1026,1072,983,712,926
gene_1149,1022,805,798,810,803,789
gene_1150,841,738,960,959,862,1023
gene_1151,780,963,903,832,925,884
gene_1152,826,949,903,797,989,801
gene_1153,967,917,937,953,901,988
gene_1154,760,717,968,962,868,785
gene_1155,933,805,836,866,901,827
gene_1156,966,1030,1006,2820,3051,2883
gene_1157,983,781,885,922,1028,1169
gene_1158,1123,816,881,1031,1032,913
gene_1159,937,819,887,686,948,859
gene_1160,889,956,1065,3682,3642,3682
gene_1161,1047,825,790,1025,761,832
gene_1162,1098,826,800,4290,4425,4601
gene_1163,861,863,993,888,911,800
gene_1164,927,818,1002,2464,2705,2593
gene_1165,822,760,976,849,938,874
gene_1166,1007,875,982,845,900,894
gene_1167,863,956,788,999,889,1111
gene_1168,657,842,991,2695,3116,3106
gene_1169,881,1007,1049,1039,1018,789
gene_1170,1011,897,1028,879,926,746
gene_1171,897,1003,912,844,928,768
gene_1172,871,1015,794,4206,4705,3867
gene_1173,973,779,904,782,913,768
gene_1174,835,907,865,947,945,883
gene_1175,768,957,979,1008,776,966
gene_1176,949,782,892,809,928,869
gene_1177,836,914,945,934,784,840
gene_1178,813,929,934,844,897,840
gene_1179,917,1026,846,884,796,861
gene_1180,876,757,955,835,797,807
gene_1181,1013,821,790,851,921,890
gene_1182,800,1057,798,925,839,905
gene_1183,973,819,834,920,1001,949
gene_1184,877,1129,814,930,943,1153
gene_1185,846,826,971,745,930,1097
gene_1186,942,1166,917,872,720,1153
gene_1187,979,1106,863,836,970,806
gene_1188,1010,954,815,809,1011,923
gene_1189,979,844,1207,934,881,775
gene_1190,818,1118,826,923,1055,1073
gene_1191,1017,942,927,1011,789,801
gene_1192,859,929,797,970,915,791
gene_1193,840,823,963,1077,914,898
gene_1194,838,1140,896,886,1005,1022
gene_1195,1001,979,919,912,820,821
gene_1196,774,882,908,846,902,742
gene_1197,845,813,932,914,885,883
gene_1198,967,809,954,930,840,949
gene_1199,919,861,1052,1014,854,666
gene_1200,783,1016,956,782,878,772
gene_1201,954,965,812,1068,842,1003
gene_1202,815,776,688,1199,991,790
gene_1203,844,944,1027,3946,4130,4213
gene_1204,927,961,918,988,780,868
gene_1205,928,899,789,744,944,798
gene_1206,860,928,838,1118,929,754
gene_1207,977,1007,892,805,851,979
gene_1208,1086,896,840,964,806,788
gene_1209,757,905,1032,845,847,840
gene_1210,881,918,1018,928,882,1049
gene_1211,1032,954,887,1090,976,1124
gene_1212,993,1161,873,777,783,934
gene_1213,957,900,1096,3226,3309,3974
gene_1214,977,931,759,3381,3335,4076
gene_1215,926,975,804,1053,794,851
gene_1216,992,756,747,1039,785,832
gene_1217,769,861,916,851,963,769
gene_1218,959,974,909,860,881,939
gene_1219,1012,942,899,1041,827,826
gene_1220,880,768,896,938,924,809
gene_1221,1062,800,981,821,688,977
gene_1222,842,898,865,859,944,790
gene_1223,867,935,958,275,275,277
gene_1224,964,901,970,1020,914,914
gene_1225,913,844,1008,821,888,924
gene_1226,972,839,834,954,834,936
gene_1227,943,956,957,3842,3710,3556
gene_1228,873,893,919,850,941,963
gene_1229,948,1052,928,2809,3222,2584
gene_1230,1010,729,886,864,839,941
gene_1231,849,826,866,2905,2294,2466
gene_1232,881,883,1016,905,664,860
gene_1233,1021,1134,713,902,891,1218
gene_1234,854,1029,877,2488,2382,2230
gene_1235,990,873,991,360,338,349
gene_1236,933,907,1066,762,957,841
gene_1237,815,859,954,878,794,876
gene_1238,1003,903,971,881,909,1028
gene_1239,1005,936,853,779,963,838
gene_1240,990,880,871,973,816,730
gene_1241,1048,852,885,1151,877,830
gene_1242,897,795,871,778,696,1016
gene_1243,914,1031,978,1031,899,706
gene_1244,1034,883,966,923,1010,777
gene_1245,773,919,1000,732,994,864
gene_1246,889,1031,928,1084,925,849
gene_1247,1037,1088,693,906,999,873
gene_1248,806,799,839,829,907,657
gene_1249,827,734,852,789,971,946
gene_1250,817,1008,934,1056,773,845
gene_1251,861,798,993,3078,3221,2913
gene_1252,914,834,910,288,365,260
gene_1253,830,1044,866,956,941,988
gene_1254,845,1095,944,739,852,1058
gene_1255,869,905,855,912,1012,1105
gene_1256,881,838,941,787,893,810
gene_1257,956,923,844,912,1020,1010
gene_1258,958,994,853,858,771,812
gene_1259,851,916,791,3529,2887,4084
gene_1260,905,863,933,4283,3242,3699
gene_1261,989,901,872,947,903,856
gene_1262,977,1040,826,702,885,682
gene_1263,668,793,899,813,938,742
gene_1264,841,824,914,842,998,724
gene_1265,870,826,1037,1075,764,983
gene_1266,1023,826,954,823,959,969
gene_1267,826,948,787,880,927,1003
gene_1268,969,793,976,700,984,873
gene_1269,851,1003,834,1014,934,772
gene_1270,697,1047,819,3119,3381,3648
gene_1271,996,903,982,916,942,803
gene_1272,849,1008,894,1001,753,813
gene_1273,815,912,1000,2976,2823,3353
gene_1274,1048,928,771,838,888,1038
gene_1275,810,941,958,863,859,880
gene_1276,842,985,784,862,826,926
gene_1277,930,1170,718,815,1147,890
gene_1278,883,772,768,771,1141,1078
gene_1279,892,866,1033,769,835,1008
gene_1280,754,943,901,1004,800,1007
gene_1281,980,788,960,1068,795,898
gene_1282,827,1023,1041,947,910,983
gene_1283,814,944,774,957,857,942
gene_1284,976,915,866,1049,946,1056
gene_1285,891,858,943,947,860,988
gene_1286,920,778,862,771,820,909
gene_1287,780,905,1092,948,836,907
gene_1288,909,771,801,4019,3875,3741
gene_1289,943,1053,880,1048,729,813
gene_1290,849,991,720,903,912,977
gene_1291,1024,869,917,1105,854,886
gene_1292,883,841,976,967,1194,950
gene_1293,918,744,970,771,1016,830
gene_1294,749,982,1122,943,874,1049
gene_1295,914,670,939,924,860,877
gene_1296,937,999,875,3302,2677,3385
gene_1297,867,814,930,750,860,888
gene_1298,986,800,781,797,845,917
gene_1299,954,699,982,862,950,986
gene_1300,1008,862,928,891,865,890
gene_1301,841,926,750,819,1138,816
gene_1302,934,993,953,924,775,927
gene_1303,1028,1011,908,718,838,1085
gene_1304,877,893,917,2690,3198,2902
gene_1305,876,836,1078,891,1064,990
gene_1306,821,773,947,888,766,765
gene_1307,1084,947,898,831,830,968
gene_1308,824,1016,1083,830,752,795
gene_1309,891,918,1022,941,743,851
gene_1310,913,733,1017,2429,3112,2941
gene_1311,926,783,1126,759,925,1022
gene_1312,746,998,954,904,927,948
gene_1313,820,797,1043,2588,3170,2761
gene_1314,834,801,954,3924,3447,3904
gene_1315,819,946,871,880,1010,855
gene_1316,818,879,902,799,984,846
gene_1317,827,843,890,1044,842,860
gene_1318,931,868,870,969,863,769
gene_1319,1056,940,777,881,996,943
gene_1320,772,867,999,1119,807,949
gene_1321,887,819,798,907,978,929
gene_1322,1081,1147,694,797,945,1009
gene_1323,1027,821,813,814,956,910
gene_1324,930,847,906,911,1058,906
gene_1325,943,928,803,891,774,869
gene_1326,967,870,1033,865,996,784
gene_1327,1063,1021,846,870,803,846
gene_1328,770,872,1273,953,909,778
gene_1329,958,778,978,975,816,1114
gene_1330,991,904,799,120,171,131
gene_1331,1013,936,798,3187,3435,3750
gene_1332,1030,921,1014,774,1135,1105
gene_1333,909,884,844,873,973,871
gene_1334,908,791,1073,954,965,827
gene_1335,684,851,876,834,856,817
gene_1336,853,850,1035,775,763,1047
gene_1337,845,858,914,935,810,858
gene_1338,945,938,906,937,978,934
gene_1339,803,899,935,966,923,856
gene_1340,767,865,951,930,970,750
gene_1341,974,1002,756,2588,2172,2453
gene_1342,837,766,900,973,773,904
gene_1343,901,881,909,828,902,794
gene_1344,892,894,870,843,726,881
gene_1345,879,954,913,4308,3902,4536
gene_1346,831,894,725,930,898,872
gene_1347,808,751,785,787,1036,787
gene_1348,1073,973,877,841,791,940
gene_1349,927,988,782,3992,3568,3873
gene_1350,924,876,918,847,875,821
gene_1351,826,853,1042,953,774,933
gene_1352,868,755,781,916,857,945
gene_1353,997,1004,807,4970,4198,4601
gene_1354,900,776,810,925,934,809
gene_1355,737,984,797,928,1077,816
gene_1356,859,775,939,988,715,957
gene_1357,841,885,872,890,990,805
gene_1358,994,822,763,927,793,868
gene_1359,1003,1007,813,343,379,277
gene_1360,880,1011,800,2537,2633,3026
gene_1361,877,884,1055,907,823,806
gene_1362,904,829,821,956,890,830
gene_1363,1025,977,1159,1008,968,925
gene_1364,1007,819,883,3657,4497,4110
gene_1365,890,820,709,794,906,986
gene_1366,978,805,910,753,1003,929
gene_1367,920,833,1028,1071,908,820
gene_1368,800,759,793,773,923,891
gene_1369,950,814,777,995,992,992
gene_1370,869,913,976,962,918,1083
gene_1371,962,833,907,708,813,834
gene_1372,953,844,1070,1075,956,1005
gene_1373,956,777,729,826,996,829
gene_1374,861,882,889,895,847,932
gene_1375,832,823,923,863,1141,1016
gene_1376,1006,1006,911,161,108,165
gene_1377,906,821,1075,875,871,828
gene_1378,901,914,815,923,829,806
gene_1379,1004,1111,770,881,980,840
gene_1380,1085,935,940,884,650,949
gene_1381,1081,941,896,915,810,732
gene_1382,960,712,982,839,1041,1001
gene_1383,860,929,884,2440,2539,2468
gene_1384,934,1098,846,892,794,894
gene_1385,1012,907,980,801,737,716
gene_1386,873,1005,830,167,178,191
gene_1387,844,833,833,4586,3758,3282
gene_1388,1050,995,961,901,754,938
gene_1389,1002,906,717,1074,924,862
gene_1390,970,849,885,186,155,160
gene_1391,895,916,978,949,761,996
gene_1392,1018,725,1081,307,391,273
gene_1393,997,955,1021,777,842,891
gene_1394,892,1063,775,886,959,939
gene_1395,794,835,963,1010,996,753
gene_1396,1041,869,900,844,962,783
gene_1397,959,833,957,957,820,849
gene_1398,830,949,884,966,891,922
gene_1399,757,940,976,822,965,812
gene_1400,960,1014,830,938,817,1085
gene_1401,869,885,715,1112,955,1060
gene_1402,1020,809,870,895,865,1188
gene_1403,946,1030,911,876,901,793
gene_1404,903,922,984,887,858,1022
gene_1405,861,947,996,264,276,330
gene_1406,961,768,823,903,854,914
gene_1407,838,727,934,899,969,942
gene_1408,992,862,926,923,1116,862
gene_1409,838,1016,916,830,756,959
gene_1410,846,882,756,974,926,897
gene_1411,1009,806,865,821,904,939
gene_1412,1063,842,886,924,768,950
gene_1413,869,854,904,947,883,1038
gene_1414,815,861,1173,921,936,835
gene_1415,923,866,884,830,949,773
gene_1416,1097,1032,748,914,928,838
gene_1417,860,887,1012,796,644,887
gene_1418,955,863,924,1197,788,1096
gene_1419,993,731,979,894,856,905
gene_1420,817,859,954,925,861,755
gene_1421,932,930,952,955,844,861
gene_1422,871,852,714,836,795,886
gene_1423,979,844,987,1140,941,1085
gene_1424,835,1002,844,729,1078,858
gene_1425,828,896,863,1053,811,851
gene_1426,940,851,813,867,941,1106
gene_1427,847,810,800,849,750,892
gene_1428,779,852,892,937,970,964
gene_1429,888,756,865,935,900,1004
gene_1430,943,979,897,925,979,925
gene_1431,942,779,1045,1022,848,934
gene_1432,930,813,833,882,930,903
gene_1433,903,1092,972,787,858,899
gene_1434,964,938,830,964,947,843
gene_1435,842,973,982,886,1017,758
gene_1436,903,855,1135,850,983,1038
gene_1437,768,984,727,818,775,965
gene_1438,815,788,964,814,1003,1015
gene_1439,815,1136,889,922,675,1027
gene_1440,868,748,826,901,805,1031
gene_1441,791,700,853,769,884,888
gene_1442,933,890,899,997,896,810
gene_1443,1074,1031,1027,796,723,816
gene_1444,1001,869,988,743,975,1047
gene_1445,829,874,854,768,803,906
gene_1446,751,878,901,1048,1085,924
gene_1447,769,943,936,709,930,901
gene_1448,945,1050,1010,838,1035,904
gene_1449,873,984,924,977,760,771
gene_1450,857,927,908,916,792,955
gene_1451,1003,1014,870,850,868,997
gene_1452,971,897,957,883,1010,993
gene_1453,938,815,820,762,770,867
gene_1454,819,1017,752,881,809,935
gene_1455,849,921,644,3937,3659,3754
gene_1456,878,792,1052,951,892,770
gene_1457,926,937,876,1011,872,779
gene_1458,865,938,803,804,833,827
gene_1459,903,825,1070,931,815,916
gene_1460,871,944,862,1066,956,849
gene_1461,799,938,832,223,248,287
gene_1462,924,812,1016,956,898,928
gene_1463,796,1007,1021,825,781,1028
gene_1464,858,1067,916,988,845,796
gene_1465,903,854,827,768,944,798
gene_1466,912,816,804,645,854,726
gene_1467,761,844,879,788,907,824
gene_1468,1040,877,808,972,849,932
gene_1469,934,936,850,726,1060,811
gene_1470,856,900,918,1021,1045,821
gene_1471,1020,810,963,945,902,766
gene_1472,869,939,726,823,929,795
gene_1473,958,761,914,815,807,887
gene_1474,902,960,690,947,896,943
gene_1475,839,930,871,179,187,202
gene_1476,955,839,839,2732,2992,2851
gene_1477,861,823,878,1023,860,847
gene_1478,1040,645,789,1107,1020,715
gene_1479,832,882,876,911,881,935
gene_1480,899,877,925,823,958,830
gene_1481,1010,796,955,1002,878,944
gene_1482,1101,924,1148,855,936,972
gene_1483,757,893,1112,774,1021,948
gene_1484,890,874,948,894,843,712
gene_1485,916,985,750,966,725,929
gene_1486,934,821,665,906,885,1060
gene_1487,774,1096,931,2892,2650,2983
gene_1488,841,781,784,790,758,863
gene_1489,889,925,846,1979,2472,2110
gene_1490,857,914,789,1058,956,722
gene_1491,962,896,813,2584,2819,2665
gene_1492,1157,759,821,207,227,265
gene_1493,813,769,894,799,950,975
gene_1494,991,987,1022,909,983,677
gene_1495,790,882,699,1008,909,956
gene_1496,901,885,964,712,777,750
gene_1497,829,806,769,3396,3195,2960
gene_1498,889,1020,795,871,811,811
gene_1499,1060,820,867,934,1002,833
gene_1500,866,961,829,965,926,1027
gene_1501,948,807,812,915,817,747
gene_1502,916,882,963,895,908,1098
gene_1503,931,928,1063,951,907,1041
gene_1504,917,863,842,773,681,986
gene_1505,848,911,1049,971,1194,1066
gene_1506,886,836,995,837,971,840
gene_1507,990,958,845,827,971,861
gene_1508,861,1021,905,1178,1064,874
gene_1509,914,829,805,895,899,1005
gene_1510,788,893,994,808,850,759
gene_1511,916,786,977,951,786,776
gene_1512,916,816,869,995,996,661
gene_1513,860,934,876,941,780,783
gene_1514,833,935,1003,1073,870,941
gene_1515,945,924,1038,726,671,793
gene_1516,865,738,957,841,877,866
gene_1517,994,774,934,823,819,1004
gene_1518,932,716,838,765,953,842
gene_1519,987,928,813,977,1126,854
gene_1520,827,953,1155,964,875,1006
gene_1521,945,752,878,901,1121,1056
gene_1522,1006,970,938,1058,911,889
gene_1523,949,785,1060,947,809,733
gene_1524,882,930,1026,897,900,961
gene_1525,824,891,726,5075,3446,4499
gene_1526,938,864,723,934,992,780
gene_1527,962,919,1032,755,910,790
gene_1528,882,1024,920,958,950,960
gene_1529,912,786,884,932,839,895
gene_1530,860,911,1096,975,938,881
gene_1531,939,927,1061,897,946,931
gene_1532,943,818,816,740,968,986
gene_1533,967,1070,850,1027,886,879
gene_1534,784,1056,897,797,1126,966
gene_1535,873,994,773,648,950,817
gene_1536,865,775,873,1082,992,715
gene_1537,979,1023,970,975,917,1008
gene_1538,824,759,937,860,908,1019
gene_1539,895,919,870,1193,899,1134
gene_1540,1138,830,943,906,874,982
gene_1541,904,756,887,1020,778,1025
gene_1542,918,944,970,952,861,856
gene_1543,778,879,1025,799,814,854
gene_1544,902,743,951,1022,777,979
gene_1545,926,781,824,954,1031,923
gene_1546,873,876,888,847,923,800
gene_1547,972,734,943,999,923,1002
gene_1548,1010,1006,867,920,834,960
gene_1549,1058,832,990,985,997,1119
gene_1550,831,863,859,786,859,824
gene_1551,800,969,887,892,831,793
gene_1552,817,1063,913,998,1079,808
gene_1553,987,856,816,189,198,188
gene_1554,899,1016,871,837,802,768
gene_1555,953,795,1033,847,909,979
gene_1556,758,843,857,890,982,674
gene_1557,803,914,917,893,930,981
gene_1558,1064,773,927,786,895,895
gene_1559,1041,830,962,860,843,999
gene_1560,1087,983,903,894,951,951
gene_1561,904,749,1054,939,814,722
gene_1562,1076,1025,890,844,820,848
gene_1563,679,958,842,854,839,841
gene_1564,911,776,896,906,859,932
gene_1565,872,957,1064,978,798,872
gene_1566,864,1004,936,821,804,883
gene_1567,883,1125,884,720,856,796
gene_1568,1029,780,905,736,816,975
gene_1569,964,1024,949,861,1019,803
gene_1570,846,772,912,887,892,838
gene_1571,798,1035,1055,3741,3606,3942
gene_1572,918,999,773,819,817,667
gene_1573,750,979,977,800,736,768
gene_1574,765,842,853,903,1106,771
gene_1575,1017,890,1172,1053,822,916
gene_1576,1000,828,924,1041,926,889
gene_1577,1045,971,836,884,885,771
gene_1578,873,851,697,785,903,882
gene_1579,1045,954,925,941,1088,821
gene_1580,987,1000,786,883,972,824
gene_1581,990,1032,834,878,1015,974
gene_1582,924,1125,902,3677,4804,4666
gene_1583,902,837,722,843,930,777
gene_1584,758,856,908,814,784,890
gene_1585,1026,972,824,977,717,912
gene_1586,874,999,1132,935,1086,955
gene_1587,833,877,1016,901,876,1025
gene_1588,907,1035,886,861,700,941
gene_1589,848,1042,1051,882,782,785
gene_1590,992,830,821,1058,849,870
gene_1591,1077,909,891,851,879,911
gene_1592,794,874,831,858,857,867
gene_1593,935,952,869,989,977,861
gene_1594,889,818,937,721,873,746
gene_1595,788,1056,927,877,975,943
gene_1596,782,778,905,981,832,913
gene_1597,811,892,848,4672,4341,3820
gene_1598,906,764,767,903,761,925
gene_1599,977,880,795,895,830,1149
gene_1600,937,838,910,727,839,925
gene_1601,858,1057,836,225,224,231
gene_1602,930,828,732,4562,3868,3730
gene_1603,1081,867,821,734,864,760
gene_1604,875,891,763,847,905,945
gene_1605,1010,751,701,760,920,794
gene_1606,814,840,1099,801,752,919
gene_1607,927,798,783,3448,4379,3881
gene_1608,950,837,773,3290,3553,4274
gene_1609,1022,1062,928,1115,1187,972
gene_1610,780,840,827,982,928,926
gene_1611,755,840,1052,907,860,868
gene_1612,792,814,764,912,808,1060
gene_1613,885,1005,897,265,214,304
gene_1614,1056,858,692,945,1009,893
gene_1615,824,865,830,980,896,975
gene_1616,976,945,831,788,795,1180
gene_1617,892,1107,889,835,820,827
gene_1618,966,1246,973,872,955,958
gene_1619,808,724,854,800,1012,841
gene_1620,913,761,909,885,963,984
gene_1621,654,798,1002,729,960,854
gene_1622,904,866,891,866,859,807
gene_1623,949,1003,855,227,186,219
gene_1624,785,946,974,751,949,759
gene_1625,941,796,873,890,819,1004
gene_1626,974,1038,905,690,728,994
gene_1627,755,897,763,796,891,868
gene_1628,795,862,780,1011,838,847
gene_1629,946,775,946,888,734,828
gene_1630,791,835,951,730,863,969
gene_1631,875,840,842,896,894,816
gene_1632,863,798,865,220,239,217
gene_1633,907,905,922,284,310,350
gene_1634,794,993,797,3671,3512,3650
gene_1635,963,919,663,764,1017,982
gene_1636,781,796,1004,934,743,962
gene_1637,829,823,822,914,1025,830
gene_1638,964,817,852,848,960,761
gene_1639,731,1033,681,239,235,239
gene_1640,772,856,826,946,914,787
gene_1641,991,821,936,796,713,851
gene_1642,864,1008,933,2802,3119,2551
gene_1643,733,806,870,882,896,858
gene_1644,942,1092,727,972,906,893
gene_1645,855,876,717,869,876,900
gene_1646,997,795,835,768,1049,996
gene_1647,852,761,884,891,903,824
gene_1648,907,1032,915,865,868,848
gene_1649,828,1052,819,893,1104,920
gene_1650,917,837,747,675,1013,939
gene_1651,839,1069,919,877,889,903
gene_1652,757,761,886,774,836,1003
gene_1653,1044,898,871,623,988,1100
gene_1654,991,1045,931,873,953,790
gene_1655,791,934,855,816,854,900
gene_1656,942,1035,734,973,799,886
gene_1657,819,1021,781,878,861,781
gene_1658,947,869,770,992,986,897
gene_1659,978,768,928,949,786,974
gene_1660,968,1052,818,841,732,954
gene_1661,871,1013,895,894,857,906
gene_1662,786,918,777,692,864,867
gene_1663,995,863,979,869,1103,1083
gene_1664,922,901,919,3085,2905,3504
gene_1665,968,812,892,828,864,866
gene_1666,944,915,826,805,888,939
gene_1667,738,955,871,848,790,945
gene_1668,955,1006,962,961,888,975
gene_1669,990,928,916,898,695,1085
gene_1670,1077,1058,1070,887,980,978
gene_1671,1003,804,799,95,95,96
gene_1672,790,1016,787,2923,3130,3197
gene_1673,653,830,1014,889,941,1000
gene_1674,927,939,1042,790,806,742
gene_1675,969,912,1209,844,957,864
gene_1676,823,1065,808,942,1010,899
gene_1677,935,813,911,959,881,824
gene_1678,1069,771,712,856,890,840
gene_1679,699,974,892,871,813,910
gene_1680,1004,795,894,907,865,836
gene_1681,869,1002,824,915,813,982
gene_1682,844,805,753,897,1009,832
gene_1683,1057,1054,981,877,933,960
gene_1684,958,808,800,959,752,867
gene_1685,946,912,798,852,855,850
gene_1686,957,811,853,874,858,836
gene_1687,818,691,828,3112,3058,2963
gene_1688,777,915,929,187,233,228
gene_1689,944,894,830,759,900,730
gene_1690,837,1029,770,993,790,851
gene_1691,827,819,877,968,945,947
gene_1692,807,795,1147,893,919,890
gene_1693,1028,740,838,794,774,846
gene_1694,1108,1128,919,177,205,218
gene_1695,915,877,843,844,929,957
gene_1696,802,853,958,905,926,916
gene_1697,997,1030,900,967,971,1003
gene_1698,865,745,935,832,985,834
gene_1699,1007,979,944,899,999,945
gene_1700,895,1035,764,946,892,911
gene_1701,921,853,993,851,789,832
gene_1702,1083,780,1034,986,963,853
gene_1703,990,892,923,2385,1938,2425
gene_1704,855,1094,775,858,799,960
gene_1705,857,913,1062,3727,3062,3477
gene_1706,896,950,866,781,710,972
gene_1707,972,989,874,708,831,890
gene_1708,879,822,943,947,983,944
gene_1709,908,931,923,939,966,977
gene_1710,869,842,893,894,929,898
gene_1711,950,907,840,985,828,787
gene_1712,892,851,767,877,875,848
gene_1713,873,964,861,3080,3502,3431
gene_1714,970,923,808,862,912,969
gene_1715,1035,803,1049,1020,1082,847
gene_1716,803,1004,923,1041,940,918
gene_1717,865,894,792,3107,3409,2948
gene_1718,973,831,878,712,897,1056
gene_1719,805,940,941,5031,3657,4550
gene_1720,950,930,1103,2178,2878,2319
gene_1721,865,808,940,259,326,316
gene_1722,707,753,936,1101,1012,897
gene_1723,848,904,759,939,923,796
gene_1724,932,991,1089,3140,4537,3110
gene_1725,911,850,826,960,867,947
gene_1726,985,956,824,818,922,885
gene_1727,864,844,988,3563,4203,3659
gene_1728,646,866,674,864,956,746
gene_1729,840,1025,754,796,892,889
gene_1730,954,918,782,831,917,931
gene_1731,845,986,815,2741,3029,3220
gene_1732,990,830,858,1004,828,885
gene_1733,887,1051,729,854,941,1038
gene_1734,950,942,1029,758,860,931
gene_1735,802,794,921,885,926,868
gene_1736,1018,843,817,786,821,870
gene_1737,817,886,791,897,791,849
gene_1738,811,936,777,2731,2909,2820
gene_1739,843,945,875,927,822,978
gene_1740,996,835,996,841,766,1026
gene_1741,946,999,967,1075,847,925
gene_1742,907,904,786,846,707,860
gene_1743,849,784,827,983,828,814
gene_1744,945,955,981,813,993,939
gene_1745,881,1045,834,905,921,921
gene_1746,953,947,741,169,151,163
gene_1747,917,1044,960,985,956,872
gene_1748,846,867,1019,2514,2730,2939
gene_1749,861,797,936,853,899,875
gene_1750,799,930,853,823,881,1008
gene_1751,1003,838,970,932,844,837
gene_1752,833,868,1014,895,832,880
gene_1753,802,730,826,3444,3563,3392
gene_1754,971,1083,773,907,797,805
gene_1755,977,739,886,807,832,990
gene_1756,714,851,938,1030,1012,885
gene_1757,875,905,981,1094,930,796
gene_1758,724,863,956,993,899,895
gene_1759,940,935,959,934,926,955
gene_1760,825,985,952,781,787,707
gene_1761,933,895,870,922,889,878
gene_1762,947,887,863,1019,897,1010
gene_1763,971,995,794,955,914,967
gene_1764,809,966,737,903,823,829
gene_1765,873,944,973,967,837,960
gene_1766,968,867,748,2438,2632,2034
gene_1767,799,1007,753,792,864,863
gene_1768,981,864,870,762,820,770
gene_1769,859,1022,847,917,1058,939
gene_1770,858,811,741,1123,798,998
gene_1771,798,955,805,272,254,270
gene_1772,925,914,773,991,1012,913
gene_1773,872,811,1015,843,837,996
gene_1774,811,860,876,832,786,877
gene_1775,948,896,965,814,1011,865
gene_1776,884,915,827,776,859,966
gene_1777,1003,944,930,843,775,904
gene_1778,869,950,1002,908,1011,1012
gene_1779,826,826,884,957,804,943
gene_1780,779,871,773,1001,780,982
gene_1781,881,900,1041,784,912,972
gene_1782,987,880,889,895,1019,894
gene_1783,1001,901,761,94,107,106
gene_1784,824,765,894,768,906,918
gene_1785,840,990,972,861,935,956
gene_1786,842,1026,919,900,887,708
gene_1787,773,881,965,1221,832,864
gene_1788,1055,1050,914,792,803,850
gene_1789,788,784,936,934,1017,1019
gene_1790,947,975,735,959,970,806
gene_1791,942,877,745,1038,861,767
gene_1792,808,756,914,889,959,840
gene_1793,858,932,834,935,976,1032
gene_1794,887,946,850,919,1158,1018
gene_1795,706,795,867,970,827,842
gene_1796,819,840,980,729,918,912
gene_1797,704,987,855,884,852,775
gene_1798,971,891,1048,909,880,1112
gene_1799,862,918,734,944,847,757
gene_1800,822,897,854,3948,3433,4195
gene_1801,1001,1079,854,4113,3854,4144
gene_1802,724,799,982,314,334,281
gene_1803,1059,905,827,808,858,850
gene_1804,1028,845,796,925,1084,944
gene_1805,929,900,993,814,918,923
gene_1806,835,917,906,769,883,910
gene_1807,1101,845,950,883,717,934
gene_1808,1005,1032,829,941,1199,1014
gene_1809,1128,871,842,989,940,894
gene_1810,1009,943,878,990,839,836
gene_1811,846,849,1002,767,946,927
gene_1812,1151,874,1037,900,966,754
gene_1813,1102,738,943,827,1011,908
gene_1814,792,877,782,834,996,1016
gene_1815,1031,881,907,875,854,913
gene_1816,900,1130,877,717,959,709
gene_1817,964,895,926,322,301,325
gene_1818,918,891,762,798,880,974
gene_1819,794,982,812,247,223,298
gene_1820,956,989,855,867,813,861
gene_1821,881,784,978,2985,2543,3502
gene_1822,852,1055,1003,854,839,916
gene_1823,822,918,909,934,831,796
gene_1824,972,962,945,856,927,825
gene_1825,844,782,1111,749,923,723
gene_1826,815,768,1129,967,977,1015
gene_1827,905,1057,833,2519,2401,2699
gene_1828,937,751,779,842,958,818
gene_1829,757,1086,923,793,777,1102
gene_1830,775,931,917,2920,2314,2293
gene_1831,977,847,947,864,919,957
gene_1832,1032,976,1004,4844,3755,4521
gene_1833,856,864,861,1072,947,938
gene_1834,728,850,880,897,961,927
gene_1835,802,768,905,848,763,1010
gene_1836,813,955,854,912,924,1124
gene_1837,829,846,869,832,804,908
gene_1838,906,836,866,969,864,851
gene_1839,968,907,849,928,791,617
gene_1840,739,881,835,919,837,991
gene_1841,967,873,909,788,931,994
gene_1842,873,844,963,812,900,791
gene_1843,802,891,924,721,1160,886
gene_1844,836,883,965,886,924,943
gene_1845,772,854,1064,1002,749,773
gene_1846,920,901,1026,795,1006,958
gene_1847,1009,1038,1020,1003,893,1044
gene_1848,941,982,911,944,980,808
gene_1849,892,1029,882,832,953,881
gene_1850,952,987,934,757,948,821
gene_1851,830,964,1005,998,881,745
gene_1852,941,754,769,971,853,900
gene_1853,1071,938,914,861,838,1016
gene_1854,947,983,860,984,838,894
gene_1855,857,924,998,927,983,809
gene_1856,1021,1027,924,999,859,903
gene_1857,1047,923,940,895,909,853
gene_1858,1035,838,820,778,892,779
gene_1859,987,828,862,905,957,959
gene_1860,973,911,796,944,873,908
gene_1861,880,890,995,1027,1125,827
gene_1862,786,826,817,966,1058,812
gene_1863,777,1017,790,970,750,958
gene_1864,879,981,967,987,1004,859
gene_1865,867,795,706,788,1177,905
gene_1866,1013,897,787,769,898,1036
gene_1867,985,1175,939,883,904,844
gene_1868,919,805,749,960,988,1008
gene_1869,836,964,1021,202,208,175
gene_1870,950,877,745,823,659,909
gene_1871,708,1159,1011,1000,907,756
gene_1872,776,883,1143,915,833,977
gene_1873,938,904,997,890,897,956
gene_1874,852,937,853,836,771,874
gene_1875,925,925,945,788,811,797
gene_1876,848,769,859,999,855,922
gene_1877,823,1093,992,953,920,924
gene_1878,851,908,865,891,853,759
gene_1879,747,845,835,848,915,991
gene_1880,872,983,1037,963,896,923
gene_1881,952,905,835,782,917,1129
gene_1882,973,947,897,1064,1011,985
gene_1883,841,951,972,946,914,833
gene_1884,1034,760,963,1133,856,942
gene_1885,1028,887,926,998,935,1068
gene_1886,859,1049,981,920,909,870
gene_1887,863,965,1068,997,935,963
gene_1888,917,892,796,917,850,830
gene_1889,903,831,874,796,961,879
gene_1890,944,746,915,900,887,1068
gene_1891,825,834,764,1149,915,869
gene_1892,936,969,1002,869,975,840
gene_1893,1253,759,905,1090,874,706
gene_1894,846,1009,783,120,125,121
gene_1895,965,883,783,913,945,782
gene_1896,801,940,845,852,851,830
gene_1897,840,851,1013,4048,4230,4235
gene_1898,844,798,823,880,841,1010
gene_1899,795,860,890,926,884,956
gene_1900,763,872,891,849,1132,1167
gene_1901,844,897,978,917,1011,919
gene_1902,892,1088,763,797,1021,963
gene_1903,762,977,918,952,920,965
gene_1904,1055,803,947,861,842,961
gene_1905,860,1046,915,1023,884,1055
gene_1906,811,839,936,815,795,923
gene_1907,1080,956,788,748,903,942
gene_1908,835,868,863,925,841,899
gene_1909,825,866,854,1053,1066,932
gene_1910,809,914,778,816,890,971
gene_1911,875,954,1025,762,891,977
gene_1912,833,951,826,803,1143,1005
gene_1913,898,879,853,235,266,258
gene_1914,847,855,961,755,934,879
gene_1915,783,920,824,859,799,901
gene_1916,1040,821,751,4105,3875,3948
gene_1917,958,906,1027,2255,2099,2136
gene_1918,793,1034,906,137,181,145
gene_1919,718,883,867,1004,828,779
gene_1920,1032,859,951,1114,1000,808
gene_1921,987,928,842,911,834,803
gene_1922,862,1002,877,846,876,721
gene_1923,812,1033,989,805,1181,914
gene_1924,853,1014,918,826,946,903
gene_1925,885,868,927,265,287,301
gene_1926,996,847,950,737,1033,851
gene_1927,1061,852,932,824,809,875
gene_1928,812,946,1019,1002,1018,878
gene_1929,968,958,995,895,935,800
gene_1930,920,1042,777,864,964,1151
gene_1931,836,928,912,976,1103,1059
gene_1932,868,824,863,2942,3212,3036
gene_1933,897,937,835,1103,976,849
gene_1934,849,709,792,1060,1069,796
gene_1935,966,1099,949,899,792,861
gene_1936,771,702,996,920,821,1016
gene_1937,788,836,938,825,884,809
gene_1938,901,705,929,290,340,394
gene_1939,852,926,769,1017,971,920
gene_1940,804,903,952,757,1044,1036
gene_1941,849,949,721,3801,3972,3367
gene_1942,882,902,856,992,863,815
gene_1943,956,756,918,996,984,802
gene_1944,801,817,819,2189,2361,2604
gene_1945,875,1087,870,920,1040,1182
gene_1946,933,972,1002,849,928,845
gene_1947,895,886,888,896,905,883
gene_1948,757,942,884,677,908,765
gene_1949,954,856,919,2930,2311,3126
gene_1950,899,773,1003,917,743,944
gene_1951,1029,882,1115,925,790,933
gene_1952,1143,887,755,1075,1046,862
gene_1953,819,896,964,1038,932,966
gene_1954,826,864,991,1087,844,980
gene_1955,882,935,1019,2522,2533,2407
gene_1956,993,899,852,866,841,1014
gene_1957,917,948,810,982,844,887
gene_1958,757,993,934,869,919,796
gene_1959,984,854,788,946,891,841
gene_1960,902,892,882,837,807,928
gene_1961,935,844,836,1018,773,928
gene_1962,740,814,881,884,1130,1000
gene_1963,856,997,748,3725,4063,3673
gene_1964,899,872,947,205,245,202
gene_1965,679,887,829,973,816,856
gene_1966,848,736,975,884,856,803
gene_1967,871,1067,884,940,861,898
gene_1968,973,889,757,883,899,1023
gene_1969,912,748,822,1038,843,784
gene_1970,882,1006,963,882,965,919
gene_1971,941,904,882,823,1060,948
gene_1972,844,999,932,3684,3301,3221
gene_1973,849,968,820,161,189,156
gene_1974,835,841,987,951,1069,885
gene_1975,933,1064,1078,1031,772,801
gene_1976,761,993,858,945,704,1078
gene_1977,1008,768,1094,915,963,809
gene_1978,917,854,1004,874,1042,953
gene_1979,904,947,903,880,1077,752
gene_1980,730,910,906,845,945,884
gene_1981,934,907,947,1086,982,828
gene_1982,897,1017,846,871,848,847
gene_1983,821,850,1089,2019,2190,2172
gene_1984,974,902,950,4022,4312,4007
gene_1985,742,875,895,905,1043,825
gene_1986,918,1024,1133,832,869,863
gene_1987,844,864,739,855,888,988
gene_1988,877,894,804,884,1095,753
gene_1989,1041,903,767,947,938,692
gene_1990,1094,859,938,868,812,794
gene_1991,992,784,990,5346,4512,5078
gene_1992,1033,1120,693,3953,3270,3516
gene_1993,782,947,946,915,804,821
gene_1994,927,1022,901,828,958,944
gene_1995,949,932,947,908,965,897
gene_1996,979,1020,1006,711,928,797
gene_1997,731,906,874,907,876,988
gene_1998,930,785,886,949,861,927
gene_1999,866,861,934,841,788,956
gene_2000,857,935,733,943,955,809
